"","date","MarketCap","Adj_Price","NetBuyAmount_Inst","NetBuyAmount_Frgn"
"3",2000-01-04,24920,1980,0,0
"4",2000-01-05,21952,1744,0,0
"5",2000-01-06,24584,1954,0,0
"6",2000-01-07,27440,2180,0,0
"7",2000-01-10,27440,2180,0,0
"8",2000-01-11,30660,2436,0,0
"9",2000-01-12,34300,2726,0,0
"10",2000-01-13,30240,2403,0,0
"11",2000-01-14,26740,2125,0,0
"12",2000-01-17,23548,1871,0,0
"13",2000-01-18,20748,1649,0,0
"14",2000-01-19,18284,1453,0,0
"15",2000-01-20,20440,1624,0,0
"16",2000-01-21,22400,1780,0,0
"17",2000-01-24,25032,1989,0,0
"18",2000-01-25,22036,1751,0,0
"19",2000-01-26,23660,1880,0,0
"20",2000-01-27,20832,1655,0,0
"21",2000-01-28,21448,1704,0,0
"22",2000-01-31,18900,1502,0,0
"23",2000-02-01,16632,1322,0,0
"24",2000-02-02,15120,1201,0,0
"25",2000-02-03,16912,1344,0,0
"26",2000-02-07,18928,1504,0,0
"27",2000-02-08,21196,1684,0,0
"28",2000-02-09,23716,1885,0,0
"29",2000-02-10,25200,2002,0,0
"30",2000-02-11,26460,2103,0,0
"31",2000-02-14,23296,1851,0,0
"32",2000-02-15,20552,1633,0,0
"33",2000-02-16,21840,1735,0,0
"34",2000-02-17,22400,1780,0,0
"35",2000-02-18,23240,1847,0,0
"36",2000-02-21,20468,1626,0,0
"37",2000-02-22,22904,1820,0,0
"38",2000-02-23,22400,1780,0,0
"39",2000-02-24,25088,1994,0,0
"40",2000-02-25,28000,2225,0,0
"41",2000-02-28,31360,2492,0,0
"42",2000-02-29,35000,2781,0,0
"43",2000-03-02,30800,2447,0,0
"44",2000-03-03,33600,2670,0,0
"45",2000-03-06,37520,2981,0,0
"46",2000-03-07,36400,2892,0,0
"47",2000-03-08,35000,2781,0,0
"48",2000-03-09,35840,2848,0,0
"49",2000-03-10,36260,2881,0,0
"50",2000-03-13,35980,2859,0,0
"51",2000-03-14,33460,2659,0,0
"52",2000-03-15,37380,2970,0,0
"53",2000-03-16,41860,3326,0,0
"54",2000-03-17,46760,3716,0,0
"55",2000-03-20,52360,4161,0,0
"56",2000-03-21,46200,3671,0,0
"57",2000-03-22,40740,3237,0,0
"58",2000-03-23,38220,3037,0,0
"59",2000-03-24,42280,3360,0,0
"60",2000-03-27,44800,3560,0,0
"61",2000-03-28,43960,3493,0,0
"62",2000-03-29,43400,3449,0,0
"63",2000-03-30,48580,3860,0,0
"64",2000-03-31,54320,4316,0,0
"65",2000-04-03,54040,4294,0,0
"66",2000-04-04,47600,3782,0,0
"67",2000-04-06,50400,4005,0,0
"68",2000-04-07,50680,4027,0,0
"69",2000-04-10,56700,4506,0,0
"70",2000-04-11,63420,5040,0,0
"71",2000-04-12,70980,5640,0,0
"72",2000-04-14,62580,4973,0,0
"73",2000-04-17,55160,4383,0,0
"74",2000-04-18,48580,3860,0,0
"75",2000-04-19,43120,3426,0,0
"76",2000-04-20,48160,3827,0,0
"77",2000-04-21,43540,3460,0,0
"78",2000-04-24,43120,3426,0,0
"79",2000-04-25,39200,3115,0,0
"80",2000-04-26,39480,3137,0,0
"81",2000-04-27,42000,3337,0,0
"82",2000-04-28,39480,3137,0,0
"83",2000-05-02,37940,3015,0,0
"84",2000-05-03,39760,3159,0,0
"85",2000-05-04,40600,3226,0,0
"86",2000-05-08,45360,3604,0,0
"87",2000-05-09,42560,3382,0,0
"88",2000-05-10,45640,3627,0,0
"89",2000-05-12,49000,3894,0,0
"90",2000-05-15,52640,4183,0,0
"91",2000-05-16,46900,3727,0,0
"92",2000-05-17,49840,3960,0,0
"93",2000-05-18,53200,4227,0,0
"94",2000-05-19,46900,3727,0,0
"95",2000-05-22,41300,3282,0,0
"96",2000-05-23,36400,2892,0,0
"97",2000-05-24,32060,2548,0,0
"98",2000-05-25,34160,2714,0,0
"99",2000-05-26,30100,2392,0,0
"100",2000-05-29,26880,2136,0,0
"101",2000-05-30,29820,2370,0,0
"102",2000-05-31,33320,2648,0,0
"103",2000-06-01,32200,2559,0,0
"104",2000-06-02,32340,2570,0,0
"105",2000-06-05,33320,2648,0,0
"106",2000-06-07,33460,2659,0,0
"107",2000-06-08,30520,2425,0,0
"108",2000-06-09,32200,2559,0,0
"109",2000-06-12,32760,2603,0,0
"110",2000-06-13,30800,2447,0,0
"111",2000-06-14,33180,2637,0,0
"112",2000-06-15,34160,2714,0,0
"113",2000-06-16,33600,2670,0,0
"114",2000-06-19,32200,2559,0,0
"115",2000-06-20,32760,2603,0,0
"116",2000-06-21,32480,2581,0,0
"117",2000-06-22,32200,2559,0,0
"118",2000-06-23,31640,2514,0,0
"119",2000-06-26,31080,2470,0,0
"120",2000-06-27,30800,2447,0,0
"121",2000-06-28,34440,2737,0,0
"122",2000-06-29,32480,2581,0,0
"123",2000-06-30,31500,2503,0,0
"124",2000-07-03,30240,2403,0,0
"125",2000-07-04,31080,2470,0,0
"126",2000-07-05,34720,2759,0,0
"127",2000-07-06,38780,3082,0,0
"128",2000-07-07,37800,3004,0,0
"129",2000-07-10,37520,2981,0,0
"130",2000-07-11,33320,2648,0,0
"131",2000-07-12,31360,2492,0,0
"132",2000-07-13,31640,2514,0,0
"133",2000-07-14,31640,2514,0,0
"134",2000-07-18,33320,2648,0,0
"135",2000-07-19,32200,2559,1967,0
"136",2000-07-20,31080,2470,-1508,0
"137",2000-07-21,34720,2759,-328,0
"138",2000-07-24,35000,2781,0,0
"139",2000-07-25,32200,2559,0,0
"140",2000-07-26,32620,2592,0,0
"141",2000-07-27,33600,2670,0,0
"142",2000-07-28,33600,2670,0,0
"143",2000-07-31,33320,2648,0,0
"144",2000-08-01,34300,2726,0,0
"145",2000-08-02,36680,2915,0,0
"146",2000-08-03,36680,2915,0,0
"147",2000-08-04,41020,3260,0,0
"148",2000-08-07,39060,3104,0,0
"149",2000-08-08,39200,3115,0,0
"150",2000-08-09,36400,2892,0,0
"151",2000-08-10,35840,2848,0,0
"152",2000-08-11,35700,2837,0,0
"153",2000-08-14,34440,2737,0,0
"154",2000-08-16,34020,2703,0,0
"155",2000-08-17,35280,2803,0,0
"156",2000-08-18,34020,2703,0,0
"157",2000-08-21,34720,2759,0,0
"158",2000-08-22,34020,2703,0,0
"159",2000-08-23,33460,2659,0,0
"160",2000-08-24,33880,2692,0,0
"161",2000-08-25,35280,2803,0,0
"162",2000-08-28,36680,2915,0,0
"163",2000-08-29,36400,2892,0,0
"164",2000-08-30,34440,2737,0,0
"165",2000-08-31,33880,2692,0,0
"166",2000-09-01,33320,2648,0,0
"167",2000-09-04,32620,2592,0,0
"168",2000-09-05,32900,2614,0,0
"169",2000-09-06,33040,2625,0,0
"170",2000-09-07,30800,2447,0,0
"171",2000-09-08,29120,2314,0,0
"172",2000-09-14,26712,2123,0,0
"173",2000-09-15,25760,2047,0,0
"174",2000-09-18,22680,1802,0,0
"175",2000-09-19,19964,1586,0,0
"176",2000-09-20,20160,1602,0,0
"177",2000-09-21,19320,1535,0,0
"178",2000-09-22,17024,1353,0,0
"179",2000-09-25,16268,1293,0,0
"180",2000-09-26,17500,1391,0,0
"181",2000-09-27,18844,1497,0,0
"182",2000-09-28,18844,1497,0,0
"183",2000-09-29,19852,1578,0,0
"184",2000-10-02,20160,1602,0,0
"185",2000-10-04,20496,1629,0,0
"186",2000-10-05,20860,1658,0,0
"187",2000-10-06,21252,1689,0,0
"188",2000-10-09,21420,1702,0,0
"189",2000-10-10,21252,1689,0,0
"190",2000-10-11,20720,1646,0,0
"191",2000-10-12,20944,1664,0,0
"192",2000-10-13,19096,1517,0,0
"193",2000-10-16,21000,1669,0,0
"194",2000-10-17,20384,1620,0,0
"195",2000-10-18,19880,1580,0,0
"196",2000-10-19,18928,1504,0,0
"197",2000-10-20,19320,1535,0,0
"198",2000-10-23,18760,1491,0,0
"199",2000-10-24,18648,1482,0,0
"200",2000-10-25,19572,1555,0,0
"201",2000-10-26,21896,1740,0,0
"202",2000-10-27,24500,1947,0,0
"203",2000-10-30,22680,1802,0,0
"204",2000-10-31,22932,1822,0,0
"205",2000-11-01,25676,2040,0,0
"206",2000-11-02,25760,2047,0,0
"207",2000-11-03,28840,2292,0,206
"208",2000-11-06,32200,2559,0,-216
"209",2000-11-07,35980,2859,0,0
"210",2000-11-08,40180,3193,1036,0
"211",2000-11-09,44940,3571,0,0
"212",2000-11-10,39620,3148,-1436,0
"213",2000-11-13,35000,2781,0,0
"214",2000-11-14,39200,3115,0,0
"215",2000-11-15,40320,3204,0,0
"216",2000-11-16,36400,2892,0,0
"217",2000-11-17,33880,2692,0,0
"218",2000-11-20,32200,2559,0,0
"219",2000-11-21,35980,2859,0,0
"220",2000-11-22,32760,2603,0,0
"221",2000-11-23,28980,2303,0,0
"222",2000-11-24,29680,2358,0,0
"223",2000-11-27,29820,2370,0,0
"224",2000-11-28,27440,2180,0,0
"225",2000-11-29,29120,2314,0,0
"226",2000-11-30,27440,2180,0,0
"227",2000-12-01,27720,2203,0,0
"228",2000-12-04,27580,2192,201,0
"229",2000-12-05,27412,2178,0,0
"230",2000-12-06,26768,2127,-198,0
"231",2000-12-07,29960,2381,418,0
"232",2000-12-08,29680,2358,316,0
"233",2000-12-11,31500,2503,-132,0
"234",2000-12-12,35280,2803,-723,0
"235",2000-12-13,39480,3137,0,0
"236",2000-12-14,44100,3504,0,0
"237",2000-12-15,38920,3093,417,0
"238",2000-12-18,35000,2781,-405,0
"239",2000-12-19,39200,3115,0,0
"240",2000-12-20,34860,2770,0,0
"241",2000-12-21,30800,2447,0,0
"242",2000-12-22,27160,2158,0,0
"243",2000-12-26,23940,1902,0,0
"244",2001-01-02,26796,2129,0,0
"245",2001-01-03,28000,2225,0,0
"246",2001-01-04,29120,2314,0,0
"247",2001-01-05,28560,2269,0,0
"248",2001-01-08,31920,2536,0,0
"249",2001-01-09,35700,2837,0,0
"250",2001-01-10,31500,2503,0,0
"251",2001-01-11,32900,2614,0,0
"252",2001-01-12,33040,2625,0,0
"253",2001-01-15,32760,2603,0,0
"254",2001-01-16,36680,2915,0,0
"255",2001-01-17,32620,2592,0,0
"256",2001-01-18,32760,2603,0,0
"257",2001-01-19,32620,2592,0,0
"258",2001-01-22,32760,2603,0,0
"259",2001-01-26,32340,2570,0,0
"260",2001-01-29,32480,2581,0,0
"261",2001-01-30,36260,2881,0,0
"262",2001-01-31,33180,2637,0,0
"263",2001-02-01,33880,2692,0,0
"264",2001-02-02,33740,2681,0,0
"265",2001-02-05,35140,2792,0,0
"266",2001-02-06,34160,2714,0,0
"267",2001-02-07,34720,2759,0,0
"268",2001-02-08,34160,2714,0,0
"269",2001-02-09,34300,2726,0,0
"270",2001-02-12,34160,2714,0,0
"271",2001-02-13,34160,2714,0,0
"272",2001-02-14,34580,2748,0,0
"273",2001-02-15,35420,2815,0,0
"274",2001-02-16,34580,2748,0,0
"275",2001-02-19,34160,2714,0,0
"276",2001-02-20,33880,2692,0,0
"277",2001-02-21,33600,2670,0,0
"278",2001-02-22,31920,2536,0,0
"279",2001-02-23,30800,2447,0,0
"280",2001-02-26,30800,2447,0,0
"281",2001-02-27,33180,2637,44,0
"282",2001-02-28,31360,2492,0,0
"283",2001-03-02,29680,2358,0,0
"284",2001-03-05,29260,2325,0,0
"285",2001-03-06,30520,2425,0,0
"286",2001-03-07,29680,2358,0,0
"287",2001-03-08,30240,2403,0,0
"288",2001-03-09,31360,2492,0,0
"289",2001-03-12,32480,2581,0,0
"290",2001-03-13,28840,2292,-47,0
"291",2001-03-14,29960,2381,0,0
"292",2001-03-15,29260,2325,0,0
"293",2001-03-16,29400,2336,0,0
"294",2001-03-19,28420,2258,0,0
"295",2001-03-20,28560,2269,0,0
"296",2001-03-21,28560,2269,0,0
"297",2001-03-22,28840,2292,0,0
"298",2001-03-23,28140,2236,0,0
"299",2001-03-26,27916,2218,0,0
"300",2001-03-27,27776,2207,0,0
"301",2001-03-28,27580,2192,0,0
"302",2001-03-29,27580,2192,0,0
"303",2001-03-30,26180,2080,0,0
"304",2001-04-02,25116,1996,0,0
"305",2001-04-03,25508,2027,0,0
"306",2001-04-04,24584,1954,0,0
"307",2001-04-06,25396,2018,0,0
"308",2001-04-09,25760,2047,0,0
"309",2001-04-10,25620,2036,0,0
"310",2001-04-11,25368,2016,0,0
"311",2001-04-12,25480,2025,0,0
"312",2001-04-13,26460,2103,0,0
"313",2001-04-16,25760,2047,0,0
"314",2001-04-17,25760,2047,0,0
"315",2001-04-18,25900,2058,0,0
"316",2001-04-19,26096,2074,0,0
"317",2001-04-20,25788,2049,0,0
"318",2001-04-23,25816,2051,0,0
"319",2001-04-24,27832,2212,0,0
"320",2001-04-25,27440,2180,0,0
"321",2001-04-26,26600,2114,0,0
"322",2001-04-27,26572,2112,0,0
"323",2001-04-30,26320,2091,0,0
"324",2001-05-02,26208,2083,0,0
"325",2001-05-03,26460,2103,0,0
"326",2001-05-04,26124,2076,0,0
"327",2001-05-07,26068,2071,0,0
"328",2001-05-08,27580,2192,0,0
"329",2001-05-09,26432,2100,0,0
"330",2001-05-10,27020,2147,0,0
"331",2001-05-11,26628,2116,0,0
"332",2001-05-14,26488,2105,0,0
"333",2001-05-15,26320,2091,0,0
"334",2001-05-16,26320,2091,0,0
"335",2001-05-17,26600,2114,0,0
"336",2001-05-18,26320,2091,0,0
"337",2001-05-21,26768,2127,0,0
"338",2001-05-22,26796,2129,0,0
"339",2001-05-23,27020,2147,0,0
"340",2001-05-24,28560,2269,0,0
"341",2001-05-25,29400,2336,0,0
"342",2001-05-28,28840,2292,0,0
"343",2001-05-29,27580,2192,0,0
"344",2001-05-30,28000,2225,0,0
"345",2001-05-31,26992,2145,0,0
"346",2001-06-01,27020,2147,0,0
"347",2001-06-04,26936,2140,0,0
"348",2001-06-05,26488,2105,0,0
"349",2001-06-07,26320,2091,0,0
"350",2001-06-08,26152,2078,0,0
"351",2001-06-11,26460,2103,0,0
"352",2001-06-12,26236,2085,0,0
"353",2001-06-13,26292,2089,0,0
"354",2001-06-14,25928,2060,0,0
"355",2001-06-15,26068,2071,0,0
"356",2001-06-18,26096,2074,0,0
"357",2001-06-19,26320,2091,0,0
"358",2001-06-20,26292,2089,0,0
"359",2001-06-21,25872,2056,0,0
"360",2001-06-22,25704,2043,0,0
"361",2001-06-25,23072,1833,0,0
"362",2001-06-26,22876,1818,0,0
"363",2001-06-27,22932,1822,0,0
"364",2001-06-28,23016,1829,0,0
"365",2001-06-29,23100,1836,0,0
"366",2001-07-02,23240,1847,0,0
"367",2001-07-03,23436,1862,0,0
"368",2001-07-04,23156,1840,0,0
"369",2001-07-05,22988,1827,0,0
"370",2001-07-06,22736,1807,0,0
"371",2001-07-09,21980,1747,0,0
"372",2001-07-10,22484,1787,0,0
"373",2001-07-11,21560,1713,0,0
"374",2001-07-12,21980,1747,0,0
"375",2001-07-13,22120,1758,0,0
"376",2001-07-16,21952,1744,0,0
"377",2001-07-18,21840,1735,0,0
"378",2001-07-19,22344,1776,0,0
"379",2001-07-20,23044,1831,0,0
"380",2001-07-23,21840,1735,0,0
"381",2001-07-24,22316,1773,0,0
"382",2001-07-25,21784,1731,0,0
"383",2001-07-26,22176,1762,0,0
"384",2001-07-27,21700,1724,0,0
"385",2001-07-30,21980,1747,0,0
"386",2001-07-31,22400,1780,0,0
"387",2001-08-01,22540,1791,0,0
"388",2001-08-02,22344,1776,0,0
"389",2001-08-03,22064,1753,0,0
"390",2001-08-06,21588,1715,0,0
"391",2001-08-07,21700,1724,0,0
"392",2001-08-08,21280,1691,0,0
"393",2001-08-09,21560,1713,0,0
"394",2001-08-10,22960,1824,0,0
"395",2001-08-13,22568,1793,0,0
"396",2001-08-14,21644,1720,0,0
"397",2001-08-16,21812,1733,0,0
"398",2001-08-17,21420,1702,0,0
"399",2001-08-20,21028,1671,0,0
"400",2001-08-21,21336,1695,0,0
"401",2001-08-22,21140,1680,0,0
"402",2001-08-23,21000,1669,0,0
"403",2001-08-24,21224,1687,0,0
"404",2001-08-27,21252,1689,0,0
"405",2001-08-28,21364,1698,0,0
"406",2001-08-29,20832,1655,0,0
"407",2001-08-30,20440,1624,0,0
"408",2001-08-31,19068,1515,0,0
"409",2001-09-03,19320,1535,0,0
"410",2001-09-04,19320,1535,0,0
"411",2001-09-05,18956,1506,0,0
"412",2001-09-06,19460,1546,0,0
"413",2001-09-07,19516,1551,0,0
"414",2001-09-10,18984,1509,0,0
"415",2001-09-11,18788,1493,0,0
"416",2001-09-12,16548,1315,0,0
"417",2001-09-13,17080,1357,0,0
"418",2001-09-14,15820,1257,0,0
"419",2001-09-17,13944,1108,0,0
"420",2001-09-18,14924,1186,0,0
"421",2001-09-19,14840,1179,0,0
"422",2001-09-20,14504,1153,0,0
"423",2001-09-21,13720,1090,0,0
"424",2001-09-24,14700,1168,0,0
"425",2001-09-25,14700,1168,0,0
"426",2001-09-26,14840,1179,0,0
"427",2001-09-27,15148,1204,0,0
"428",2001-09-28,15120,1201,0,0
"429",2001-10-04,15764,1253,0,0
"430",2001-10-05,15288,1215,0,0
"431",2001-10-08,14840,1179,0,0
"432",2001-10-09,15820,1257,0,0
"433",2001-10-10,16128,1282,0,0
"434",2001-10-11,17444,1386,0,0
"435",2001-10-12,16772,1333,0,0
"436",2001-10-15,16324,1297,0,0
"437",2001-10-16,16660,1324,0,0
"438",2001-10-17,17024,1353,0,0
"439",2001-10-18,16800,1335,0,0
"440",2001-10-19,18816,1495,0,0
"441",2001-10-22,21056,1673,0,0
"442",2001-10-23,19992,1589,0,0
"443",2001-10-24,19880,1580,0,0
"444",2001-10-25,19320,1535,0,0
"445",2001-10-26,21616,1718,0,0
"446",2001-10-29,20328,1615,0,0
"447",2001-10-30,19880,1580,0,0
"448",2001-10-31,22260,1769,0,0
"449",2001-11-01,24920,1980,0,0
"450",2001-11-02,27888,2216,0,0
"451",2001-11-05,24556,1951,0,0
"452",2001-11-06,22736,1807,0,0
"453",2001-11-07,23240,1847,0,0
"454",2001-11-08,22876,1818,0,0
"455",2001-11-09,22680,1802,0,0
"456",2001-11-12,22148,1760,0,0
"457",2001-11-13,21700,1724,0,0
"458",2001-11-14,21952,1744,0,0
"459",2001-11-15,21616,1718,0,0
"460",2001-11-16,21560,1713,0,0
"461",2001-11-19,21560,1713,0,0
"462",2001-11-20,21672,1722,0,0
"463",2001-11-21,21336,1695,0,0
"464",2001-11-22,21140,1680,0,0
"465",2001-11-23,20748,1649,0,0
"466",2001-11-26,20608,1638,0,0
"467",2001-11-27,20104,1598,0,0
"468",2001-11-28,20160,1602,0,0
"469",2001-11-29,20216,1606,0,0
"470",2001-11-30,19936,1584,0,0
"471",2001-12-03,19572,1555,0,0
"472",2001-12-04,19460,1546,0,0
"473",2001-12-05,20552,1633,0,0
"474",2001-12-06,19740,1569,0,0
"475",2001-12-07,20160,1602,0,0
"476",2001-12-10,20636,1640,0,0
"477",2001-12-11,19740,1569,0,0
"478",2001-12-12,19656,1562,0,0
"479",2001-12-13,19768,1571,0,0
"480",2001-12-14,22120,1758,0,0
"481",2001-12-17,22120,1758,0,0
"482",2001-12-18,22120,1758,0,0
"483",2001-12-19,24752,1967,0,0
"484",2001-12-20,26880,2136,0,0
"485",2001-12-21,24640,1958,0,0
"486",2001-12-24,27496,2185,0,0
"487",2001-12-26,26740,2125,0,0
"488",2001-12-27,25256,2007,0,0
"489",2001-12-28,24836,1974,0,0
"490",2002-01-02,24108,1916,0,0
"491",2002-01-03,21224,1687,0,0
"492",2002-01-04,20888,1660,0,0
"493",2002-01-07,20888,1660,0,0
"494",2002-01-08,20216,1606,0,0
"495",2002-01-09,20272,1611,0,0
"496",2002-01-10,20440,1624,0,0
"497",2002-01-11,20160,1602,0,0
"498",2002-01-14,19908,1582,0,0
"499",2002-01-15,19600,1557,0,0
"500",2002-01-16,19600,1557,0,0
"501",2002-01-17,19572,1555,0,0
"502",2002-01-18,19320,1535,0,0
"503",2002-01-21,19544,1553,0,0
"504",2002-01-22,19292,1533,0,0
"505",2002-01-23,18676,1484,0,0
"506",2002-01-24,18228,1448,0,0
"507",2002-01-25,18704,1486,0,0
"508",2002-01-28,18648,1482,0,0
"509",2002-01-29,19264,1531,0,0
"510",2002-01-30,19040,1513,0,0
"511",2002-01-31,18760,1491,0,0
"512",2002-02-01,18900,1502,0,0
"513",2002-02-04,18816,1495,0,0
"514",2002-02-05,18620,1480,0,0
"515",2002-02-06,18452,1466,0,0
"516",2002-02-07,18396,1462,0,0
"517",2002-02-08,17864,1420,0,0
"518",2002-02-14,17696,1406,0,0
"519",2002-02-15,17864,1420,0,0
"520",2002-02-18,17808,1415,0,0
"521",2002-02-19,17780,1413,0,0
"522",2002-02-20,17584,1397,0,0
"523",2002-02-21,18004,1431,0,0
"524",2002-02-22,18620,1480,0,0
"525",2002-02-25,19124,1520,0,0
"526",2002-02-26,18396,1462,0,0
"527",2002-02-27,17864,1420,0,0
"528",2002-02-28,17948,1426,0,0
"529",2002-03-04,18116,1440,0,0
"530",2002-03-05,18116,1440,0,0
"531",2002-03-06,18424,1464,0,0
"532",2002-03-07,18284,1453,0,0
"533",2002-03-08,17864,1420,0,0
"534",2002-03-11,18396,1462,0,0
"535",2002-03-12,18480,1468,0,0
"536",2002-03-13,18480,1468,0,0
"537",2002-03-14,18760,1491,0,0
"538",2002-03-15,19264,1531,0,0
"539",2002-03-18,19040,1513,0,0
"540",2002-03-19,19040,1513,0,0
"541",2002-03-20,19124,1520,0,0
"542",2002-03-21,18424,1464,0,0
"543",2002-03-22,18396,1462,0,0
"544",2002-03-25,18144,1442,0,0
"545",2002-03-26,18004,1431,0,0
"546",2002-03-27,18228,1448,0,0
"547",2002-03-28,18144,1442,0,0
"548",2002-03-29,18088,1437,0,0
"549",2002-04-01,17500,1391,0,0
"550",2002-04-02,17248,1371,0,0
"551",2002-04-03,17248,1371,0,0
"552",2002-04-04,17388,1382,0,0
"553",2002-04-08,17332,1377,0,0
"554",2002-04-09,16828,1337,0,0
"555",2002-04-10,17080,1357,0,0
"556",2002-04-11,17360,1379,0,0
"557",2002-04-12,17500,1391,0,0
"558",2002-04-15,17752,1411,0,0
"559",2002-04-16,17444,1386,0,0
"560",2002-04-17,17276,1373,0,0
"561",2002-04-18,17192,1366,0,0
"562",2002-04-19,17948,1426,0,0
"563",2002-04-22,17668,1404,0,0
"564",2002-04-23,17892,1422,0,0
"565",2002-04-24,18200,1446,0,0
"566",2002-04-25,17696,1406,0,0
"567",2002-04-26,17192,1366,0,0
"568",2002-04-29,17052,1355,0,0
"569",2002-04-30,17192,1366,0,0
"570",2002-05-02,16912,1344,0,0
"571",2002-05-03,16828,1337,0,0
"572",2002-05-06,16716,1328,0,0
"573",2002-05-07,16380,1302,0,0
"574",2002-05-08,16380,1302,0,0
"575",2002-05-09,16744,1331,0,0
"576",2002-05-10,17024,1353,0,0
"577",2002-05-13,16828,1337,0,0
"578",2002-05-14,16856,1339,0,0
"579",2002-05-15,16800,1335,0,0
"580",2002-05-16,17052,1355,0,0
"581",2002-05-17,17080,1357,0,0
"582",2002-05-20,16716,1328,0,0
"583",2002-05-21,16828,1337,0,0
"584",2002-05-22,16744,1331,0,0
"585",2002-05-23,16548,1315,0,0
"586",2002-05-24,16520,1313,0,0
"587",2002-05-27,16408,1304,0,0
"588",2002-05-28,16744,1331,0,0
"589",2002-05-29,16520,1313,0,0
"590",2002-05-30,15904,1264,0,0
"591",2002-05-31,15960,1268,0,0
"592",2002-06-03,16464,1308,0,0
"593",2002-06-04,16492,1311,0,0
"594",2002-06-05,16520,1313,0,0
"595",2002-06-07,15820,1257,0,0
"596",2002-06-10,16240,1290,0,0
"597",2002-06-11,15708,1248,0,0
"598",2002-06-12,15288,1215,0,0
"599",2002-06-14,15344,1219,0,0
"600",2002-06-17,15988,1270,0,0
"601",2002-06-18,16632,1322,0,0
"602",2002-06-19,16436,1306,0,0
"603",2002-06-20,16128,1282,0,0
"604",2002-06-21,16016,1273,0,0
"605",2002-06-24,16100,1279,0,0
"606",2002-06-25,15120,1201,0,0
"607",2002-06-26,13580,1079,0,0
"608",2002-06-27,14756,1173,0,0
"609",2002-06-28,14588,1159,0,0
"610",2002-07-02,14756,1173,0,0
"611",2002-07-03,14952,1188,0,0
"612",2002-07-04,14560,1157,0,0
"613",2002-07-05,14504,1153,0,0
"614",2002-07-08,14532,1155,0,0
"615",2002-07-09,14504,1153,0,0
"616",2002-07-10,14392,1144,0,0
"617",2002-07-11,14112,1121,0,0
"618",2002-07-12,14336,1139,0,0
"619",2002-07-15,14028,1115,0,0
"620",2002-07-16,14056,1117,0,0
"621",2002-07-18,14560,1157,0,0
"622",2002-07-19,14364,1141,0,0
"623",2002-07-22,14000,1112,0,0
"624",2002-07-23,14224,1130,0,0
"625",2002-07-24,13972,1110,0,0
"626",2002-07-25,13496,1072,0,0
"627",2002-07-26,13524,1075,0,0
"628",2002-07-29,14140,1124,0,0
"629",2002-07-30,13552,1077,0,0
"630",2002-07-31,13412,1066,0,0
"631",2002-08-01,13664,1086,0,0
"632",2002-08-02,13650,1085,0,0
"633",2002-08-05,13538,1076,0,0
"634",2002-08-06,13300,1057,0,0
"635",2002-08-07,13300,1057,0,0
"636",2002-08-08,13440,1068,0,0
"637",2002-08-09,13300,1057,0,0
"638",2002-08-12,13300,1057,0,0
"639",2002-08-13,13328,1059,0,0
"640",2002-08-14,13328,1059,0,0
"641",2002-08-16,14112,1121,0,0
"642",2002-08-19,13454,1069,0,0
"643",2002-08-20,13678,1087,0,0
"644",2002-08-21,13692,1088,0,0
"645",2002-08-22,13846,1100,0,0
"646",2002-08-23,13496,1072,0,0
"647",2002-08-26,13230,1051,0,0
"648",2002-08-27,13342,1060,0,0
"649",2002-08-28,13706,1089,0,0
"650",2002-08-29,13356,1061,0,0
"651",2002-08-30,13804,1097,0,0
"652",2002-09-02,14896,1184,0,0
"653",2002-09-03,14028,1115,0,0
"654",2002-09-04,13594,1080,0,0
"655",2002-09-05,14420,1146,0,0
"656",2002-09-06,13608,1081,0,0
"657",2002-09-09,14112,1121,0,0
"658",2002-09-10,14084,1119,0,0
"659",2002-09-11,14140,1124,0,0
"660",2002-09-12,14700,1168,0,0
"661",2002-09-13,14392,1144,0,0
"662",2002-09-16,14224,1130,0,0
"663",2002-09-17,14420,1146,0,0
"664",2002-09-18,14980,1190,0,0
"665",2002-09-19,14336,1139,0,0
"666",2002-09-23,14224,1130,0,0
"667",2002-09-24,13692,1088,0,0
"668",2002-09-25,13804,1097,0,0
"669",2002-09-26,13608,1081,0,0
"670",2002-09-27,13552,1077,0,0
"671",2002-09-30,13216,1050,0,0
"672",2002-10-01,13538,1076,0,0
"673",2002-10-02,13720,1090,0,0
"674",2002-10-04,13818,1098,0,0
"675",2002-10-07,13692,1088,0,0
"676",2002-10-08,13692,1088,0,0
"677",2002-10-09,13720,1090,0,0
"678",2002-10-10,13300,1057,0,0
"679",2002-10-11,13314,1058,0,0
"680",2002-10-14,13482,1071,0,0
"681",2002-10-15,13608,1081,0,0
"682",2002-10-16,13636,1084,0,0
"683",2002-10-17,13552,1077,0,0
"684",2002-10-18,13594,1080,0,0
"685",2002-10-21,13608,1081,0,0
"686",2002-10-22,13440,1068,0,0
"687",2002-10-23,13776,1095,0,0
"688",2002-10-24,13552,1077,0,0
"689",2002-10-25,13286,1056,0,0
"690",2002-10-28,13720,1090,0,0
"691",2002-10-29,14000,1112,0,0
"692",2002-10-30,13636,1084,0,0
"693",2002-10-31,13720,1090,0,0
"694",2002-11-01,13608,1081,0,0
"695",2002-11-04,13496,1072,0,0
"696",2002-11-05,13412,1066,0,0
"697",2002-11-06,13286,1056,0,0
"698",2002-11-07,13300,1057,0,0
"699",2002-11-08,13286,1056,0,0
"700",2002-11-11,13286,1056,0,0
"701",2002-11-12,13342,1060,0,0
"702",2002-11-13,13384,1064,0,0
"703",2002-11-14,13412,1066,0,0
"704",2002-11-15,13328,1059,0,0
"705",2002-11-18,13328,1059,0,0
"706",2002-11-19,13552,1077,0,0
"707",2002-11-20,13216,1050,0,0
"708",2002-11-21,13370,1062,0,0
"709",2002-11-22,13216,1050,0,0
"710",2002-11-25,13370,1062,0,0
"711",2002-11-26,13580,1079,0,0
"712",2002-11-27,13524,1075,0,0
"713",2002-11-28,13412,1066,0,0
"714",2002-11-29,13314,1058,0,0
"715",2002-12-02,13412,1066,0,0
"716",2002-12-03,13412,1066,0,0
"717",2002-12-04,13398,1065,0,0
"718",2002-12-05,13132,1044,0,0
"719",2002-12-06,13132,1044,0,0
"720",2002-12-09,13104,1041,0,0
"721",2002-12-10,13160,1046,0,0
"722",2002-12-11,13300,1057,0,0
"723",2002-12-12,13468,1070,0,0
"724",2002-12-13,13300,1057,0,0
"725",2002-12-16,12978,1031,0,0
"726",2002-12-17,12922,1027,0,0
"727",2002-12-18,13286,1056,0,0
"728",2002-12-20,12866,1022,0,0
"729",2002-12-23,12880,1023,0,0
"730",2002-12-24,12600,1001,0,0
"731",2002-12-26,11704,930,0,0
"732",2002-12-27,11452,910,0,0
"733",2002-12-30,11452,910,0,0
"734",2003-01-02,11340,901,0,0
"735",2003-01-03,11270,896,0,0
"736",2003-01-06,11480,912,0,0
"737",2003-01-07,11284,897,0,0
"738",2003-01-08,11452,910,0,0
"739",2003-01-09,11452,910,0,0
"740",2003-01-10,11046,878,0,0
"741",2003-01-13,10640,845,0,0
"742",2003-01-14,10640,845,0,0
"743",2003-01-15,10836,861,0,0
"744",2003-01-16,10920,868,0,0
"745",2003-01-17,11060,879,0,0
"746",2003-01-20,11116,883,0,0
"747",2003-01-21,11032,877,0,0
"748",2003-01-22,11200,890,0,0
"749",2003-01-23,10892,866,0,0
"750",2003-01-24,10724,852,0,0
"751",2003-01-27,10864,863,0,0
"752",2003-01-28,10472,832,0,0
"753",2003-01-29,9786,778,0,0
"754",2003-01-30,9492,754,0,0
"755",2003-02-03,10052,799,0,0
"756",2003-02-04,10038,798,0,0
"757",2003-02-05,9730,773,0,0
"758",2003-02-06,9618,764,0,0
"759",2003-02-07,9618,764,0,0
"760",2003-02-10,9632,765,0,0
"761",2003-02-11,9856,783,0,0
"762",2003-02-12,9758,775,0,0
"763",2003-02-13,9520,756,0,0
"764",2003-02-14,8540,679,0,0
"765",2003-02-17,9562,760,0,0
"766",2003-02-18,9520,756,0,0
"767",2003-02-19,9310,740,0,0
"768",2003-02-20,9520,756,0,0
"769",2003-02-21,9380,745,0,0
"770",2003-02-24,9520,756,0,0
"771",2003-02-25,9786,778,0,0
"772",2003-02-26,9996,794,0,0
"773",2003-02-27,9800,779,0,0
"774",2003-02-28,10976,872,0,0
"775",2003-03-03,12292,977,0,0
"776",2003-03-04,13762,1094,0,0
"777",2003-03-05,14000,1112,0,0
"778",2003-03-06,12460,990,0,0
"779",2003-03-07,10976,872,0,0
"780",2003-03-10,9688,770,0,0
"781",2003-03-11,9268,736,0,0
"782",2003-03-12,9548,759,0,0
"783",2003-03-13,9268,736,0,0
"784",2003-03-14,9772,777,0,0
"785",2003-03-17,9520,756,0,0
"786",2003-03-18,9912,788,0,0
"787",2003-03-19,9968,792,0,0
"788",2003-03-20,10318,820,0,0
"789",2003-03-21,11550,918,0,0
"790",2003-03-24,10360,823,0,0
"791",2003-03-25,9688,770,0,0
"792",2003-03-26,9800,779,0,0
"793",2003-03-27,10024,797,0,0
"794",2003-03-28,9870,784,0,0
"795",2003-03-31,9716,772,0,0
"796",2003-04-01,10052,799,0,0
"797",2003-04-02,10164,808,0,0
"798",2003-04-03,10220,812,0,0
"799",2003-04-04,10864,863,0,0
"800",2003-04-07,10780,857,0,0
"801",2003-04-08,11060,879,0,0
"802",2003-04-09,11172,888,0,0
"803",2003-04-10,11158,887,0,0
"804",2003-04-11,11130,884,0,0
"805",2003-04-14,11522,916,0,0
"806",2003-04-15,12320,979,0,0
"807",2003-04-16,12740,1012,0,0
"808",2003-04-17,14140,1124,0,0
"809",2003-04-18,14000,1112,0,0
"810",2003-04-21,14112,1121,0,0
"811",2003-04-22,15792,1255,0,0
"812",2003-04-23,17360,1379,0,0
"813",2003-04-24,17360,1379,0,0
"814",2003-04-25,17360,1379,0,0
"815",2003-04-28,15288,1215,0,0
"816",2003-04-29,14000,1112,0,0
"817",2003-04-30,12600,1001,0,0
"818",2003-05-02,11508,914,0,0
"819",2003-05-06,12544,997,0,0
"820",2003-05-07,12320,979,0,0
"821",2003-05-09,12712,1010,0,0
"822",2003-05-12,12656,1006,0,0
"823",2003-05-13,12376,983,0,0
"824",2003-05-14,12432,988,0,0
"825",2003-05-15,12880,1023,0,0
"826",2003-05-16,12628,1003,0,0
"827",2003-05-19,12600,1001,0,0
"828",2003-05-20,12404,986,0,0
"829",2003-05-21,12544,997,0,0
"830",2003-05-22,12572,999,0,0
"831",2003-05-23,12852,1021,0,0
"832",2003-05-26,12936,1028,0,0
"833",2003-05-27,12656,1006,0,0
"834",2003-05-28,12600,1001,0,0
"835",2003-05-29,12320,979,0,0
"836",2003-05-30,12516,995,0,0
"837",2003-06-02,12740,1012,0,0
"838",2003-06-03,12488,992,0,0
"839",2003-06-04,12376,983,0,0
"840",2003-06-05,12096,961,0,0
"841",2003-06-09,12264,975,0,0
"842",2003-06-10,12180,968,0,0
"843",2003-06-11,11956,950,0,0
"844",2003-06-12,12068,959,0,0
"845",2003-06-13,11956,950,0,0
"846",2003-06-16,11648,926,0,0
"847",2003-06-17,11592,921,0,0
"848",2003-06-18,11900,946,0,0
"849",2003-06-19,11900,946,0,0
"850",2003-06-20,11956,950,0,0
"851",2003-06-23,12012,955,0,0
"852",2003-06-24,12208,970,0,0
"853",2003-06-25,12264,975,0,0
"854",2003-06-26,12320,979,0,0
"855",2003-06-27,11844,941,0,0
"856",2003-06-30,11928,948,0,0
"857",2003-07-01,11900,946,0,0
"858",2003-07-02,12040,957,0,0
"859",2003-07-03,12768,1015,0,0
"860",2003-07-04,12824,1019,0,0
"861",2003-07-07,12600,1001,0,0
"862",2003-07-08,12824,1019,0,0
"863",2003-07-09,12796,1017,0,0
"864",2003-07-10,12516,995,0,0
"865",2003-07-11,12460,990,0,0
"866",2003-07-14,12264,975,0,0
"867",2003-07-15,12068,959,0,0
"868",2003-07-16,12152,966,0,0
"869",2003-07-18,11900,946,0,0
"870",2003-07-21,11984,952,0,0
"871",2003-07-22,11564,919,0,0
"872",2003-07-23,11438,909,0,0
"873",2003-07-24,11620,923,0,0
"874",2003-07-25,12740,1012,0,0
"875",2003-07-28,11774,936,0,0
"876",2003-07-29,11732,932,0,0
"877",2003-07-30,11452,910,0,0
"878",2003-07-31,11648,926,0,0
"879",2003-08-01,11452,910,0,0
"880",2003-08-04,12040,957,0,0
"881",2003-08-05,11480,912,0,0
"882",2003-08-06,11480,912,0,0
"883",2003-08-07,11760,934,0,0
"884",2003-08-08,11760,934,0,0
"885",2003-08-11,11732,932,0,0
"886",2003-08-12,11676,928,0,0
"887",2003-08-13,11760,934,0,0
"888",2003-08-14,11760,934,0,0
"889",2003-08-18,11284,897,0,0
"890",2003-08-19,11480,912,0,0
"891",2003-08-20,11382,904,0,0
"892",2003-08-21,11480,912,0,0
"893",2003-08-22,11564,919,0,0
"894",2003-08-25,11312,899,0,0
"895",2003-08-26,11480,912,0,0
"896",2003-08-27,11592,921,0,0
"897",2003-08-28,11564,919,0,0
"898",2003-08-29,11312,899,0,0
"899",2003-09-01,11312,899,0,0
"900",2003-09-02,11312,899,0,0
"901",2003-09-03,11200,890,0,0
"902",2003-09-04,11410,907,0,0
"903",2003-09-05,11452,910,0,0
"904",2003-09-08,11284,897,0,0
"905",2003-09-09,11256,894,0,0
"906",2003-09-15,11158,887,0,0
"907",2003-09-16,11186,889,0,0
"908",2003-09-17,11256,894,0,0
"909",2003-09-18,10682,849,0,0
"910",2003-09-19,11200,890,0,0
"911",2003-09-22,10920,868,0,0
"912",2003-09-23,10780,857,0,0
"913",2003-09-24,11158,887,0,0
"914",2003-09-25,11116,883,0,0
"915",2003-09-26,11088,881,0,0
"916",2003-09-29,10682,849,0,0
"917",2003-09-30,11200,890,0,0
"918",2003-10-01,12544,997,0,0
"919",2003-10-02,11368,903,0,0
"920",2003-10-06,12726,1011,0,0
"921",2003-10-07,12054,958,0,0
"922",2003-10-08,11760,934,0,0
"923",2003-10-09,11200,890,0,0
"924",2003-10-10,11172,888,0,0
"925",2003-10-13,11396,906,0,0
"926",2003-10-14,10990,873,0,0
"927",2003-10-15,11256,894,0,0
"928",2003-10-16,12572,999,0,0
"929",2003-10-17,14056,1117,0,0
"930",2003-10-20,12656,1006,0,0
"931",2003-10-21,11760,934,0,0
"932",2003-10-22,12054,958,0,0
"933",2003-10-23,11928,948,0,0
"934",2003-10-24,12040,957,0,0
"935",2003-10-27,12754,1013,0,0
"936",2003-10-28,12754,1013,0,0
"937",2003-10-29,12558,998,0,0
"938",2003-10-30,12320,979,0,0
"939",2003-10-31,11984,952,0,0
"940",2003-11-03,11508,914,0,0
"941",2003-11-04,11704,930,0,0
"942",2003-11-05,11620,923,0,0
"943",2003-11-06,11508,914,0,0
"944",2003-11-07,11480,912,0,0
"945",2003-11-10,11508,914,0,0
"946",2003-11-11,11676,928,0,0
"947",2003-11-12,11396,906,0,0
"948",2003-11-13,11704,930,0,0
"949",2003-11-14,11578,920,0,0
"950",2003-11-17,11564,919,0,0
"951",2003-11-18,11634,924,0,0
"952",2003-11-19,11550,918,0,0
"953",2003-11-20,11956,950,0,0
"954",2003-11-21,11844,941,0,0
"955",2003-11-24,11760,934,0,0
"956",2003-11-25,11816,939,0,0
"957",2003-11-26,12040,957,0,0
"958",2003-11-27,12124,963,0,0
"959",2003-11-28,12040,957,0,0
"960",2003-12-01,12180,968,0,0
"961",2003-12-02,12222,971,0,0
"962",2003-12-03,12390,985,0,0
"963",2003-12-04,12460,990,0,0
"964",2003-12-05,13020,1035,0,0
"965",2003-12-08,13440,1068,0,0
"966",2003-12-09,12656,1006,0,0
"967",2003-12-10,12628,1003,0,0
"968",2003-12-11,12880,1023,0,0
"969",2003-12-12,13132,1044,0,0
"970",2003-12-15,13524,1075,0,0
"971",2003-12-16,12964,1030,0,0
"972",2003-12-17,12964,1030,0,0
"973",2003-12-18,13300,1057,0,0
"974",2003-12-19,13426,1067,0,0
"975",2003-12-22,13160,1046,0,0
"976",2003-12-23,13160,1046,0,0
"977",2003-12-24,13020,1035,0,0
"978",2003-12-26,12880,1023,0,0
"979",2003-12-29,12460,990,0,0
"980",2003-12-30,12068,959,0,0
"981",2004-01-02,12096,961,0,0
"982",2004-01-05,12096,961,0,0
"983",2004-01-06,11760,934,0,0
"984",2004-01-07,11620,923,0,0
"985",2004-01-08,11620,923,0,0
"986",2004-01-09,11620,923,0,0
"987",2004-01-12,11536,917,0,0
"988",2004-01-13,11480,912,0,0
"989",2004-01-14,11480,912,0,0
"990",2004-01-15,11480,912,0,0
"991",2004-01-16,11536,917,0,0
"992",2004-01-19,11480,912,0,0
"993",2004-01-20,11788,937,0,0
"994",2004-01-26,13020,1035,0,0
"995",2004-01-27,12572,999,0,0
"996",2004-01-28,11424,908,0,0
"997",2004-01-29,12040,957,0,0
"998",2004-01-30,11480,912,0,0
"999",2004-02-02,11508,914,0,0
"1000",2004-02-03,11480,912,0,0
"1001",2004-02-04,11648,926,0,0
"1002",2004-02-05,12460,990,0,0
"1003",2004-02-06,12432,988,0,0
"1004",2004-02-09,12040,957,0,0
"1005",2004-02-10,11648,926,0,0
"1006",2004-02-11,11536,917,0,0
"1007",2004-02-12,11480,912,0,0
"1008",2004-02-13,11508,914,0,0
"1009",2004-02-16,12320,979,0,0
"1010",2004-02-17,11536,917,0,0
"1011",2004-02-18,11844,941,0,0
"1012",2004-02-19,11900,946,0,0
"1013",2004-02-20,12292,977,0,0
"1014",2004-02-23,12236,972,0,0
"1015",2004-02-24,11760,934,0,0
"1016",2004-02-25,11844,941,0,0
"1017",2004-02-26,11900,946,0,0
"1018",2004-02-27,12180,968,0,0
"1019",2004-03-02,11816,939,0,0
"1020",2004-03-03,11816,939,0,0
"1021",2004-03-04,12838,1020,0,0
"1022",2004-03-05,12782,1016,0,0
"1023",2004-03-08,12726,1011,0,0
"1024",2004-03-09,12810,1018,0,0
"1025",2004-03-10,12768,1015,0,0
"1026",2004-03-11,12726,1011,0,0
"1027",2004-03-12,12712,1010,0,0
"1028",2004-03-15,12712,1010,0,0
"1029",2004-03-16,12712,1010,0,0
"1030",2004-03-17,12040,957,0,0
"1031",2004-03-18,12558,998,0,0
"1032",2004-03-19,12516,995,0,0
"1033",2004-03-22,14000,1112,0,0
"1034",2004-03-23,13160,1046,0,0
"1035",2004-03-24,13412,1066,0,0
"1036",2004-03-25,13048,1037,0,0
"1037",2004-03-26,13020,1035,0,0
"1038",2004-03-29,12908,1026,0,0
"1039",2004-03-30,12880,1023,0,0
"1040",2004-03-31,12894,1025,0,0
"1041",2004-04-01,13020,1035,0,0
"1042",2004-04-02,12936,1028,0,0
"1043",2004-04-06,12600,1001,0,0
"1044",2004-04-07,13146,1045,0,0
"1045",2004-04-08,12642,1005,0,0
"1046",2004-04-09,12558,998,0,0
"1047",2004-04-12,12726,1011,0,0
"1048",2004-04-13,12712,1010,0,0
"1049",2004-04-14,13272,1055,0,0
"1050",2004-04-16,13118,1042,0,0
"1051",2004-04-19,13118,1042,0,0
"1052",2004-04-20,12824,1019,0,0
"1053",2004-04-21,13958,1109,0,0
"1054",2004-04-22,13720,1090,0,0
"1055",2004-04-23,13328,1059,0,0
"1056",2004-04-26,12880,1023,0,0
"1057",2004-04-27,12768,1015,0,0
"1058",2004-04-28,12880,1023,0,0
"1059",2004-04-29,12880,1023,0,0
"1060",2004-04-30,13188,1048,0,0
"1061",2004-05-03,12908,1026,0,0
"1062",2004-05-04,12908,1026,0,0
"1063",2004-05-06,12894,1025,0,0
"1064",2004-05-07,12992,1032,0,0
"1065",2004-05-10,12600,1001,0,0
"1066",2004-05-11,13272,1055,0,0
"1067",2004-05-12,13272,1055,0,0
"1068",2004-05-13,12908,1026,0,0
"1069",2004-05-14,13020,1035,0,0
"1070",2004-05-17,13034,1036,0,0
"1071",2004-05-18,13020,1035,0,0
"1072",2004-05-19,13146,1045,0,0
"1073",2004-05-20,12600,1001,0,0
"1074",2004-05-21,13244,1052,0,0
"1075",2004-05-24,12880,1023,0,0
"1076",2004-05-25,12880,1023,0,0
"1077",2004-05-27,12880,1023,0,0
"1078",2004-05-28,13426,1067,0,0
"1079",2004-05-31,13244,1052,0,0
"1080",2004-06-01,13580,1079,0,0
"1081",2004-06-02,13972,1110,0,0
"1082",2004-06-03,13328,1059,0,0
"1083",2004-06-04,13804,1097,0,0
"1084",2004-06-07,13776,1095,0,0
"1085",2004-06-08,13776,1095,0,0
"1086",2004-06-09,13832,1099,0,0
"1087",2004-06-10,14000,1112,0,0
"1088",2004-06-11,13748,1092,0,0
"1089",2004-06-14,13804,1097,0,0
"1090",2004-06-15,13790,1096,0,0
"1091",2004-06-16,13790,1096,0,0
"1092",2004-06-17,13692,1088,0,0
"1093",2004-06-18,14000,1112,0,0
"1094",2004-06-21,13888,1104,0,0
"1095",2004-06-22,13944,1108,0,0
"1096",2004-06-23,13944,1108,0,0
"1097",2004-06-24,14280,1135,0,0
"1098",2004-06-25,14252,1133,0,0
"1099",2004-06-28,14504,1153,0,0
"1100",2004-06-29,14364,1141,0,0
"1101",2004-06-30,15792,1255,0,0
"1102",2004-07-01,15988,1270,0,0
"1103",2004-07-02,15148,1204,0,0
"1104",2004-07-05,15540,1235,0,0
"1105",2004-07-06,16352,1299,0,0
"1106",2004-07-07,16044,1275,0,0
"1107",2004-07-08,15792,1255,0,0
"1108",2004-07-09,15596,1239,0,0
"1109",2004-07-12,15596,1239,0,0
"1110",2004-07-13,15540,1235,0,0
"1111",2004-07-14,16072,1277,0,0
"1112",2004-07-15,16240,1290,0,0
"1113",2004-07-16,17304,1375,0,0
"1114",2004-07-19,16940,1346,0,0
"1115",2004-07-20,17360,1379,0,0
"1116",2004-07-21,17276,1373,0,0
"1117",2004-07-22,17276,1373,0,0
"1118",2004-07-23,17080,1357,0,0
"1119",2004-07-26,17080,1357,0,0
"1120",2004-07-27,17024,1353,0,0
"1121",2004-07-28,16912,1344,0,0
"1122",2004-07-29,16772,1333,0,0
"1123",2004-07-30,16772,1333,0,0
"1124",2004-08-02,16800,1335,0,0
"1125",2004-08-03,17024,1353,0,0
"1126",2004-08-04,16912,1344,0,0
"1127",2004-08-05,16800,1335,0,0
"1128",2004-08-06,16688,1326,0,0
"1129",2004-08-09,16660,1324,0,0
"1130",2004-08-10,16380,1302,0,0
"1131",2004-08-11,16044,1275,0,0
"1132",2004-08-12,16492,1311,0,0
"1133",2004-08-13,15988,1270,0,0
"1134",2004-08-16,16800,1335,0,0
"1135",2004-08-17,16772,1333,0,0
"1136",2004-08-18,16940,1346,0,0
"1137",2004-08-19,16912,1344,0,0
"1138",2004-08-20,17304,1375,0,0
"1139",2004-08-23,16744,1331,0,0
"1140",2004-08-24,16604,1319,0,0
"1141",2004-08-25,16380,1302,0,0
"1142",2004-08-26,16240,1290,0,0
"1143",2004-08-27,15960,1268,0,0
"1144",2004-08-30,15960,1268,0,0
"1145",2004-08-31,16212,1288,0,0
"1146",2004-09-01,16240,1290,0,0
"1147",2004-09-02,16352,1299,0,0
"1148",2004-09-03,16632,1322,0,0
"1149",2004-09-06,16548,1315,0,0
"1150",2004-09-07,16548,1315,0,0
"1151",2004-09-08,16548,1315,0,0
"1152",2004-09-09,16464,1308,0,0
"1153",2004-09-10,16324,1297,0,0
"1154",2004-09-13,15960,1268,0,0
"1155",2004-09-14,16212,1288,0,0
"1156",2004-09-15,16240,1290,0,0
"1157",2004-09-16,16324,1297,0,0
"1158",2004-09-17,16240,1290,0,0
"1159",2004-09-20,16296,1295,0,0
"1160",2004-09-21,15876,1262,0,0
"1161",2004-09-22,16240,1290,0,0
"1162",2004-09-23,16324,1297,0,0
"1163",2004-09-24,15960,1268,0,0
"1164",2004-09-30,16268,1293,0,0
"1165",2004-10-01,16660,1324,0,0
"1166",2004-10-04,16800,1335,0,0
"1167",2004-10-05,17780,1413,0,0
"1168",2004-10-06,17892,1422,0,0
"1169",2004-10-07,18676,1484,0,0
"1170",2004-10-08,20916,1662,0,0
"1171",2004-10-11,21840,1735,0,0
"1172",2004-10-12,20440,1624,0,0
"1173",2004-10-13,21140,1680,0,0
"1174",2004-10-14,20580,1635,0,0
"1175",2004-10-15,20720,1646,0,0
"1176",2004-10-18,21840,1735,0,0
"1177",2004-10-19,22512,1789,0,0
"1178",2004-10-20,22456,1784,0,0
"1179",2004-10-21,22288,1771,0,0
"1180",2004-10-22,22400,1780,0,0
"1181",2004-10-25,22512,1789,0,0
"1182",2004-10-26,22344,1776,0,0
"1183",2004-10-27,22400,1780,0,0
"1184",2004-10-28,24990,1983,0,0
"1185",2004-10-29,23016,1827,0,0
"1186",2004-11-01,21672,1720,0,0
"1187",2004-11-02,21504,1707,0,0
"1188",2004-11-03,21378,1697,0,0
"1189",2004-11-04,21084,1673,0,0
"1190",2004-11-05,20916,1660,0,0
"1191",2004-11-08,22764,1807,0,0
"1192",2004-11-09,21000,1667,0,0
"1193",2004-11-10,20244,1607,0,0
"1194",2004-11-11,20202,1603,0,0
"1195",2004-11-12,19992,1587,0,0
"1196",2004-11-15,19740,1567,0,0
"1197",2004-11-16,18438,1463,0,0
"1198",2004-11-17,19320,1533,0,0
"1199",2004-11-18,19404,1540,0,0
"1200",2004-11-19,19404,1540,2677,0
"1201",2004-11-22,18816,1493,0,0
"1202",2004-11-23,18522,1470,0,0
"1203",2004-11-24,18144,1440,0,0
"1204",2004-11-25,18312,1453,0,0
"1205",2004-11-26,18396,1460,0,0
"1206",2004-11-29,18144,1440,-2526,0
"1207",2004-11-30,18228,1447,0,0
"1208",2004-12-01,18144,1440,0,0
"1209",2004-12-02,18270,1450,0,0
"1210",2004-12-03,18144,1440,0,0
"1211",2004-12-06,18060,1433,0,0
"1212",2004-12-07,18354,1457,0,0
"1213",2004-12-08,18900,1500,0,0
"1214",2004-12-09,19068,1513,0,0
"1215",2004-12-10,19824,1573,0,0
"1216",2004-12-13,19824,1573,0,0
"1217",2004-12-14,19530,1550,0,0
"1218",2004-12-15,19068,1513,0,0
"1219",2004-12-16,18648,1480,0,0
"1220",2004-12-17,19068,1513,0,0
"1221",2004-12-20,18942,1503,0,0
"1222",2004-12-21,19320,1533,0,0
"1223",2004-12-22,19446,1543,0,0
"1224",2004-12-23,19278,1530,0,0
"1225",2004-12-24,19740,1567,0,0
"1226",2004-12-27,20328,1613,0,0
"1227",2004-12-28,19362,1537,0,0
"1228",2004-12-29,18858,1497,0,0
"1229",2004-12-30,18774,1490,0,0
"1230",2005-01-03,18480,1467,0,0
"1231",2005-01-04,18480,1467,0,0
"1232",2005-01-05,19320,1533,0,4108
"1233",2005-01-06,19740,1567,0,1821
"1234",2005-01-07,19950,1583,0,1103
"1235",2005-01-10,21000,1667,0,0
"1236",2005-01-11,20496,1627,0,0
"1237",2005-01-12,19698,1563,0,1099
"1238",2005-01-13,19824,1573,0,0
"1239",2005-01-14,20370,1617,0,1797
"1240",2005-01-17,20958,1663,0,0
"1241",2005-01-18,21546,1710,0,0
"1242",2005-01-19,22848,1813,0,-1174
"1243",2005-01-20,22806,1810,0,0
"1244",2005-01-21,22176,1760,0,0
"1245",2005-01-24,22008,1747,0,0
"1246",2005-01-25,22680,1800,0,0
"1247",2005-01-26,23310,1850,0,0
"1248",2005-01-27,21924,1740,0,0
"1249",2005-01-28,22218,1763,0,0
"1250",2005-01-31,23688,1880,0,-1145
"1251",2005-02-01,23772,1887,0,0
"1252",2005-02-02,23100,1833,0,0
"1253",2005-02-03,23226,1843,0,0
"1254",2005-02-04,23814,1890,0,0
"1255",2005-02-07,23982,1903,0,0
"1256",2005-02-11,23940,1900,0,0
"1257",2005-02-14,25200,2000,0,0
"1258",2005-02-15,28224,2240,0,-11424
"1259",2005-02-16,28140,2233,0,0
"1260",2005-02-17,29400,2333,0,0
"1261",2005-02-18,29358,2330,0,0
"1262",2005-02-21,28770,2283,0,0
"1263",2005-02-22,27720,2200,0,0
"1264",2005-02-23,27468,2180,0,0
"1265",2005-02-24,27930,2217,0,0
"1266",2005-02-25,27636,2193,0,0
"1267",2005-02-28,26796,2127,0,0
"1268",2005-03-02,27594,2190,0,0
"1269",2005-03-03,28392,2253,0,0
"1270",2005-03-04,29316,2327,0,0
"1271",2005-03-07,29904,2373,0,0
"1272",2005-03-08,27846,2210,0,0
"1273",2005-03-09,28182,2237,0,0
"1274",2005-03-10,26334,2090,0,0
"1275",2005-03-11,26796,2127,0,0
"1276",2005-03-14,26754,2123,0,0
"1277",2005-03-15,26712,2120,0,0
"1278",2005-03-16,25662,2037,0,0
"1279",2005-03-17,25326,2010,0,1197
"1280",2005-03-18,25998,2063,0,0
"1281",2005-03-21,25368,2013,0,1056
"1282",2005-03-22,25620,2033,0,44
"1283",2005-03-23,25158,1997,0,367
"1284",2005-03-24,26040,2067,0,6263
"1285",2005-03-25,27048,2147,0,0
"1286",2005-03-28,26880,2133,0,0
"1287",2005-03-29,26040,2067,0,1542
"1288",2005-03-30,26292,2087,0,0
"1289",2005-03-31,25368,2013,0,0
"1290",2005-04-01,26040,2067,0,150
"1291",2005-04-04,26208,2080,0,43
"1292",2005-04-06,25578,2030,0,0
"1293",2005-04-07,25452,2020,0,1500
"1294",2005-04-08,26124,2073,0,0
"1295",2005-04-11,26166,2077,0,0
"1296",2005-04-12,28182,2237,0,0
"1297",2005-04-13,27636,2193,0,0
"1298",2005-04-14,26460,2100,0,0
"1299",2005-04-15,25998,2063,0,284
"1300",2005-04-18,25956,2060,0,1460
"1301",2005-04-19,25116,1993,0,1287
"1302",2005-04-20,25578,2030,0,0
"1303",2005-04-21,24696,1960,0,0
"1304",2005-04-22,24444,1940,0,0
"1305",2005-04-25,28098,2230,0,-4914
"1306",2005-04-26,27636,2193,0,-6008
"1307",2005-04-27,27720,2200,0,3225
"1308",2005-04-28,31878,2530,0,-10026
"1309",2005-04-29,32130,2550,0,-947
"1310",2005-05-02,32760,2600,0,25
"1311",2005-05-03,29568,2347,0,0
"1312",2005-05-04,28392,2253,0,939
"1313",2005-05-06,28854,2290,0,-600
"1314",2005-05-09,25662,2037,0,0
"1315",2005-05-10,25452,2020,0,0
"1316",2005-05-11,25116,1993,0,0
"1317",2005-05-12,25536,2027,0,0
"1318",2005-05-13,25956,2060,0,7154
"1319",2005-05-16,25704,2040,0,0
"1320",2005-05-17,25662,2037,0,6418
"1321",2005-05-18,26628,2113,0,0
"1322",2005-05-19,27804,2207,0,3489
"1323",2005-05-20,27720,2200,0,7672
"1324",2005-05-23,28728,2280,0,510
"1325",2005-05-24,28224,2240,0,0
"1326",2005-05-25,27174,2157,0,0
"1327",2005-05-26,26460,2100,0,0
"1328",2005-05-27,26670,2117,0,283
"1329",2005-05-30,26628,2113,0,0
"1330",2005-05-31,26460,2100,0,0
"1331",2005-06-01,27300,2167,0,600
"1332",2005-06-02,27720,2200,0,0
"1333",2005-06-03,26964,2140,0,0
"1334",2005-06-07,26292,2087,0,0
"1335",2005-06-08,26544,2107,0,4338
"1336",2005-06-09,27720,2200,0,0
"1337",2005-06-10,28224,2240,0,0
"1338",2005-06-13,28434,2257,0,0
"1339",2005-06-14,28224,2240,0,0
"1340",2005-06-15,29064,2307,4537,-82
"1341",2005-06-16,30492,2420,9552,0
"1342",2005-06-17,30408,2413,12133,0
"1343",2005-06-20,30786,2443,6160,0
"1344",2005-06-21,30702,2437,4110,0
"1345",2005-06-22,30240,2400,4358,0
"1346",2005-06-23,30996,2460,6134,-106
"1347",2005-06-24,32760,2600,16708,0
"1348",2005-06-27,32760,2600,5126,0
"1349",2005-06-28,32760,2600,4908,0
"1350",2005-06-29,33600,2667,533,3464
"1351",2005-06-30,34608,2747,0,0
"1352",2005-07-01,34104,2707,11975,0
"1353",2005-07-04,33684,2673,8473,0
"1354",2005-07-05,33096,2627,0,0
"1355",2005-07-06,33810,2683,0,2125
"1356",2005-07-07,33558,2663,18761,0
"1357",2005-07-08,32676,2593,0,3049
"1358",2005-07-11,32844,2607,0,488
"1359",2005-07-12,33516,2660,0,0
"1360",2005-07-13,33096,2627,1575,0
"1361",2005-07-14,33096,2627,1575,0
"1362",2005-07-15,32340,2567,380,6120
"1363",2005-07-18,32508,2580,0,0
"1364",2005-07-19,32634,2590,0,0
"1365",2005-07-20,31920,2533,0,0
"1366",2005-07-21,30912,2453,5889,0
"1367",2005-07-22,29652,2353,-8813,6683
"1368",2005-07-25,30450,2417,0,206
"1369",2005-07-26,31416,2493,0,0
"1370",2005-07-27,31542,2503,0,0
"1371",2005-07-28,32508,2580,0,0
"1372",2005-07-29,31920,2533,380,0
"1373",2005-08-01,31920,2533,0,0
"1374",2005-08-02,31332,2487,0,0
"1375",2005-08-03,31206,2477,1484,183
"1376",2005-08-04,31710,2517,0,1394
"1377",2005-08-05,30576,2427,0,3631
"1378",2005-08-08,31878,2530,0,1664
"1379",2005-08-09,32004,2540,0,0
"1380",2005-08-10,31962,2537,0,0
"1381",2005-08-11,31458,2497,762,0
"1382",2005-08-12,31080,2467,0,2316
"1383",2005-08-16,31248,2480,0,-255
"1384",2005-08-17,31920,2533,0,0
"1385",2005-08-18,31122,2470,0,0
"1386",2005-08-19,31374,2490,0,0
"1387",2005-08-22,32130,2550,0,0
"1388",2005-08-23,33180,2633,0,0
"1389",2005-08-24,33012,2620,0,0
"1390",2005-08-25,32760,2600,0,0
"1391",2005-08-26,31500,2500,0,0
"1392",2005-08-29,30324,2407,-722,472
"1393",2005-08-30,30954,2457,0,0
"1394",2005-08-31,31500,2500,0,324
"1395",2005-09-01,31920,2533,0,3032
"1396",2005-09-02,32802,2603,0,0
"1397",2005-09-05,33054,2623,0,0
"1398",2005-09-06,32844,2607,0,0
"1399",2005-09-07,33600,2667,0,485
"1400",2005-09-08,34104,2707,0,0
"1401",2005-09-09,33264,2640,198,0
"1402",2005-09-12,33306,2643,654,0
"1403",2005-09-13,33390,2650,0,0
"1404",2005-09-14,34020,2700,0,6409
"1405",2005-09-15,34356,2727,0,4406
"1406",2005-09-16,35868,2847,0,0
"1407",2005-09-20,35280,2800,0,0
"1408",2005-09-21,34356,2727,0,1074
"1409",2005-09-22,35280,2800,70,3700
"1410",2005-09-23,35406,2810,287,0
"1411",2005-09-26,37380,2967,0,0
"1412",2005-09-27,36960,2933,76,0
"1413",2005-09-28,38556,3060,2923,0
"1414",2005-09-29,44268,3513,-25975,60253
"1415",2005-09-30,47796,3793,0,-7258
"1416",2005-10-04,48720,3867,-15466,103565
"1417",2005-10-05,48720,3867,-4224,16340
"1418",2005-10-06,46284,3673,-3481,0
"1419",2005-10-07,46200,3667,1016,4512
"1420",2005-10-10,46200,3667,-14625,5976
"1421",2005-10-11,48216,3827,1975,-534
"1422",2005-10-12,47460,3767,-4421,0
"1423",2005-10-13,47880,3800,954,0
"1424",2005-10-14,46620,3700,597,0
"1425",2005-10-17,46872,3720,1226,0
"1426",2005-10-18,46872,3720,-3496,0
"1427",2005-10-19,46620,3700,740,0
"1428",2005-10-20,48132,3820,-703,0
"1429",2005-10-21,48300,3833,1325,0
"1430",2005-10-24,50400,4000,2698,-2349
"1431",2005-10-25,50736,4027,0,0
"1432",2005-10-26,49560,3933,0,0
"1433",2005-10-27,47880,3800,1552,0
"1434",2005-10-28,47796,3793,508,8701
"1435",2005-10-31,48636,3860,-1108,275
"1436",2005-11-01,50064,3973,0,-2825
"1437",2005-11-02,50820,4033,4195,0
"1438",2005-11-03,49728,3947,343,0
"1439",2005-11-04,48384,3840,342,0
"1440",2005-11-07,48132,3820,3228,0
"1441",2005-11-08,47880,3800,286,0
"1442",2005-11-09,48636,3860,43,0
"1443",2005-11-10,48300,3833,4239,0
"1444",2005-11-11,49392,3920,389,0
"1445",2005-11-14,49476,3927,1014,0
"1446",2005-11-15,49644,3940,0,0
"1447",2005-11-16,50064,3973,-411,0
"1448",2005-11-17,51240,4067,-957,3852
"1449",2005-11-18,57120,4533,0,180
"1450",2005-11-21,54600,4333,3237,0
"1451",2005-11-22,52584,4173,0,0
"1452",2005-11-23,52752,4187,0,0
"1453",2005-11-24,53340,4233,2669,1240
"1454",2005-11-25,52500,4167,793,0
"1455",2005-11-28,57120,4533,3744,0
"1456",2005-11-29,52920,4200,688,610
"1457",2005-11-30,54600,4333,0,0
"1458",2005-12-01,54096,4293,1412,0
"1459",2005-12-02,52332,4153,0,2799
"1460",2005-12-05,55440,4400,0,0
"1461",2005-12-06,52920,4200,0,0
"1462",2005-12-07,52164,4140,0,0
"1463",2005-12-08,51828,4113,0,5228
"1464",2005-12-09,51660,4100,0,0
"1465",2005-12-12,50064,3973,1591,0
"1466",2005-12-13,49392,3920,0,0
"1467",2005-12-14,49896,3960,5877,7578
"1468",2005-12-15,51660,4100,0,0
"1469",2005-12-16,51492,4087,0,0
"1470",2005-12-19,51408,4080,0,0
"1471",2005-12-20,51072,4053,0,0
"1472",2005-12-21,51156,4060,0,0
"1473",2005-12-22,50484,4007,0,0
"1474",2005-12-23,49560,3933,-2,0
"1475",2005-12-26,50736,4027,-3513,0
"1476",2005-12-27,50820,4033,-1864,0
"1477",2005-12-28,49560,3933,0,0
"1478",2005-12-29,50316,3993,0,298
"1479",2006-01-02,48804,3873,-661,102
"1480",2006-01-03,48804,3873,0,1984
"1481",2006-01-04,48720,3867,0,2392
"1482",2006-01-05,49476,3927,-521,0
"1483",2006-01-06,49896,3960,0,0
"1484",2006-01-09,47964,3807,0,0
"1485",2006-01-10,46452,3687,0,0
"1486",2006-01-11,46200,3667,0,1913
"1487",2006-01-12,47544,3773,0,393
"1488",2006-01-13,47208,3747,-1157,550
"1489",2006-01-16,46200,3667,0,3788
"1490",2006-01-17,47544,3773,-165,0
"1491",2006-01-18,46620,3700,0,4239
"1492",2006-01-19,46956,3727,0,447
"1493",2006-01-20,47376,3760,0,64
"1494",2006-01-23,46200,3667,165,2293
"1495",2006-01-24,46200,3667,181,1484
"1496",2006-01-25,46200,3667,-5362,4602
"1497",2006-01-26,46536,3693,224,0
"1498",2006-01-27,46788,3713,183,0
"1499",2006-01-31,46788,3713,123,0
"1500",2006-02-01,46368,3680,-1346,0
"1501",2006-02-02,45108,3580,290,0
"1502",2006-02-03,44772,3553,0,1134
"1503",2006-02-06,45780,3633,0,161
"1504",2006-02-07,45612,3620,0,0
"1505",2006-02-08,44772,3553,426,0
"1506",2006-02-09,45108,3580,0,0
"1507",2006-02-10,45108,3580,0,0
"1508",2006-02-13,44856,3560,928,0
"1509",2006-02-14,44436,3527,0,759
"1510",2006-02-15,44604,3540,0,0
"1511",2006-02-16,44940,3567,0,0
"1512",2006-02-17,43680,3467,208,0
"1513",2006-02-20,44604,3540,0,444
"1514",2006-02-21,43260,3433,0,179
"1515",2006-02-22,43260,3433,0,677
"1516",2006-02-23,45696,3627,0,478
"1517",2006-02-24,45192,3587,0,0
"1518",2006-02-27,45780,3633,118,0
"1519",2006-02-28,47964,3807,0,0
"1520",2006-03-02,47460,3767,102,0
"1521",2006-03-03,48048,3813,18,0
"1522",2006-03-06,49224,3907,228,0
"1523",2006-03-07,48720,3867,8,0
"1524",2006-03-08,46788,3713,115,0
"1525",2006-03-09,44940,3567,0,0
"1526",2006-03-10,44268,3513,0,0
"1527",2006-03-13,47040,3733,0,0
"1528",2006-03-14,47040,3733,2779,0
"1529",2006-03-15,47880,3800,1137,0
"1530",2006-03-16,46200,3667,635,0
"1531",2006-03-17,46284,3673,0,0
"1532",2006-03-20,48048,3813,0,0
"1533",2006-03-21,48720,3867,0,0
"1534",2006-03-22,46116,3660,677,0
"1535",2006-03-23,47880,3800,0,0
"1536",2006-03-24,47880,3800,0,0
"1537",2006-03-27,47208,3747,509,0
"1538",2006-03-28,47712,3787,0,0
"1539",2006-03-29,47544,3773,0,0
"1540",2006-03-30,46956,3727,580,0
"1541",2006-03-31,45780,3633,0,0
"1542",2006-04-03,45528,3613,0,0
"1543",2006-04-04,46872,3720,0,0
"1544",2006-04-05,45444,3607,0,0
"1545",2006-04-06,46536,3693,0,108
"1546",2006-04-07,46872,3720,-4511,3545
"1547",2006-04-10,46704,3707,0,0
"1548",2006-04-11,46704,3707,-137,0
"1549",2006-04-12,46536,3693,-5037,2924
"1550",2006-04-13,45528,3613,-1784,2970
"1551",2006-04-14,45612,3620,-8103,9266
"1552",2006-04-17,46116,3660,0,0
"1553",2006-04-18,46284,3673,-10430,4654
"1554",2006-04-19,46116,3660,-5670,589
"1555",2006-04-20,45444,3607,-19506,983
"1556",2006-04-21,45108,3580,-3188,0
"1557",2006-04-24,45948,3647,-4691,0
"1558",2006-04-25,45108,3580,-584,0
"1559",2006-04-26,45192,3587,7518,0
"1560",2006-04-27,45192,3587,1124,0
"1561",2006-04-28,45360,3600,0,0
"1562",2006-05-02,45360,3600,2053,0
"1563",2006-05-03,45360,3600,1272,0
"1564",2006-05-04,45444,3607,-88,0
"1565",2006-05-08,44856,3560,0,0
"1566",2006-05-09,46032,3653,0,0
"1567",2006-05-10,47292,3753,-1651,0
"1568",2006-05-11,47880,3800,1083,0
"1569",2006-05-12,47880,3800,0,0
"1570",2006-05-15,47880,3800,0,0
"1571",2006-05-16,46452,3687,0,0
"1572",2006-05-17,47796,3793,0,0
"1573",2006-05-18,47796,3793,4181,0
"1574",2006-05-19,47880,3800,0,0
"1575",2006-05-22,48132,3820,0,0
"1576",2006-05-23,47964,3807,0,0
"1577",2006-05-24,47376,3760,0,0
"1578",2006-05-25,44856,3560,0,0
"1579",2006-05-26,45360,3600,0,0
"1580",2006-05-29,46200,3667,6897,0
"1581",2006-05-30,46620,3700,0,0
"1582",2006-06-01,46704,3707,0,0
"1583",2006-06-02,45528,3613,0,0
"1584",2006-06-05,45696,3627,0,0
"1585",2006-06-07,46032,3653,1684,0
"1586",2006-06-08,42000,3333,0,0
"1587",2006-06-09,42336,3360,0,0
"1588",2006-06-12,44940,3567,0,0
"1589",2006-06-13,44436,3527,0,0
"1590",2006-06-14,41328,3280,0,0
"1591",2006-06-15,42000,3333,0,0
"1592",2006-06-16,46200,3667,3451,0
"1593",2006-06-19,46200,3667,0,0
"1594",2006-06-20,46200,3667,0,0
"1595",2006-06-21,47712,3787,0,0
"1596",2006-06-22,44520,3533,0,0
"1597",2006-06-23,45528,3613,0,0
"1598",2006-06-26,46956,3727,0,0
"1599",2006-06-27,45864,3640,0,0
"1600",2006-06-28,44100,3500,0,0
"1601",2006-06-29,45024,3573,0,0
"1602",2006-06-30,45948,3647,0,0
"1603",2006-07-03,46200,3667,0,0
"1604",2006-07-04,43932,3487,0,0
"1605",2006-07-05,43512,3453,0,0
"1606",2006-07-06,42756,3393,0,0
"1607",2006-07-07,41412,3287,0,0
"1608",2006-07-10,43344,3440,0,0
"1609",2006-07-11,45360,3600,2992,0
"1610",2006-07-12,43512,3453,0,0
"1611",2006-07-13,44268,3513,0,0
"1612",2006-07-14,43680,3467,0,0
"1613",2006-07-18,42420,3367,0,0
"1614",2006-07-19,43512,3453,0,0
"1615",2006-07-20,41412,3287,0,0
"1616",2006-07-21,43680,3467,0,0
"1617",2006-07-24,42420,3367,0,0
"1618",2006-07-25,43260,3433,0,0
"1619",2006-07-26,43008,3413,0,0
"1620",2006-07-27,43008,3413,1003,0
"1621",2006-07-28,43428,3447,0,0
"1622",2006-07-31,43512,3453,0,0
"1623",2006-08-01,43344,3440,0,0
"1624",2006-08-02,41160,3267,530,0
"1625",2006-08-03,42756,3393,0,0
"1626",2006-08-04,42756,3393,755,0
"1627",2006-08-07,40824,3240,1007,0
"1628",2006-08-08,40992,3253,0,0
"1629",2006-08-09,40320,3200,1242,0
"1630",2006-08-10,41916,3327,0,0
"1631",2006-08-11,41748,3313,0,0
"1632",2006-08-14,41328,3280,0,0
"1633",2006-08-16,42000,3333,0,0
"1634",2006-08-17,42000,3333,0,0
"1635",2006-08-18,42504,3373,0,0
"1636",2006-08-21,42588,3380,378,0
"1637",2006-08-22,42420,3367,0,0
"1638",2006-08-23,42420,3367,0,0
"1639",2006-08-24,42504,3373,0,0
"1640",2006-08-25,42084,3340,0,0
"1641",2006-08-28,42252,3353,0,0
"1642",2006-08-29,42336,3360,0,0
"1643",2006-08-30,41748,3313,0,0
"1644",2006-08-31,40740,3233,0,0
"1645",2006-09-01,41160,3267,0,0
"1646",2006-09-04,41034,3257,0,0
"1647",2006-09-05,40908,3247,0,0
"1648",2006-09-06,40908,3247,0,0
"1649",2006-09-07,40908,3247,0,0
"1650",2006-09-08,40740,3233,0,0
"1651",2006-09-11,40656,3227,0,0
"1652",2006-09-12,40656,3227,0,0
"1653",2006-09-13,40572,3220,0,0
"1654",2006-09-14,40866,3243,1016,0
"1655",2006-09-15,40824,3240,0,0
"1656",2006-09-18,40908,3247,0,0
"1657",2006-09-19,42252,3353,0,0
"1658",2006-09-20,40236,3193,0,0
"1659",2006-09-21,40026,3177,0,0
"1660",2006-09-22,40446,3210,0,0
"1661",2006-09-25,40782,3237,0,0
"1662",2006-09-26,40908,3247,0,0
"1663",2006-09-27,41034,3257,0,0
"1664",2006-09-28,38724,3073,0,0
"1665",2006-09-29,40740,3233,0,0
"1666",2006-10-02,41412,3287,0,0
"1667",2006-10-04,41118,3263,244,0
"1668",2006-10-09,39900,3167,0,0
"1669",2006-10-10,41538,3297,0,0
"1670",2006-10-11,41328,3280,0,0
"1671",2006-10-12,41202,3270,0,0
"1672",2006-10-13,40614,3223,0,0
"1673",2006-10-16,45360,3600,0,0
"1674",2006-10-17,43260,3433,0,0
"1675",2006-10-18,43680,3467,0,0
"1676",2006-10-19,41580,3300,0,0
"1677",2006-10-20,42588,3380,0,0
"1678",2006-10-23,42588,3380,0,0
"1679",2006-10-24,43092,3420,0,0
"1680",2006-10-25,45360,3600,0,0
"1681",2006-10-26,44856,3560,0,0
"1682",2006-10-27,44856,3560,0,0
"1683",2006-10-30,44688,3547,0,0
"1684",2006-10-31,45192,3587,0,0
"1685",2006-11-01,44436,3527,0,0
"1686",2006-11-02,44016,3493,0,0
"1687",2006-11-03,45192,3587,0,0
"1688",2006-11-06,43344,3440,0,0
"1689",2006-11-07,44352,3520,0,0
"1690",2006-11-08,43596,3460,-4163,0
"1691",2006-11-09,43512,3453,0,0
"1692",2006-11-10,42924,3407,0,0
"1693",2006-11-13,42420,3367,0,0
"1694",2006-11-14,42840,3400,0,0
"1695",2006-11-15,42084,3340,0,692
"1696",2006-11-16,42000,3333,-150,3150
"1697",2006-11-17,42000,3333,-233,0
"1698",2006-11-20,42000,3333,0,0
"1699",2006-11-21,42336,3360,-40432,5164
"1700",2006-11-22,42588,3380,-10098,0
"1701",2006-11-23,41496,3293,-2875,0
"1702",2006-11-24,41202,3270,-8083,10078
"1703",2006-11-27,41118,3263,0,621
"1704",2006-11-28,40404,3207,-19224,7847
"1705",2006-11-29,40530,3217,-14411,764
"1706",2006-11-30,40992,3253,-7500,-15
"1707",2006-12-01,40992,3253,0,0
"1708",2006-12-04,41244,3273,0,0
"1709",2006-12-05,41160,3267,0,0
"1710",2006-12-06,40698,3230,0,0
"1711",2006-12-07,40656,3227,0,0
"1712",2006-12-08,38808,3080,0,0
"1713",2006-12-11,38766,3077,0,0
"1714",2006-12-12,39102,3103,0,0
"1715",2006-12-13,39060,3100,0,0
"1716",2006-12-14,40320,3200,0,0
"1717",2006-12-15,40824,3240,0,0
"1718",2006-12-18,40068,3180,0,0
"1719",2006-12-19,40320,3200,0,0
"1720",2006-12-20,40320,3200,0,0
"1721",2006-12-21,40488,3213,0,0
"1722",2006-12-22,40698,3230,0,0
"1723",2006-12-26,40320,3200,0,0
"1724",2006-12-27,40194,3190,0,0
"1725",2006-12-28,40320,3200,0,0
"1726",2007-01-02,39522,3137,0,0
"1727",2007-01-03,38556,3060,0,0
"1728",2007-01-04,38850,3083,0,0
"1729",2007-01-05,39438,3130,0,0
"1730",2007-01-08,39354,3123,0,0
"1731",2007-01-09,38304,3040,0,0
"1732",2007-01-10,36960,2933,0,0
"1733",2007-01-11,36792,2920,0,0
"1734",2007-01-12,38304,3040,0,0
"1735",2007-01-15,38346,3043,0,0
"1736",2007-01-16,37758,2997,0,0
"1737",2007-01-17,36834,2923,0,0
"1738",2007-01-18,37212,2953,0,0
"1739",2007-01-19,36540,2900,0,0
"1740",2007-01-22,35700,2833,0,0
"1741",2007-01-23,36036,2860,0,0
"1742",2007-01-24,36288,2880,0,0
"1743",2007-01-25,36876,2927,0,0
"1744",2007-01-26,36708,2913,0,0
"1745",2007-01-29,35658,2830,0,0
"1746",2007-01-30,36120,2867,0,0
"1747",2007-01-31,35616,2827,0,0
"1748",2007-02-01,36288,2880,0,0
"1749",2007-02-02,36750,2917,0,0
"1750",2007-02-05,36792,2920,0,0
"1751",2007-02-06,38262,3037,0,0
"1752",2007-02-07,38010,3017,0,0
"1753",2007-02-08,38136,3027,0,0
"1754",2007-02-09,38640,3067,0,0
"1755",2007-02-12,38724,3073,0,0
"1756",2007-02-13,38220,3033,0,0
"1757",2007-02-14,38178,3030,0,0
"1758",2007-02-15,38220,3033,0,0
"1759",2007-02-16,38640,3067,0,0
"1760",2007-02-20,38808,3080,0,0
"1761",2007-02-21,38640,3067,0,0
"1762",2007-02-22,38934,3090,0,0
"1763",2007-02-23,39480,3133,0,0
"1764",2007-02-26,40068,3180,0,0
"1765",2007-02-27,40320,3200,0,0
"1766",2007-02-28,39900,3167,0,0
"1767",2007-03-02,39900,3167,0,0
"1768",2007-03-05,39900,3167,0,0
"1769",2007-03-06,39900,3167,0,0
"1770",2007-03-07,40152,3187,0,0
"1771",2007-03-08,40026,3177,0,0
"1772",2007-03-09,40488,3213,0,0
"1773",2007-03-12,39648,3147,0,0
"1774",2007-03-13,40278,3197,-157,0
"1775",2007-03-14,40068,3180,-3,0
"1776",2007-03-15,39522,3137,0,0
"1777",2007-03-16,39900,3167,0,0
"1778",2007-03-19,41958,3330,0,0
"1779",2007-03-20,40488,3213,0,0
"1780",2007-03-21,41160,3267,2363,0
"1781",2007-03-22,42000,3333,1553,0
"1782",2007-03-23,42588,3380,1581,0
"1783",2007-03-26,42252,3353,221,0
"1784",2007-03-27,42252,3353,498,0
"1785",2007-03-28,42168,3347,1537,0
"1786",2007-03-29,42000,3333,-5214,0
"1787",2007-03-30,42084,3340,875,0
"1788",2007-04-02,42000,3333,0,0
"1789",2007-04-03,42756,3393,405,0
"1790",2007-04-04,42756,3393,407,0
"1791",2007-04-05,45024,3573,0,0
"1792",2007-04-06,44520,3533,0,0
"1793",2007-04-09,45780,3633,0,0
"1794",2007-04-10,45696,3627,0,-112
"1795",2007-04-11,46536,3693,-3269,0
"1796",2007-04-12,47040,3733,0,-1980
"1797",2007-04-13,47040,3733,0,-708
"1798",2007-04-16,47040,3733,0,0
"1799",2007-04-17,51240,4067,0,0
"1800",2007-04-18,49728,3947,0,0
"1801",2007-04-19,49560,3933,0,0
"1802",2007-04-20,49560,3933,0,0
"1803",2007-04-23,49980,3967,0,0
"1804",2007-04-24,49728,3947,2242,0
"1805",2007-04-25,49644,3940,1158,0
"1806",2007-04-26,49644,3940,0,0
"1807",2007-04-27,50064,3973,1186,0
"1808",2007-04-30,48804,3873,0,0
"1809",2007-05-02,49896,3960,0,0
"1810",2007-05-03,51912,4120,16891,0
"1811",2007-05-04,53676,4260,16069,0
"1812",2007-05-07,53340,4233,6297,0
"1813",2007-05-08,56532,4487,0,0
"1814",2007-05-09,60060,4767,11158,0
"1815",2007-05-10,60396,4793,9244,0
"1816",2007-05-11,60060,4767,0,0
"1817",2007-05-14,58968,4680,5623,0
"1818",2007-05-15,58296,4627,0,0
"1819",2007-05-16,53760,4267,0,0
"1820",2007-05-17,55104,4373,-6640,0
"1821",2007-05-18,57120,4533,0,12600
"1822",2007-05-21,58548,4647,0,0
"1823",2007-05-22,58464,4640,0,0
"1824",2007-05-23,57288,4547,1233,0
"1825",2007-05-25,60480,4800,-2639,0
"1826",2007-05-28,69552,5520,0,-55476
"1827",2007-05-29,69300,5500,0,80
"1828",2007-05-30,69216,5493,1648,-81
"1829",2007-05-31,69804,5540,40997,0
"1830",2007-06-01,66444,5273,0,0
"1831",2007-06-04,65268,5180,0,0
"1832",2007-06-05,64512,5120,0,2162
"1833",2007-06-07,65184,5173,3863,1575
"1834",2007-06-08,64260,5100,0,2881
"1835",2007-06-11,64512,5120,6307,1903
"1836",2007-06-12,66360,5267,0,0
"1837",2007-06-13,66360,5267,0,0
"1838",2007-06-14,68040,5400,11810,0
"1839",2007-06-15,66444,5273,0,0
"1840",2007-06-18,65100,5167,0,0
"1841",2007-06-19,65436,5193,0,0
"1842",2007-06-20,64848,5147,0,6162
"1843",2007-06-21,65940,5233,0,0
"1844",2007-06-22,65436,5193,0,0
"1845",2007-06-25,64344,5107,0,0
"1846",2007-06-26,62748,4980,0,34303
"1847",2007-06-27,58716,4660,0,12471
"1848",2007-06-28,60480,4800,0,1418
"1849",2007-06-29,60900,4833,0,7
"1850",2007-07-02,60900,4833,0,0
"1851",2007-07-03,60060,4767,0,0
"1852",2007-07-04,60480,4800,0,0
"1853",2007-07-05,60732,4820,0,0
"1854",2007-07-06,60900,4833,1443,0
"1855",2007-07-09,59220,4700,0,0
"1856",2007-07-10,59220,4700,0,0
"1857",2007-07-11,59640,4733,0,0
"1858",2007-07-12,60480,4800,320,0
"1859",2007-07-13,60480,4800,1192,0
"1860",2007-07-16,59724,4740,0,0
"1861",2007-07-18,58464,4640,0,0
"1862",2007-07-19,57708,4580,0,0
"1863",2007-07-20,59640,4733,3964,0
"1864",2007-07-23,59304,4707,0,0
"1865",2007-07-24,57960,4600,0,0
"1866",2007-07-25,58380,4633,0,0
"1867",2007-07-26,57960,4600,0,0
"1868",2007-07-27,57792,4587,0,0
"1869",2007-07-30,58380,4633,0,0
"1870",2007-07-31,59640,4733,0,0
"1871",2007-08-01,58632,4653,0,0
"1872",2007-08-02,58548,4647,0,0
"1873",2007-08-03,58884,4673,701,0
"1874",2007-08-06,58800,4667,0,0
"1875",2007-08-07,57540,4567,0,0
"1876",2007-08-08,57960,4600,0,0
"1877",2007-08-09,57792,4587,0,0
"1878",2007-08-10,57120,4533,3382,0
"1879",2007-08-13,57120,4533,1395,0
"1880",2007-08-14,57120,4533,0,0
"1881",2007-08-16,51072,4053,0,0
"1882",2007-08-17,50820,4033,0,0
"1883",2007-08-20,51408,4080,0,0
"1884",2007-08-21,53004,4207,0,0
"1885",2007-08-22,57120,4533,13109,0
"1886",2007-08-23,57708,4580,0,0
"1887",2007-08-24,56280,4467,0,0
"1888",2007-08-27,56280,4467,0,0
"1889",2007-08-28,56700,4500,0,0
"1890",2007-08-29,56280,4467,0,0
"1891",2007-08-30,55440,4400,0,438
"1892",2007-08-31,55188,4380,0,6173
"1893",2007-09-03,55524,4407,0,0
"1894",2007-09-04,55272,4387,0,0
"1895",2007-09-05,54852,4353,0,0
"1896",2007-09-06,55188,4380,0,0
"1897",2007-09-07,54180,4300,0,0
"1898",2007-09-10,53844,4273,0,0
"1899",2007-09-11,54264,4307,0,0
"1900",2007-09-12,53844,4273,0,0
"1901",2007-09-13,55272,4387,0,0
"1902",2007-09-14,55944,4440,0,0
"1903",2007-09-17,56280,4467,0,0
"1904",2007-09-18,57540,4567,0,0
"1905",2007-09-19,57624,4573,0,247
"1906",2007-09-20,54936,4360,0,-247
"1907",2007-09-21,55440,4400,0,0
"1908",2007-09-27,55188,4380,0,0
"1909",2007-09-28,56280,4467,0,0
"1910",2007-10-01,58716,4660,0,0
"1911",2007-10-02,59136,4693,0,0
"1912",2007-10-04,59136,4693,0,0
"1913",2007-10-05,59640,4733,-3561,0
"1914",2007-10-08,60144,4773,0,0
"1915",2007-10-09,59388,4713,0,0
"1916",2007-10-10,58464,4640,0,0
"1917",2007-10-11,56700,4500,-1451,0
"1918",2007-10-12,54936,4360,0,0
"1919",2007-10-15,57288,4547,0,0
"1920",2007-10-16,57708,4580,0,0
"1921",2007-10-17,55776,4427,0,0
"1922",2007-10-18,57036,4527,0,0
"1923",2007-10-19,56196,4460,0,0
"1924",2007-10-22,55440,4400,0,0
"1925",2007-10-23,55440,4400,-3220,0
"1926",2007-10-24,55020,4367,-2135,0
"1927",2007-10-25,55188,4380,0,0
"1928",2007-10-26,54936,4360,0,0
"1929",2007-10-29,53676,4260,0,0
"1930",2007-10-30,53676,4260,0,0
"1931",2007-10-31,53256,4227,0,0
"1932",2007-11-01,53844,4273,0,0
"1933",2007-11-02,53592,4253,0,0
"1934",2007-11-05,52920,4200,0,0
"1935",2007-11-06,52920,4200,0,0
"1936",2007-11-07,53088,4213,0,0
"1937",2007-11-08,51660,4100,-1845,0
"1938",2007-11-09,51912,4120,-8164,0
"1939",2007-11-12,51576,4093,0,0
"1940",2007-11-13,51408,4080,0,0
"1941",2007-11-14,51408,4080,0,0
"1942",2007-11-15,51912,4120,0,0
"1943",2007-11-16,50316,3993,0,0
"1944",2007-11-19,49644,3940,0,0
"1945",2007-11-20,48468,3847,0,0
"1946",2007-11-21,48636,3860,0,0
"1947",2007-11-22,48552,3853,0,0
"1948",2007-11-23,47880,3800,0,0
"1949",2007-11-26,47880,3800,0,0
"1950",2007-11-27,47880,3800,1420,0
"1951",2007-11-28,45612,3620,1070,0
"1952",2007-11-29,46200,3667,-1105,0
"1953",2007-11-30,46620,3700,-162,0
"1954",2007-12-03,47292,3753,0,0
"1955",2007-12-04,48720,3867,0,0
"1956",2007-12-05,49224,3907,0,0
"1957",2007-12-06,50232,3987,-587,0
"1958",2007-12-07,50232,3987,0,0
"1959",2007-12-10,47964,3807,0,0
"1960",2007-12-11,48468,3847,0,0
"1961",2007-12-12,48468,3847,0,0
"1962",2007-12-13,47292,3753,-177,0
"1963",2007-12-14,47040,3733,-1130,0
"1964",2007-12-17,46200,3667,0,0
"1965",2007-12-18,47040,3733,-3285,0
"1966",2007-12-20,47208,3747,-550,0
"1967",2007-12-21,47880,3800,0,0
"1968",2007-12-24,46620,3700,0,0
"1969",2007-12-26,47964,3807,0,676
"1970",2007-12-27,48804,3873,0,0
"1971",2007-12-28,49308,3913,0,0
"1972",2008-01-02,46872,3720,-1849,0
"1973",2008-01-03,46788,3713,-2104,0
"1974",2008-01-04,46704,3707,-994,0
"1975",2008-01-07,46200,3667,-2083,0
"1976",2008-01-08,45780,3633,0,0
"1977",2008-01-09,45192,3587,-7905,0
"1978",2008-01-10,44520,3533,-19891,0
"1979",2008-01-11,44520,3533,0,0
"1980",2008-01-14,44940,3567,-5312,0
"1981",2008-01-15,44688,3547,-4175,0
"1982",2008-01-16,44100,3500,-11,0
"1983",2008-01-17,44352,3520,104,0
"1984",2008-01-18,44856,3560,-20,0
"1985",2008-01-21,44100,3500,1513,0
"1986",2008-01-22,44016,3493,4140,0
"1987",2008-01-23,44520,3533,4355,0
"1988",2008-01-24,44520,3533,0,0
"1989",2008-01-25,46032,3653,-11,0
"1990",2008-01-28,44940,3567,32,0
"1991",2008-01-29,45192,3587,90,0
"1992",2008-01-30,43764,3473,77,0
"1993",2008-01-31,43764,3473,0,0
"1994",2008-02-01,43512,3453,0,0
"1995",2008-02-04,45696,3627,-33,0
"1996",2008-02-05,45948,3647,1,0
"1997",2008-02-11,45780,3633,8,0
"1998",2008-02-12,46368,3680,1,0
"1999",2008-02-13,46200,3667,275,0
"2000",2008-02-14,46704,3707,-33,0
"2001",2008-02-15,46200,3667,11,0
"2002",2008-02-18,47040,3733,11,67
"2003",2008-02-19,47880,3800,-1,193
"2004",2008-02-20,47796,3793,0,138
"2005",2008-02-21,47880,3800,11,0
"2006",2008-02-22,47544,3773,23,0
"2007",2008-02-25,47124,3740,11,0
"2008",2008-02-26,47460,3767,-12,0
"2009",2008-02-27,47628,3780,33,0
"2010",2008-02-28,46116,3660,11,167
"2011",2008-02-29,45864,3640,0,0
"2012",2008-03-03,45192,3587,-22,0
"2013",2008-03-04,45024,3573,0,0
"2014",2008-03-05,44688,3547,13,0
"2015",2008-03-06,44940,3567,0,0
"2016",2008-03-07,44352,3520,117,0
"2017",2008-03-10,44940,3567,-11,0
"2018",2008-03-11,45192,3587,0,0
"2019",2008-03-12,46200,3667,10,0
"2020",2008-03-13,45864,3640,22,0
"2021",2008-03-14,46032,3653,11,0
"2022",2008-03-17,44856,3560,8,0
"2023",2008-03-18,45192,3587,11,0
"2024",2008-03-19,45192,3587,5,0
"2025",2008-03-20,45108,3580,0,0
"2026",2008-03-21,45360,3600,5421,0
"2027",2008-03-24,45948,3647,22,0
"2028",2008-03-25,45612,3620,-567,-376
"2029",2008-03-26,45528,3613,-62,0
"2030",2008-03-27,45696,3627,1103,0
"2031",2008-03-28,46116,3660,13,0
"2032",2008-03-31,46536,3693,274,0
"2033",2008-04-01,47040,3733,0,0
"2034",2008-04-02,47292,3753,11,0
"2035",2008-04-03,47292,3753,4,0
"2036",2008-04-04,47712,3787,0,0
"2037",2008-04-07,47712,3787,11,0
"2038",2008-04-08,46284,3673,-545,0
"2039",2008-04-10,46536,3693,3289,0
"2040",2008-04-11,46956,3727,110,0
"2041",2008-04-14,47376,3760,-1,0
"2042",2008-04-15,47292,3753,78,0
"2043",2008-04-16,47376,3760,11,0
"2044",2008-04-17,47712,3787,-282,0
"2045",2008-04-18,47796,3793,45,0
"2046",2008-04-21,47460,3767,-171,0
"2047",2008-04-22,47880,3800,-139,0
"2048",2008-04-23,48300,3833,0,0
"2049",2008-04-24,48720,3867,0,0
"2050",2008-04-25,49308,3913,11,0
"2051",2008-04-28,49896,3960,-76,0
"2052",2008-04-29,49812,3953,-77,0
"2053",2008-04-30,50148,3980,0,0
"2054",2008-05-02,50652,4020,0,0
"2055",2008-05-06,50652,4020,0,0
"2056",2008-05-07,49980,3967,-38,0
"2057",2008-05-08,50652,4020,0,0
"2058",2008-05-09,50400,4000,0,0
"2059",2008-05-13,50484,4007,0,0
"2060",2008-05-14,50316,3993,0,0
"2061",2008-05-15,50568,4013,-13,0
"2062",2008-05-16,50736,4027,-12,0
"2063",2008-05-19,51324,4073,1,0
"2064",2008-05-20,51072,4053,0,0
"2065",2008-05-21,50904,4040,12,0
"2066",2008-05-22,50904,4040,24,0
"2067",2008-05-23,50820,4033,12,0
"2068",2008-05-26,50820,4033,20,0
"2069",2008-05-27,50400,4000,42,0
"2070",2008-05-28,50988,4047,0,0
"2071",2008-05-29,50400,4000,-144,0
"2072",2008-05-30,50316,3993,-51,0
"2073",2008-06-02,50652,4020,0,0
"2074",2008-06-03,50148,3980,-397,0
"2075",2008-06-04,49644,3940,-609,0
"2076",2008-06-05,49056,3893,-69,0
"2077",2008-06-09,49980,3967,-1973,99
"2078",2008-06-10,49140,3900,32,62
"2079",2008-06-11,48636,3860,-71,-161
"2080",2008-06-12,47880,3800,-375,0
"2081",2008-06-13,46452,3687,-2237,0
"2082",2008-06-16,46032,3653,-18768,0
"2083",2008-06-17,45612,3620,-478,0
"2084",2008-06-18,45612,3620,-126,0
"2085",2008-06-19,45192,3587,-263,-107
"2086",2008-06-20,45192,3587,-1072,0
"2087",2008-06-23,44772,3553,-278,0
"2088",2008-06-24,44352,3520,-1821,-53
"2089",2008-06-25,44352,3520,-4162,0
"2090",2008-06-26,44352,3520,-1107,0
"2091",2008-06-27,43932,3487,-246,0
"2092",2008-06-30,44352,3520,-1037,0
"2093",2008-07-01,44352,3520,0,0
"2094",2008-07-02,43680,3467,-118,0
"2095",2008-07-03,41580,3300,19,0
"2096",2008-07-04,41580,3300,-736,0
"2097",2008-07-07,41160,3267,-284,0
"2098",2008-07-08,40236,3193,-18,0
"2099",2008-07-09,39858,3163,-2632,0
"2100",2008-07-10,42000,3333,-3066,0
"2101",2008-07-11,41664,3307,39,0
"2102",2008-07-14,41580,3300,13,0
"2103",2008-07-15,41160,3267,82,0
"2104",2008-07-16,41160,3267,22,0
"2105",2008-07-17,41790,3317,31,0
"2106",2008-07-18,41916,3327,-41,0
"2107",2008-07-21,42000,3333,-1,0
"2108",2008-07-22,41580,3300,40,0
"2109",2008-07-23,40950,3250,136,0
"2110",2008-07-24,41160,3267,-40,0
"2111",2008-07-25,41118,3263,22,0
"2112",2008-07-28,40992,3253,-59,0
"2113",2008-07-29,40950,3250,-1,0
"2114",2008-07-30,41622,3303,28,0
"2115",2008-07-31,41622,3303,70,0
"2116",2008-08-01,41412,3287,-29,0
"2117",2008-08-04,41412,3287,-376,0
"2118",2008-08-05,42000,3333,50,0
"2119",2008-08-06,42336,3360,-10,0
"2120",2008-08-07,41916,3327,5,0
"2121",2008-08-08,42252,3353,20,0
"2122",2008-08-11,42420,3367,0,0
"2123",2008-08-12,43008,3413,-10,0
"2124",2008-08-13,42672,3387,74,0
"2125",2008-08-14,43260,3433,55,0
"2126",2008-08-18,43092,3420,-34,0
"2127",2008-08-19,40782,3237,-4,0
"2128",2008-08-20,42000,3333,-51,0
"2129",2008-08-21,43428,3447,28,0
"2130",2008-08-22,43512,3453,-61,0
"2131",2008-08-25,42924,3407,133,0
"2132",2008-08-26,44268,3513,-93,0
"2133",2008-08-27,43428,3447,31,0
"2134",2008-08-28,43260,3433,13,0
"2135",2008-08-29,43680,3467,-69,0
"2136",2008-09-01,42672,3387,-40,0
"2137",2008-09-02,43512,3453,2,0
"2138",2008-09-03,43176,3427,-2,0
"2139",2008-09-04,43176,3427,-7,0
"2140",2008-09-05,42924,3407,-9,0
"2141",2008-09-08,43680,3467,31,0
"2142",2008-09-09,43344,3440,30,0
"2143",2008-09-10,42924,3407,-77,0
"2144",2008-09-11,44772,3553,-71,0
"2145",2008-09-12,44184,3507,64,0
"2146",2008-09-16,42672,3387,-30,0
"2147",2008-09-17,42756,3393,20,0
"2148",2008-09-18,42000,3333,15,0
"2149",2008-09-19,42336,3360,33,0
"2150",2008-09-22,42336,3360,16,0
"2151",2008-09-23,42336,3360,-98,0
"2152",2008-09-24,41874,3323,2,0
"2153",2008-09-25,42000,3333,20,0
"2154",2008-09-26,42000,3333,11,0
"2155",2008-09-29,41916,3327,-45,0
"2156",2008-09-30,41664,3307,1,0
"2157",2008-10-01,41748,3313,10,0
"2158",2008-10-02,41748,3313,0,0
"2159",2008-10-06,41580,3300,17,0
"2160",2008-10-07,41916,3327,-8,0
"2161",2008-10-08,40362,3203,-19,0
"2162",2008-10-09,40278,3197,-156,0
"2163",2008-10-10,40992,3253,57,0
"2164",2008-10-13,41034,3257,-30,0
"2165",2008-10-14,39984,3173,-2004,0
"2166",2008-10-15,40236,3193,-116,0
"2167",2008-10-16,39480,3133,170,0
"2168",2008-10-17,39648,3147,19,0
"2169",2008-10-20,41538,3297,-112,0
"2170",2008-10-21,40740,3233,-25,0
"2171",2008-10-22,40530,3217,-13,0
"2172",2008-10-23,40320,3200,-96,0
"2173",2008-10-24,39480,3133,86,0
"2174",2008-10-27,38388,3047,-61,0
"2175",2008-10-28,40572,3220,-9,0
"2176",2008-10-29,40572,3220,22,0
"2177",2008-10-30,41916,3327,-45,0
"2178",2008-10-31,42000,3333,157,0
"2179",2008-11-03,41160,3267,571,0
"2180",2008-11-04,40614,3223,-145,0
"2181",2008-11-05,41034,3257,34,0
"2182",2008-11-06,40362,3203,-80,0
"2183",2008-11-07,42000,3333,-518,0
"2184",2008-11-10,41202,3270,316,0
"2185",2008-11-11,40278,3197,-12,0
"2186",2008-11-12,40446,3210,-221,0
"2187",2008-11-13,40320,3200,-78,0
"2188",2008-11-14,40320,3200,-60,0
"2189",2008-11-17,40320,3200,-24,0
"2190",2008-11-18,41160,3267,75,0
"2191",2008-11-19,40320,3200,-1,0
"2192",2008-11-20,40320,3200,-52,0
"2193",2008-11-21,40320,3200,1,0
"2194",2008-11-24,41916,3327,-513,0
"2195",2008-11-25,40992,3253,-25,0
"2196",2008-11-26,40614,3223,32,0
"2197",2008-11-27,40320,3200,-87,0
"2198",2008-11-28,41034,3257,-4,0
"2199",2008-12-01,41916,3327,4,0
"2200",2008-12-02,41160,3267,0,0
"2201",2008-12-03,41832,3320,-10,0
"2202",2008-12-04,40782,3237,30,0
"2203",2008-12-05,39984,3173,10,0
"2204",2008-12-08,40908,3247,-67,0
"2205",2008-12-09,40614,3223,60,0
"2206",2008-12-10,39900,3167,-2242,0
"2207",2008-12-11,39816,3160,-48,0
"2208",2008-12-12,40194,3190,-323,0
"2209",2008-12-15,40152,3187,-475,0
"2210",2008-12-16,40740,3233,-142,0
"2211",2008-12-17,41454,3290,-1928,0
"2212",2008-12-18,40656,3227,-107,0
"2213",2008-12-19,41118,3263,4,0
"2214",2008-12-22,41076,3260,15,0
"2215",2008-12-23,40866,3243,-58,0
"2216",2008-12-24,41160,3267,-25,0
"2217",2008-12-26,41496,3293,0,0
"2218",2008-12-29,40488,3213,22,0
"2219",2008-12-30,43680,3467,-20,0
"2220",2009-01-02,41160,3267,-55,0
"2221",2009-01-05,41538,3297,30,0
"2222",2009-01-06,41076,3260,8,0
"2223",2009-01-07,41076,3260,36,0
"2224",2009-01-08,40866,3243,-54,0
"2225",2009-01-09,40824,3240,19,0
"2226",2009-01-12,40488,3213,0,0
"2227",2009-01-13,40824,3240,40,0
"2228",2009-01-14,40152,3187,239,0
"2229",2009-01-15,39564,3140,191,0
"2230",2009-01-16,40404,3207,212,0
"2231",2009-01-19,42000,3333,-1888,0
"2232",2009-01-20,39480,3133,-237,0
"2233",2009-01-21,39564,3140,-244,0
"2234",2009-01-22,40110,3183,-18,0
"2235",2009-01-23,40068,3180,20,0
"2236",2009-01-28,40152,3187,-19,0
"2237",2009-01-29,40740,3233,0,0
"2238",2009-01-30,41160,3267,0,0
"2239",2009-02-02,42756,3393,26,0
"2240",2009-02-03,42588,3380,-1,0
"2241",2009-02-04,41748,3313,30,0
"2242",2009-02-05,41706,3310,63,0
"2243",2009-02-06,42000,3333,-116,0
"2244",2009-02-09,42000,3333,59,0
"2245",2009-02-10,42000,3333,65,0
"2246",2009-02-11,42672,3387,-124,0
"2247",2009-02-12,42756,3393,0,0
"2248",2009-02-13,43008,3413,3,0
"2249",2009-02-16,43512,3453,-2,0
"2250",2009-02-17,43680,3467,1,0
"2251",2009-02-18,44772,3553,26,0
"2252",2009-02-19,44436,3527,87,0
"2253",2009-02-20,42672,3387,72,0
"2254",2009-02-23,42000,3333,-151,0
"2255",2009-02-24,42084,3340,172,0
"2256",2009-02-25,42840,3400,-195,0
"2257",2009-02-26,42756,3393,76,0
"2258",2009-02-27,43680,3467,-25,0
"2259",2009-03-02,42840,3400,21,0
"2260",2009-03-03,42504,3373,12,0
"2261",2009-03-04,42840,3400,-50,0
"2262",2009-03-05,42756,3393,55,0
"2263",2009-03-06,42000,3333,57,0
"2264",2009-03-09,43092,3420,-107,0
"2265",2009-03-10,42672,3387,98,0
"2266",2009-03-11,42420,3367,32,0
"2267",2009-03-12,42420,3367,-126,0
"2268",2009-03-13,43176,3427,-1,0
"2269",2009-03-16,42588,3380,78,0
"2270",2009-03-17,42840,3400,-74,0
"2271",2009-03-18,42588,3380,228,0
"2272",2009-03-19,42336,3360,-26,0
"2273",2009-03-20,42840,3400,-201,0
"2274",2009-03-23,42840,3400,76,0
"2275",2009-03-24,42840,3400,25,0
"2276",2009-03-25,42756,3393,-94,0
"2277",2009-03-26,43092,3420,-7,0
"2278",2009-03-27,43428,3447,53,0
"2279",2009-03-30,43512,3453,-71,1
"2280",2009-03-31,43344,3440,131,0
"2281",2009-04-01,43512,3453,-105,0
"2282",2009-04-02,43512,3453,0,0
"2283",2009-04-03,44268,3513,-26,-1
"2284",2009-04-06,44352,3520,5,619
"2285",2009-04-07,44436,3527,0,0
"2286",2009-04-08,43680,3467,21,0
"2287",2009-04-09,45024,3573,-22,0
"2288",2009-04-10,47460,3767,-2787,0
"2289",2009-04-13,48216,3827,57,0
"2290",2009-04-14,47880,3800,-86,0
"2291",2009-04-15,47964,3807,-7,0
"2292",2009-04-16,47376,3760,25,0
"2293",2009-04-17,45864,3640,-108,0
"2294",2009-04-20,45696,3627,27,0
"2295",2009-04-21,46116,3660,110,0
"2296",2009-04-22,46032,3653,-136,0
"2297",2009-04-23,45612,3620,0,0
"2298",2009-04-24,46032,3653,27,0
"2299",2009-04-27,46368,3680,13,0
"2300",2009-04-28,46704,3707,56,0
"2301",2009-04-29,48132,3820,-100,0
"2302",2009-04-30,48720,3867,146,0
"2303",2009-05-04,46536,3693,113,0
"2304",2009-05-06,48636,3860,-28,0
"2305",2009-05-07,47544,3773,-113,0
"2306",2009-05-08,47628,3780,0,7
"2307",2009-05-11,47964,3807,0,0
"2308",2009-05-12,48132,3820,-29,0
"2309",2009-05-13,47544,3773,0,0
"2310",2009-05-14,47376,3760,0,0
"2311",2009-05-15,47208,3747,0,0
"2312",2009-05-18,47880,3800,0,0
"2313",2009-05-19,47880,3800,-72,0
"2314",2009-05-20,48300,3833,0,0
"2315",2009-05-21,48720,3867,0,0
"2316",2009-05-22,49476,3927,0,0
"2317",2009-05-25,50148,3980,28,0
"2318",2009-05-26,49476,3927,72,0
"2319",2009-05-27,49140,3900,0,0
"2320",2009-05-28,48384,3840,-56,0
"2321",2009-05-29,48468,3847,0,-7
"2322",2009-06-01,47880,3800,29,0
"2323",2009-06-02,47964,3807,0,0
"2324",2009-06-03,47376,3760,0,0
"2325",2009-06-04,47796,3793,-28,0
"2326",2009-06-05,47712,3787,0,0
"2327",2009-06-08,48720,3867,258,0
"2328",2009-06-09,48300,3833,45,0
"2329",2009-06-10,47544,3773,129,0
"2330",2009-06-11,46872,3720,-90,0
"2331",2009-06-12,47880,3800,28,0
"2332",2009-06-15,47880,3800,-197,0
"2333",2009-06-16,48552,3853,0,0
"2334",2009-06-17,47292,3753,55,0
"2335",2009-06-18,47124,3740,1,0
"2336",2009-06-19,46536,3693,54,0
"2337",2009-06-22,46452,3687,27,0
"2338",2009-06-23,45948,3647,54,0
"2339",2009-06-24,46200,3667,30,0
"2340",2009-06-25,46200,3667,-1,0
"2341",2009-06-26,46704,3707,55,0
"2342",2009-06-29,46452,3687,131,0
"2343",2009-06-30,46032,3653,28,0
"2344",2009-07-01,46200,3667,-271,0
"2345",2009-07-02,45612,3620,-51,0
"2346",2009-07-03,45780,3633,55,0
"2347",2009-07-06,45696,3627,27,0
"2348",2009-07-07,45948,3647,129,0
"2349",2009-07-08,45948,3647,-15,0
"2350",2009-07-09,46032,3653,-274,0
"2351",2009-07-10,46200,3667,0,5
"2352",2009-07-13,46872,3720,0,0
"2353",2009-07-14,47040,3733,101,0
"2354",2009-07-15,46872,3720,1,0
"2355",2009-07-16,46116,3660,28,0
"2356",2009-07-17,46032,3653,83,0
"2357",2009-07-20,46536,3693,111,0
"2358",2009-07-21,46284,3673,-192,0
"2359",2009-07-22,46284,3673,55,0
"2360",2009-07-23,46200,3667,-127,0
"2361",2009-07-24,47040,3733,28,0
"2362",2009-07-27,47040,3733,28,0
"2363",2009-07-28,46452,3687,142,0
"2364",2009-07-29,46200,3667,16,0
"2365",2009-07-30,46284,3673,-118,0
"2366",2009-07-31,46620,3700,-256,0
"2367",2009-08-03,46116,3660,0,0
"2368",2009-08-04,46116,3660,-1,0
"2369",2009-08-05,46536,3693,28,0
"2370",2009-08-06,46032,3653,28,0
"2371",2009-08-07,46200,3667,-10961,0
"2372",2009-08-10,47628,3780,83,0
"2373",2009-08-11,46452,3687,-149,0
"2374",2009-08-12,46200,3667,-57,0
"2375",2009-08-13,46788,3713,0,0
"2376",2009-08-14,46536,3693,0,0
"2377",2009-08-17,45444,3607,0,0
"2378",2009-08-18,46452,3687,-54,0
"2379",2009-08-19,46032,3653,0,0
"2380",2009-08-20,46788,3713,0,0
"2381",2009-08-21,46200,3667,0,0
"2382",2009-08-24,46704,3707,0,0
"2383",2009-08-25,46536,3693,16,0
"2384",2009-08-26,45948,3647,0,0
"2385",2009-08-27,46200,3667,27,0
"2386",2009-08-28,45360,3600,-28,0
"2387",2009-08-31,46620,3700,0,0
"2388",2009-09-01,46284,3673,28,0
"2389",2009-09-02,46872,3720,-56,0
"2390",2009-09-03,46200,3667,0,0
"2391",2009-09-04,45780,3633,0,0
"2392",2009-09-07,46284,3673,0,0
"2393",2009-09-08,46116,3660,0,0
"2394",2009-09-09,46116,3660,0,0
"2395",2009-09-10,46032,3653,0,0
"2396",2009-09-11,45948,3647,-9168,0
"2397",2009-09-14,46452,3687,-545,0
"2398",2009-09-15,44184,3507,-20470,0
"2399",2009-09-16,42168,3347,-47659,0
"2400",2009-09-17,42504,3373,0,0
"2401",2009-09-18,42672,3387,0,0
"2402",2009-09-21,43176,3427,0,0
"2403",2009-09-22,43176,3427,0,0
"2404",2009-09-23,42420,3367,0,0
"2405",2009-09-24,41958,3330,0,0
"2406",2009-09-25,42000,3333,0,0
"2407",2009-09-28,42504,3373,0,0
"2408",2009-09-29,42672,3387,0,0
"2409",2009-09-30,42672,3387,0,0
"2410",2009-10-01,42504,3373,0,0
"2411",2009-10-05,42000,3333,0,0
"2412",2009-10-06,41916,3327,0,0
"2413",2009-10-07,42000,3333,0,0
"2414",2009-10-08,42336,3360,0,0
"2415",2009-10-09,42588,3380,0,0
"2416",2009-10-12,42504,3373,0,0
"2417",2009-10-13,42420,3367,0,0
"2418",2009-10-14,42504,3373,50,0
"2419",2009-10-15,42420,3367,-25,0
"2420",2009-10-16,42252,3353,0,0
"2421",2009-10-19,42000,3333,0,0
"2422",2009-10-20,42336,3360,0,0
"2423",2009-10-21,42336,3360,0,0
"2424",2009-10-22,42000,3333,0,0
"2425",2009-10-23,42336,3360,0,0
"2426",2009-10-26,42336,3360,0,0
"2427",2009-10-27,42252,3353,0,0
"2428",2009-10-28,42168,3347,0,0
"2429",2009-10-29,42000,3333,0,0
"2430",2009-10-30,42168,3347,0,0
"2431",2009-11-02,42000,3333,0,0
"2432",2009-11-03,42000,3333,0,0
"2433",2009-11-04,42084,3340,0,0
"2434",2009-11-05,42084,3340,0,0
"2435",2009-11-06,42084,3340,0,0
"2436",2009-11-09,42252,3353,0,0
"2437",2009-11-10,42420,3367,0,0
"2438",2009-11-11,42588,3380,0,0
"2439",2009-11-12,42672,3387,0,0
"2440",2009-11-13,42756,3393,0,0
"2441",2009-11-16,42840,3400,0,0
"2442",2009-11-17,42756,3393,0,0
"2443",2009-11-18,42672,3387,0,0
"2444",2009-11-19,42672,3387,0,0
"2445",2009-11-20,42672,3387,0,0
"2446",2009-11-23,42840,3400,0,0
"2447",2009-11-24,42840,3400,0,0
"2448",2009-11-25,42756,3393,0,0
"2449",2009-11-26,42252,3353,0,0
"2450",2009-11-27,42504,3373,0,0
"2451",2009-11-30,42336,3360,0,0
"2452",2009-12-01,42420,3367,0,0
"2453",2009-12-02,42672,3387,0,0
"2454",2009-12-03,42588,3380,0,0
"2455",2009-12-04,42756,3393,0,0
"2456",2009-12-07,42756,3393,0,0
"2457",2009-12-08,42840,3400,0,0
"2458",2009-12-09,42756,3393,0,0
"2459",2009-12-10,42756,3393,0,0
"2460",2009-12-11,42924,3407,0,0
"2461",2009-12-14,42840,3400,0,0
"2462",2009-12-15,43092,3420,0,0
"2463",2009-12-16,43092,3420,0,0
"2464",2009-12-17,43092,3420,0,0
"2465",2009-12-18,42840,3400,0,0
"2466",2009-12-21,43176,3427,0,0
"2467",2009-12-22,43680,3467,0,0
"2468",2009-12-23,43596,3460,0,0
"2469",2009-12-24,44352,3520,0,0
"2470",2009-12-28,44268,3513,0,0
"2471",2009-12-29,43512,3453,0,0
"2472",2009-12-30,42924,3407,26,0
"2473",2010-01-04,42672,3387,0,0
"2474",2010-01-05,42588,3380,0,0
"2475",2010-01-06,42504,3373,0,0
"2476",2010-01-07,42756,3393,0,0
"2477",2010-01-08,42588,3380,0,0
"2478",2010-01-11,42840,3400,0,0
"2479",2010-01-12,42672,3387,-50,0
"2480",2010-01-13,42588,3380,25,0
"2481",2010-01-14,42588,3380,-25,0
"2482",2010-01-15,42336,3360,50,0
"2483",2010-01-18,42336,3360,0,0
"2484",2010-01-19,41916,3327,0,0
"2485",2010-01-20,42336,3360,0,0
"2486",2010-01-21,42336,3360,0,3
"2487",2010-01-22,42168,3347,0,0
"2488",2010-01-25,41916,3327,0,0
"2489",2010-01-26,41874,3323,-25,0
"2490",2010-01-27,41496,3293,0,0
"2491",2010-01-28,42000,3333,-25,0
"2492",2010-01-29,42000,3333,25,0
"2493",2010-02-01,41832,3320,0,0
"2494",2010-02-02,41832,3320,0,0
"2495",2010-02-03,41580,3300,0,0
"2496",2010-02-04,41958,3330,-25,0
"2497",2010-02-05,41496,3293,24,0
"2498",2010-02-08,41160,3267,-25,0
"2499",2010-02-09,41160,3267,0,0
"2500",2010-02-10,41328,3280,0,0
"2501",2010-02-11,41664,3307,0,0
"2502",2010-02-12,41160,3267,0,0
"2503",2010-02-16,41160,3267,0,0
"2504",2010-02-17,42168,3347,25,0
"2505",2010-02-18,42000,3333,0,0
"2506",2010-02-19,41916,3327,-26,0
"2507",2010-02-22,41916,3327,0,0
"2508",2010-02-23,41832,3320,0,0
"2509",2010-02-24,41496,3293,0,0
"2510",2010-02-25,41454,3290,0,0
"2511",2010-02-26,41076,3260,0,0
"2512",2010-03-02,41160,3267,0,0
"2513",2010-03-03,40950,3250,0,0
"2514",2010-03-04,41664,3307,0,0
"2515",2010-03-05,41580,3300,0,0
"2516",2010-03-08,41748,3313,0,0
"2517",2010-03-09,41622,3303,0,0
"2518",2010-03-10,41202,3270,0,0
"2519",2010-03-11,41580,3300,0,0
"2520",2010-03-12,41748,3313,0,0
"2521",2010-03-15,41580,3300,0,0
"2522",2010-03-16,41328,3280,0,0
"2523",2010-03-17,41370,3283,0,0
"2524",2010-03-18,41454,3290,0,0
"2525",2010-03-19,41580,3300,0,0
"2526",2010-03-22,42252,3353,0,-2515
"2527",2010-03-23,42504,3373,0,5
"2528",2010-03-24,42420,3367,0,0
"2529",2010-03-25,42336,3360,0,0
"2530",2010-03-26,42336,3360,0,0
"2531",2010-03-29,42672,3387,26,0
"2532",2010-03-30,42924,3407,0,0
"2533",2010-03-31,42924,3407,0,0
"2534",2010-04-01,42672,3387,0,0
"2535",2010-04-02,42756,3393,0,0
"2536",2010-04-05,42840,3400,0,0
"2537",2010-04-06,45780,3633,0,-5353
"2538",2010-04-07,43932,3487,0,-14
"2539",2010-04-08,44352,3520,0,-317
"2540",2010-04-09,43764,3473,0,-702
"2541",2010-04-12,43176,3427,0,0
"2542",2010-04-13,43848,3480,0,0
"2543",2010-04-14,43512,3453,0,0
"2544",2010-04-15,44100,3500,0,0
"2545",2010-04-16,44184,3507,0,0
"2546",2010-04-19,43260,3433,0,0
"2547",2010-04-20,42840,3400,0,0
"2548",2010-04-21,44100,3500,0,0
"2549",2010-04-22,43848,3480,26,0
"2550",2010-04-23,43680,3467,0,0
"2551",2010-04-26,43512,3453,0,0
"2552",2010-04-27,43092,3420,0,0
"2553",2010-04-28,42756,3393,0,0
"2554",2010-04-29,43428,3447,0,0
"2555",2010-04-30,43428,3447,0,0
"2556",2010-05-03,43512,3453,-26,0
"2557",2010-05-04,43344,3440,0,0
"2558",2010-05-06,42000,3333,0,0
"2559",2010-05-07,41580,3300,0,0
"2560",2010-05-10,42000,3333,25,0
"2561",2010-05-11,41790,3317,0,0
"2562",2010-05-12,41916,3327,0,0
"2563",2010-05-13,41958,3330,0,0
"2564",2010-05-14,42000,3333,15,0
"2565",2010-05-17,42336,3360,0,0
"2566",2010-05-18,42336,3360,0,0
"2567",2010-05-19,42000,3333,0,0
"2568",2010-05-20,42000,3333,0,0
"2569",2010-05-24,42168,3347,0,0
"2570",2010-05-25,41328,3280,0,0
"2571",2010-05-26,41454,3290,0,0
"2572",2010-05-27,41160,3267,49,0
"2573",2010-05-28,41034,3257,0,0
"2574",2010-05-31,41412,3287,24,0
"2575",2010-06-01,41748,3313,24,0
"2576",2010-06-03,42000,3333,0,0
"2577",2010-06-04,42084,3340,25,0
"2578",2010-06-07,41958,3330,0,0
"2579",2010-06-08,41958,3330,0,0
"2580",2010-06-09,42000,3333,0,0
"2581",2010-06-10,41874,3323,0,0
"2582",2010-06-11,41370,3283,0,0
"2583",2010-06-14,41664,3307,0,0
"2584",2010-06-15,41832,3320,0,0
"2585",2010-06-16,42000,3333,0,0
"2586",2010-06-17,41706,3310,0,0
"2587",2010-06-18,41706,3310,0,0
"2588",2010-06-21,41706,3310,0,0
"2589",2010-06-22,41244,3273,0,0
"2590",2010-06-23,41538,3297,0,0
"2591",2010-06-24,41412,3287,0,0
"2592",2010-06-25,41244,3273,0,0
"2593",2010-06-28,41328,3280,0,15
"2594",2010-06-29,41160,3267,0,0
"2595",2010-06-30,41118,3263,0,-14
"2596",2010-07-01,41034,3257,0,0
"2597",2010-07-02,40572,3220,0,0
"2598",2010-07-05,41034,3257,0,0
"2599",2010-07-06,40572,3220,0,0
"2600",2010-07-07,40656,3227,0,0
"2601",2010-07-08,40278,3197,0,0
"2602",2010-07-09,40320,3200,0,0
"2603",2010-07-12,40236,3193,0,0
"2604",2010-07-13,39900,3167,0,0
"2605",2010-07-14,39480,3133,0,0
"2606",2010-07-15,39690,3150,0,0
"2607",2010-07-16,39690,3150,0,0
"2608",2010-07-19,39690,3150,0,0
"2609",2010-07-20,39480,3133,0,0
"2610",2010-07-21,39774,3157,0,0
"2611",2010-07-22,39942,3170,0,0
"2612",2010-07-23,39858,3163,0,0
"2613",2010-07-26,40278,3197,0,0
"2614",2010-07-27,40152,3187,0,0
"2615",2010-07-28,40362,3203,0,0
"2616",2010-07-29,40152,3187,0,0
"2617",2010-07-30,40152,3187,0,0
"2618",2010-08-02,40488,3213,0,0
"2619",2010-08-03,40320,3200,0,0
"2620",2010-08-04,39900,3167,0,0
"2621",2010-08-05,40152,3187,0,0
"2622",2010-08-06,40068,3180,0,0
"2623",2010-08-09,40320,3200,0,0
"2624",2010-08-10,40488,3213,0,0
"2625",2010-08-11,40530,3217,0,0
"2626",2010-08-12,40320,3200,0,0
"2627",2010-08-13,40572,3220,0,0
"2628",2010-08-16,40320,3200,0,0
"2629",2010-08-17,40446,3210,0,0
"2630",2010-08-18,40656,3227,0,0
"2631",2010-08-19,40614,3223,0,0
"2632",2010-08-20,40992,3253,0,0
"2633",2010-08-23,41328,3280,0,0
"2634",2010-08-24,41328,3280,0,0
"2635",2010-08-25,40740,3233,0,0
"2636",2010-08-26,41160,3267,0,0
"2637",2010-08-27,41202,3270,0,0
"2638",2010-08-30,41244,3273,0,0
"2639",2010-08-31,41118,3263,0,0
"2640",2010-09-01,40950,3250,0,970
"2641",2010-09-02,41160,3267,0,484
"2642",2010-09-03,41160,3267,0,0
"2643",2010-09-06,41412,3287,0,0
"2644",2010-09-07,41328,3280,0,0
"2645",2010-09-08,41076,3260,0,0
"2646",2010-09-09,41328,3280,0,0
"2647",2010-09-10,41664,3307,0,0
"2648",2010-09-13,41454,3290,0,0
"2649",2010-09-14,41832,3320,0,0
"2650",2010-09-15,41832,3320,0,0
"2651",2010-09-16,41790,3317,0,0
"2652",2010-09-17,41790,3317,0,0
"2653",2010-09-20,41412,3287,0,0
"2654",2010-09-24,41580,3300,0,0
"2655",2010-09-27,41706,3310,0,0
"2656",2010-09-28,41664,3307,0,0
"2657",2010-09-29,41706,3310,0,0
"2658",2010-09-30,41496,3293,0,0
"2659",2010-10-01,41916,3327,0,0
"2660",2010-10-04,41748,3313,0,0
"2661",2010-10-05,41916,3327,0,0
"2662",2010-10-06,42672,3387,0,0
"2663",2010-10-07,42504,3373,0,0
"2664",2010-10-08,42504,3373,0,0
"2665",2010-10-11,42504,3373,10,0
"2666",2010-10-12,42252,3353,0,0
"2667",2010-10-13,42252,3353,0,0
"2668",2010-10-14,42000,3333,0,0
"2669",2010-10-15,42084,3340,0,0
"2670",2010-10-18,42252,3353,0,0
"2671",2010-10-19,42504,3373,0,0
"2672",2010-10-20,43344,3440,0,0
"2673",2010-10-21,42840,3400,0,0
"2674",2010-10-22,42840,3400,0,0
"2675",2010-10-25,43008,3413,0,0
"2676",2010-10-26,43008,3413,0,0
"2677",2010-10-27,43008,3413,0,0
"2678",2010-10-28,42588,3380,0,0
"2679",2010-10-29,43008,3413,0,0
"2680",2010-11-01,42840,3400,0,0
"2681",2010-11-02,42840,3400,0,0
"2682",2010-11-03,42840,3400,0,0
"2683",2010-11-04,43008,3413,0,0
"2684",2010-11-05,42672,3387,0,0
"2685",2010-11-08,43176,3427,0,0
"2686",2010-11-09,42840,3400,26,0
"2687",2010-11-10,43176,3427,0,0
"2688",2010-11-11,42588,3380,0,0
"2689",2010-11-12,42504,3373,0,0
"2690",2010-11-15,42252,3353,0,0
"2691",2010-11-16,42420,3367,0,0
"2692",2010-11-17,42252,3353,0,0
"2693",2010-11-18,42588,3380,0,0
"2694",2010-11-19,42504,3373,0,0
"2695",2010-11-22,42588,3380,0,0
"2696",2010-11-23,42672,3387,0,0
"2697",2010-11-24,42588,3380,0,0
"2698",2010-11-25,42756,3393,0,0
"2699",2010-11-26,42504,3373,0,0
"2700",2010-11-29,42336,3360,0,0
"2701",2010-11-30,42588,3380,0,0
"2702",2010-12-01,42504,3373,0,0
"2703",2010-12-02,42504,3373,0,0
"2704",2010-12-03,42420,3367,0,0
"2705",2010-12-06,42504,3373,0,0
"2706",2010-12-07,42588,3380,0,0
"2707",2010-12-08,42588,3380,0,0
"2708",2010-12-09,42588,3380,0,0
"2709",2010-12-10,42588,3380,0,0
"2710",2010-12-13,42672,3387,0,0
"2711",2010-12-14,43092,3420,0,0
"2712",2010-12-15,43008,3413,0,0
"2713",2010-12-16,43008,3413,0,0
"2714",2010-12-17,43092,3420,0,0
"2715",2010-12-20,42672,3387,100,0
"2716",2010-12-21,43176,3427,0,0
"2717",2010-12-22,43176,3427,0,0
"2718",2010-12-23,43176,3427,15,0
"2719",2010-12-24,43008,3413,0,0
"2720",2010-12-27,43176,3427,0,0
"2721",2010-12-28,43260,3433,0,0
"2722",2010-12-29,41832,3320,0,0
"2723",2010-12-30,41832,3320,0,0
"2724",2011-01-03,41790,3317,0,0
"2725",2011-01-04,41412,3287,0,0
"2726",2011-01-05,41412,3287,0,0
"2727",2011-01-06,41328,3280,0,0
"2728",2011-01-07,41034,3257,0,0
"2729",2011-01-10,41496,3293,25,0
"2730",2011-01-11,41496,3293,0,0
"2731",2011-01-12,41412,3287,0,0
"2732",2011-01-13,41412,3287,0,0
"2733",2011-01-14,41286,3277,0,0
"2734",2011-01-17,41790,3317,0,0
"2735",2011-01-18,41412,3287,0,0
"2736",2011-01-19,41328,3280,0,-39
"2737",2011-01-20,41160,3267,0,0
"2738",2011-01-21,41454,3290,0,0
"2739",2011-01-24,41664,3307,0,-74
"2740",2011-01-25,41622,3303,0,0
"2741",2011-01-26,40992,3253,0,0
"2742",2011-01-27,41244,3273,0,455
"2743",2011-01-28,41244,3273,0,0
"2744",2011-01-31,41244,3273,0,0
"2745",2011-02-01,41244,3273,0,0
"2746",2011-02-07,41496,3293,0,422
"2747",2011-02-08,41496,3293,0,0
"2748",2011-02-09,41496,3293,0,0
"2749",2011-02-10,41496,3293,5,0
"2750",2011-02-11,41496,3293,0,0
"2751",2011-02-14,41496,3293,0,0
"2752",2011-02-15,41412,3287,0,0
"2753",2011-02-16,40950,3250,0,0
"2754",2011-02-17,41286,3277,0,0
"2755",2011-02-18,41286,3277,0,0
"2756",2011-02-21,41160,3267,0,0
"2757",2011-02-22,40656,3227,0,0
"2758",2011-02-23,40992,3253,0,0
"2759",2011-02-24,41118,3263,0,0
"2760",2011-02-25,40908,3247,0,0
"2761",2011-02-28,40992,3253,0,0
"2762",2011-03-02,41160,3267,0,129
"2763",2011-03-03,40824,3240,0,0
"2764",2011-03-04,40908,3247,0,0
"2765",2011-03-07,41076,3260,0,-495
"2766",2011-03-08,41202,3270,0,5
"2767",2011-03-09,41034,3257,0,0
"2768",2011-03-10,40908,3247,0,0
"2769",2011-03-11,40740,3233,0,0
"2770",2011-03-14,40488,3213,0,0
"2771",2011-03-15,40656,3227,0,0
"2772",2011-03-16,40824,3240,0,0
"2773",2011-03-17,40782,3237,0,0
"2774",2011-03-18,42252,3353,0,0
"2775",2011-03-21,43848,3480,0,-509
"2776",2011-03-22,43596,3460,0,0
"2777",2011-03-23,42840,3400,0,0
"2778",2011-03-24,43512,3453,0,0
"2779",2011-03-25,46620,3700,0,0
"2780",2011-03-28,48636,3860,0,-45508
"2781",2011-03-29,47880,3800,0,0
"2782",2011-03-30,46200,3667,0,0
"2783",2011-03-31,43596,3460,26,481
"2784",2011-04-01,45696,3627,0,27
"2785",2011-04-04,46368,3680,0,313
"2786",2011-04-05,46956,3727,-441,-54593
"2787",2011-04-06,47376,3760,0,606
"2788",2011-04-07,47712,3787,0,-40
"2789",2011-04-08,49056,3893,0,88
"2790",2011-04-11,47796,3793,0,-179
"2791",2011-04-12,46620,3700,0,16
"2792",2011-04-13,45780,3633,0,-63
"2793",2011-04-14,46200,3667,0,503
"2794",2011-04-15,46284,3673,0,197
"2795",2011-04-18,43764,3473,0,-38
"2796",2011-04-19,44016,3493,0,-69
"2797",2011-04-20,44940,3567,0,41
"2798",2011-04-21,43932,3487,0,-184
"2799",2011-04-22,42924,3407,0,14
"2800",2011-04-25,44604,3540,0,923
"2801",2011-04-26,43680,3467,0,-738
"2802",2011-04-27,42756,3393,0,-841
"2803",2011-04-28,42420,3367,0,404
"2804",2011-04-29,42504,3373,0,661
"2805",2011-05-02,43596,3460,0,1079
"2806",2011-05-03,43680,3467,0,89
"2807",2011-05-04,44856,3560,0,464
"2808",2011-05-06,44940,3567,27,-107
"2809",2011-05-09,44436,3527,0,-41
"2810",2011-05-11,44436,3527,0,-185
"2811",2011-05-12,44856,3560,0,-296
"2812",2011-05-13,44520,3533,0,244
"2813",2011-05-16,44940,3567,0,-88
"2814",2011-05-17,43680,3467,0,-153
"2815",2011-05-18,43680,3467,0,-627
"2816",2011-05-19,43260,3433,0,270
"2817",2011-05-20,43092,3420,26,177
"2818",2011-05-23,42840,3400,0,-52
"2819",2011-05-24,43428,3447,0,256
"2820",2011-05-25,43092,3420,52,45
"2821",2011-05-26,43428,3447,0,29
"2822",2011-05-27,43428,3447,0,114
"2823",2011-05-30,43596,3460,26,-2
"2824",2011-05-31,43596,3460,0,48
"2825",2011-06-01,42924,3407,0,26
"2826",2011-06-02,42840,3400,0,-497
"2827",2011-06-03,43344,3440,0,-151
"2828",2011-06-07,43680,3467,26,-23
"2829",2011-06-08,43512,3453,26,-47
"2830",2011-06-09,43260,3433,0,-83
"2831",2011-06-10,42924,3407,0,-11
"2832",2011-06-13,42840,3400,0,-106
"2833",2011-06-14,43176,3427,26,67
"2834",2011-06-15,43176,3427,0,-75
"2835",2011-06-16,42168,3347,0,-77
"2836",2011-06-17,42252,3353,0,-81
"2837",2011-06-20,42504,3373,0,-46
"2838",2011-06-21,42000,3333,0,-174
"2839",2011-06-22,42336,3360,0,-120
"2840",2011-06-23,43176,3427,-25,-106
"2841",2011-06-24,42924,3407,0,-110
"2842",2011-06-27,42672,3387,0,-104
"2843",2011-06-28,42252,3353,25,-121
"2844",2011-06-29,42168,3347,0,-112
"2845",2011-06-30,41916,3327,0,-136
"2846",2011-07-01,42420,3367,0,-184
"2847",2011-07-04,42504,3373,0,-233
"2848",2011-07-05,42588,3380,0,-190
"2849",2011-07-06,42672,3387,0,-36
"2850",2011-07-07,42840,3400,0,0
"2851",2011-07-08,42840,3400,0,0
"2852",2011-07-11,42504,3373,0,0
"2853",2011-07-12,42420,3367,0,0
"2854",2011-07-13,42252,3353,0,0
"2855",2011-07-14,42252,3353,0,0
"2856",2011-07-15,42420,3367,0,0
"2857",2011-07-18,42840,3400,0,0
"2858",2011-07-19,44100,3500,-1,16
"2859",2011-07-20,44100,3500,25,0
"2860",2011-07-21,43428,3447,0,0
"2861",2011-07-22,43344,3440,0,0
"2862",2011-07-25,43344,3440,0,0
"2863",2011-07-26,43680,3467,0,0
"2864",2011-07-27,44520,3533,0,0
"2865",2011-07-28,44772,3553,0,0
"2866",2011-07-29,44436,3527,26,2
"2867",2011-08-01,44184,3507,0,0
"2868",2011-08-02,44016,3493,0,0
"2869",2011-08-03,43092,3420,52,0
"2870",2011-08-04,42840,3400,0,0
"2871",2011-08-05,40572,3220,-49,-14
"2872",2011-08-08,39900,3167,47,0
"2873",2011-08-09,39228,3113,0,629
"2874",2011-08-10,40152,3187,24,-24
"2875",2011-08-11,40068,3180,-1,26
"2876",2011-08-12,39690,3150,0,-3
"2877",2011-08-16,40152,3187,0,-92
"2878",2011-08-17,40068,3180,0,-300
"2879",2011-08-18,39480,3133,0,60
"2880",2011-08-19,37422,2970,46,347
"2881",2011-08-22,37926,3010,0,-6
"2882",2011-08-23,38388,3047,0,462
"2883",2011-08-24,37800,3000,0,-304
"2884",2011-08-25,38178,3030,0,33
"2885",2011-08-26,37968,3013,0,-2
"2886",2011-08-29,38346,3043,0,-52
"2887",2011-08-30,38808,3080,0,-170
"2888",2011-08-31,38640,3067,0,-46
"2889",2011-09-01,38682,3070,0,-98
"2890",2011-09-02,39480,3133,0,224
"2891",2011-09-05,39060,3100,0,-127
"2892",2011-09-06,38640,3067,0,172
"2893",2011-09-07,38724,3073,0,0
"2894",2011-09-08,39228,3113,0,-50
"2895",2011-09-09,39480,3133,0,86
"2896",2011-09-14,39480,3133,0,22
"2897",2011-09-15,39102,3103,0,-137
"2898",2011-09-16,39186,3110,0,195
"2899",2011-09-19,39144,3107,0,0
"2900",2011-09-20,38976,3093,0,-140
"2901",2011-09-21,38892,3087,0,0
"2902",2011-09-22,39480,3133,0,-42
"2903",2011-09-23,39522,3137,0,67
"2904",2011-09-26,39144,3107,23,-456
"2905",2011-09-27,39396,3127,0,0
"2906",2011-09-28,39312,3120,0,31
"2907",2011-09-29,38766,3077,0,536
"2908",2011-09-30,39102,3103,0,93
"2909",2011-10-04,39060,3100,0,-680
"2910",2011-10-05,38934,3090,0,46
"2911",2011-10-06,38892,3087,0,9
"2912",2011-10-07,39312,3120,0,-46
"2913",2011-10-10,39354,3123,0,193
"2914",2011-10-11,39312,3120,0,-140
"2915",2011-10-12,39396,3127,0,-93
"2916",2011-10-13,39354,3123,0,0
"2917",2011-10-14,39648,3147,0,-227
"2918",2011-10-17,39690,3150,0,47
"2919",2011-10-18,39942,3170,0,0
"2920",2011-10-19,40992,3253,24,-90
"2921",2011-10-20,39942,3170,0,-495
"2922",2011-10-21,40194,3190,0,-52
"2923",2011-10-24,39900,3167,0,0
"2924",2011-10-25,40068,3180,0,0
"2925",2011-10-26,40236,3193,0,0
"2926",2011-10-27,40908,3247,0,0
"2927",2011-10-28,40908,3247,0,0
"2928",2011-10-31,40572,3220,24,0
"2929",2011-11-01,40572,3220,0,145
"2930",2011-11-02,40824,3240,0,0
"2931",2011-11-03,40236,3193,0,0
"2932",2011-11-04,40446,3210,0,0
"2933",2011-11-07,40572,3220,0,0
"2934",2011-11-08,40026,3177,0,0
"2935",2011-11-09,40320,3200,0,0
"2936",2011-11-10,40026,3177,47,0
"2937",2011-11-11,39900,3167,0,0
"2938",2011-11-14,40446,3210,0,0
"2939",2011-11-15,40488,3213,0,0
"2940",2011-11-16,40194,3190,0,0
"2941",2011-11-17,40488,3213,0,0
"2942",2011-11-18,40446,3210,0,0
"2943",2011-11-21,40236,3193,0,0
"2944",2011-11-22,40110,3183,0,0
"2945",2011-11-23,39900,3167,0,0
"2946",2011-11-24,39480,3133,0,0
"2947",2011-11-25,39228,3113,0,0
"2948",2011-11-28,39270,3117,0,0
"2949",2011-11-29,39354,3123,0,0
"2950",2011-11-30,39312,3120,0,0
"2951",2011-12-01,39900,3167,0,0
"2952",2011-12-02,39732,3153,0,937
"2953",2011-12-05,39732,3153,0,0
"2954",2011-12-06,39732,3153,0,0
"2955",2011-12-07,39732,3153,0,0
"2956",2011-12-08,39732,3153,0,0
"2957",2011-12-09,39984,3173,0,0
"2958",2011-12-12,40236,3193,24,0
"2959",2011-12-13,40194,3190,0,0
"2960",2011-12-14,40152,3187,0,0
"2961",2011-12-15,39984,3173,0,0
"2962",2011-12-16,40110,3183,0,0
"2963",2011-12-19,39564,3140,0,0
"2964",2011-12-20,40026,3177,0,0
"2965",2011-12-21,40026,3177,0,0
"2966",2011-12-22,40278,3197,0,0
"2967",2011-12-23,40446,3210,0,0
"2968",2011-12-26,40572,3220,0,0
"2969",2011-12-27,40152,3187,0,0
"2970",2011-12-28,39186,3110,0,0
"2971",2011-12-29,39312,3120,-24,0
"2972",2012-01-02,39102,3103,163,0
"2973",2012-01-03,39438,3130,0,0
"2974",2012-01-04,39270,3117,0,0
"2975",2012-01-05,39396,3127,0,0
"2976",2012-01-06,39144,3107,0,0
"2977",2012-01-09,39186,3110,0,0
"2978",2012-01-10,39564,3140,0,0
"2979",2012-01-11,39228,3113,0,0
"2980",2012-01-12,39396,3127,0,0
"2981",2012-01-13,39312,3120,0,0
"2982",2012-01-16,38808,3080,-458,0
"2983",2012-01-17,38808,3080,0,0
"2984",2012-01-18,38808,3080,0,0
"2985",2012-01-19,38850,3083,0,-138
"2986",2012-01-20,39438,3130,0,0
"2987",2012-01-25,39270,3117,-462,0
"2988",2012-01-26,39228,3113,-14,0
"2989",2012-01-27,39186,3110,-637,0
"2990",2012-01-30,38808,3080,0,0
"2991",2012-01-31,38976,3093,0,0
"2992",2012-02-01,39354,3123,0,0
"2993",2012-02-02,39438,3130,0,0
"2994",2012-02-03,39354,3123,0,0
"2995",2012-02-06,39186,3110,0,0
"2996",2012-02-07,39186,3110,0,0
"2997",2012-02-08,39102,3103,0,0
"2998",2012-02-09,39396,3127,0,0
"2999",2012-02-10,39900,3167,0,95
"3000",2012-02-13,40068,3180,0,89
"3001",2012-02-14,40110,3183,0,0
"3002",2012-02-15,39900,3167,0,-96
"3003",2012-02-16,39984,3173,0,-4
"3004",2012-02-17,40572,3220,0,411
"3005",2012-02-20,40278,3197,0,-382
"3006",2012-02-21,40572,3220,0,162
"3007",2012-02-22,40320,3200,0,10
"3008",2012-02-23,40068,3180,0,-209
"3009",2012-02-24,40194,3190,0,187
"3010",2012-02-27,40320,3200,0,198
"3011",2012-02-28,40320,3200,0,45
"3012",2012-02-29,42252,3353,0,604
"3013",2012-03-02,43932,3487,0,-345
"3014",2012-03-05,42168,3347,0,0
"3015",2012-03-06,41118,3263,0,-542
"3016",2012-03-07,41286,3277,0,45
"3017",2012-03-08,41244,3273,0,-196
"3018",2012-03-09,41286,3277,0,426
"3019",2012-03-12,42336,3360,0,91
"3020",2012-03-13,42588,3380,0,95
"3021",2012-03-14,42252,3353,0,-401
"3022",2012-03-15,41454,3290,0,-152
"3023",2012-03-16,41538,3297,0,515
"3024",2012-03-19,41412,3287,0,-282
"3025",2012-03-20,40740,3233,0,-96
"3026",2012-03-21,40488,3213,0,176
"3027",2012-03-22,40362,3203,0,73
"3028",2012-03-23,40488,3213,0,301
"3029",2012-03-26,40404,3207,0,-301
"3030",2012-03-27,40236,3193,0,0
"3031",2012-03-28,40446,3210,0,5
"3032",2012-03-29,39816,3160,0,20
"3033",2012-03-30,40194,3190,0,-10
"3034",2012-04-02,40362,3203,0,4
"3035",2012-04-03,40278,3197,0,0
"3036",2012-04-04,40530,3217,0,0
"3037",2012-04-05,40488,3213,0,0
"3038",2012-04-06,40530,3217,0,2
"3039",2012-04-09,40614,3223,0,37
"3040",2012-04-10,40194,3190,0,-21
"3041",2012-04-12,40152,3187,0,89
"3042",2012-04-13,40824,3240,0,-52
"3043",2012-04-16,40068,3180,0,48
"3044",2012-04-17,40362,3203,0,-48
"3045",2012-04-18,40446,3210,0,0
"3046",2012-04-19,40278,3197,0,244
"3047",2012-04-20,40110,3183,0,-279
"3048",2012-04-23,40068,3180,0,0
"3049",2012-04-24,40068,3180,0,-48
"3050",2012-04-25,40026,3177,0,0
"3051",2012-04-26,39732,3153,0,0
"3052",2012-04-27,40194,3190,0,-33
"3053",2012-04-30,40026,3177,0,26
"3054",2012-05-02,39186,3110,0,-14
"3055",2012-05-03,39690,3150,0,0
"3056",2012-05-04,39690,3150,0,0
"3057",2012-05-07,39774,3157,0,0
"3058",2012-05-08,40068,3180,0,0
"3059",2012-05-09,40026,3177,0,0
"3060",2012-05-10,39900,3167,0,0
"3061",2012-05-11,39858,3163,0,0
"3062",2012-05-14,39816,3160,0,0
"3063",2012-05-15,39312,3120,0,0
"3064",2012-05-16,38388,3047,0,-46
"3065",2012-05-17,38094,3023,0,0
"3066",2012-05-18,37968,3013,0,0
"3067",2012-05-21,37926,3010,0,-1
"3068",2012-05-22,37926,3010,0,-2
"3069",2012-05-23,37968,3013,0,0
"3070",2012-05-24,37926,3010,0,0
"3071",2012-05-25,38052,3020,0,0
"3072",2012-05-29,37884,3007,0,90
"3073",2012-05-30,37422,2970,0,-67
"3074",2012-05-31,37926,3010,0,0
"3075",2012-06-01,37926,3010,0,0
"3076",2012-06-04,37044,2940,0,0
"3077",2012-06-05,36666,2910,0,0
"3078",2012-06-07,37044,2940,0,29
"3079",2012-06-08,37002,2937,0,-4
"3080",2012-06-11,36666,2910,0,-51
"3081",2012-06-12,36708,2913,0,0
"3082",2012-06-13,36960,2933,0,0
"3083",2012-06-14,36750,2917,0,0
"3084",2012-06-15,36918,2930,0,0
"3085",2012-06-18,37086,2943,0,0
"3086",2012-06-19,37212,2953,0,0
"3087",2012-06-20,37758,2997,0,0
"3088",2012-06-21,37590,2983,0,0
"3089",2012-06-22,37464,2973,0,-13
"3090",2012-06-25,37338,2963,0,0
"3091",2012-06-26,37464,2973,0,0
"3092",2012-06-27,37716,2993,0,0
"3093",2012-06-28,37128,2947,0,0
"3094",2012-06-29,37464,2973,0,0
"3095",2012-07-02,37044,2940,0,0
"3096",2012-07-03,37128,2947,0,0
"3097",2012-07-04,37380,2967,0,0
"3098",2012-07-05,37800,3000,0,162
"3099",2012-07-06,37884,3007,0,-143
"3100",2012-07-09,37632,2987,0,-2
"3101",2012-07-10,37422,2970,0,0
"3102",2012-07-11,37338,2963,0,-17
"3103",2012-07-12,37212,2953,0,0
"3104",2012-07-13,37296,2960,0,-254
"3105",2012-07-16,37296,2960,0,-88
"3106",2012-07-17,37254,2957,0,0
"3107",2012-07-18,37128,2947,0,0
"3108",2012-07-19,37212,2953,0,0
"3109",2012-07-20,36834,2923,0,0
"3110",2012-07-23,36834,2923,0,0
"3111",2012-07-24,36624,2907,0,0
"3112",2012-07-25,36540,2900,0,0
"3113",2012-07-26,37296,2960,0,0
"3114",2012-07-27,38514,3057,0,0
"3115",2012-07-30,38304,3040,0,0
"3116",2012-07-31,37884,3007,0,0
"3117",2012-08-01,38472,3053,0,0
"3118",2012-08-02,38472,3053,0,0
"3119",2012-08-03,38430,3050,0,0
"3120",2012-08-06,37968,3013,0,0
"3121",2012-08-07,38346,3043,0,0
"3122",2012-08-08,38766,3077,0,0
"3123",2012-08-09,39186,3110,0,0
"3124",2012-08-10,39144,3107,0,0
"3125",2012-08-13,39480,3133,0,0
"3126",2012-08-14,39522,3137,0,0
"3127",2012-08-16,39438,3130,0,0
"3128",2012-08-17,39480,3133,0,0
"3129",2012-08-20,39396,3127,0,0
"3130",2012-08-21,38640,3067,0,0
"3131",2012-08-22,38976,3093,0,0
"3132",2012-08-23,39396,3127,0,0
"3133",2012-08-24,39396,3127,0,0
"3134",2012-08-27,39396,3127,0,0
"3135",2012-08-28,38976,3093,0,0
"3136",2012-08-29,38640,3067,0,0
"3137",2012-08-30,38598,3063,0,0
"3138",2012-08-31,38892,3087,0,0
"3139",2012-09-03,38850,3083,0,0
"3140",2012-09-04,38724,3073,0,0
"3141",2012-09-05,38640,3067,0,0
"3142",2012-09-06,38892,3087,0,0
"3143",2012-09-07,38556,3060,0,0
"3144",2012-09-10,38850,3083,0,0
"3145",2012-09-11,38724,3073,0,0
"3146",2012-09-12,39018,3097,0,0
"3147",2012-09-13,39060,3100,0,0
"3148",2012-09-14,38682,3070,0,0
"3149",2012-09-17,38850,3083,0,0
"3150",2012-09-18,38724,3073,0,0
"3151",2012-09-19,38808,3080,0,0
"3152",2012-09-20,38808,3080,0,0
"3153",2012-09-21,38976,3093,0,0
"3154",2012-09-24,39396,3127,0,0
"3155",2012-09-25,39396,3127,0,0
"3156",2012-09-26,38976,3093,0,0
"3157",2012-09-27,38766,3077,0,0
"3158",2012-09-28,38934,3090,0,0
"3159",2012-10-02,39270,3117,0,0
"3160",2012-10-04,39522,3137,0,0
"3161",2012-10-05,40698,3230,0,0
"3162",2012-10-08,40068,3180,0,0
"3163",2012-10-09,39564,3140,0,0
"3164",2012-10-10,39480,3133,0,0
"3165",2012-10-11,39648,3147,0,0
"3166",2012-10-12,39690,3150,0,0
"3167",2012-10-15,39270,3117,0,0
"3168",2012-10-16,39732,3153,0,0
"3169",2012-10-17,39648,3147,0,0
"3170",2012-10-18,39648,3147,0,0
"3171",2012-10-19,39774,3157,0,0
"3172",2012-10-22,39732,3153,0,0
"3173",2012-10-23,39690,3150,0,0
"3174",2012-10-24,39606,3143,0,0
"3175",2012-10-25,39606,3143,0,0
"3176",2012-10-26,39690,3150,0,0
"3177",2012-10-29,39858,3163,0,0
"3178",2012-10-30,40824,3240,0,0
"3179",2012-10-31,40950,3250,0,0
"3180",2012-11-01,40656,3227,0,0
"3181",2012-11-02,40656,3227,0,0
"3182",2012-11-05,40026,3177,0,0
"3183",2012-11-06,39942,3170,0,0
"3184",2012-11-07,39480,3133,0,0
"3185",2012-11-08,39732,3153,0,0
"3186",2012-11-09,39900,3167,0,0
"3187",2012-11-12,39774,3157,0,0
"3188",2012-11-13,39690,3150,0,0
"3189",2012-11-14,39690,3150,0,0
"3190",2012-11-15,39060,3100,0,5245
"3191",2012-11-16,38388,3047,0,0
"3192",2012-11-19,39270,3117,0,0
"3193",2012-11-20,38724,3073,0,0
"3194",2012-11-21,38766,3077,0,0
"3195",2012-11-22,38934,3090,0,0
"3196",2012-11-23,39228,3113,0,0
"3197",2012-11-26,39186,3110,0,0
"3198",2012-11-27,39438,3130,0,0
"3199",2012-11-28,39312,3120,0,0
"3200",2012-11-29,39396,3127,0,0
"3201",2012-11-30,39354,3123,0,0
"3202",2012-12-03,39438,3130,0,0
"3203",2012-12-04,39396,3127,0,0
"3204",2012-12-05,39396,3127,0,0
"3205",2012-12-06,39396,3127,0,0
"3206",2012-12-07,39438,3130,0,0
"3207",2012-12-10,39102,3103,0,0
"3208",2012-12-11,39312,3120,0,0
"3209",2012-12-12,39396,3127,0,0
"3210",2012-12-13,39480,3133,0,0
"3211",2012-12-14,39480,3133,0,0
"3212",2012-12-17,39312,3120,0,0
"3213",2012-12-18,39480,3133,0,0
"3214",2012-12-20,39606,3143,0,0
"3215",2012-12-21,39564,3140,0,0
"3216",2012-12-24,39648,3147,0,0
"3217",2012-12-26,39690,3150,0,0
"3218",2012-12-27,38640,3067,0,0
"3219",2012-12-28,38934,3090,0,0
"3220",2013-01-02,39144,3107,0,0
"3221",2013-01-03,39186,3110,0,0
"3222",2013-01-04,39438,3130,0,0
"3223",2013-01-07,39900,3167,0,0
"3224",2013-01-08,39522,3137,0,0
"3225",2013-01-09,39900,3167,0,0
"3226",2013-01-10,39900,3167,0,0
"3227",2013-01-11,39606,3143,0,0
"3228",2013-01-14,40152,3187,0,0
"3229",2013-01-15,40026,3177,0,0
"3230",2013-01-16,39606,3143,0,0
"3231",2013-01-17,39522,3137,0,0
"3232",2013-01-18,40026,3177,0,0
"3233",2013-01-21,39648,3147,0,0
"3234",2013-01-22,39900,3167,0,0
"3235",2013-01-23,40026,3177,0,0
"3236",2013-01-24,39648,3147,0,0
"3237",2013-01-25,40320,3200,0,0
"3238",2013-01-28,40740,3233,0,9588
"3239",2013-01-29,40782,3237,0,3474
"3240",2013-01-30,40866,3243,0,1921
"3241",2013-01-31,40908,3247,0,0
"3242",2013-02-01,40992,3253,0,0
"3243",2013-02-04,40446,3210,0,2400
"3244",2013-02-05,40488,3213,0,13
"3245",2013-02-06,40824,3240,0,947
"3246",2013-02-07,40740,3233,0,0
"3247",2013-02-08,40320,3200,0,0
"3248",2013-02-12,40446,3210,0,0
"3249",2013-02-13,40530,3217,0,0
"3250",2013-02-14,40572,3220,0,0
"3251",2013-02-15,40740,3233,0,0
"3252",2013-02-18,40782,3237,0,0
"3253",2013-02-19,40698,3230,0,0
"3254",2013-02-20,40404,3207,0,0
"3255",2013-02-21,40152,3187,0,0
"3256",2013-02-22,40236,3193,0,0
"3257",2013-02-25,40992,3253,0,0
"3258",2013-02-26,42168,3347,0,-19652
"3259",2013-02-27,41328,3280,0,0
"3260",2013-02-28,41916,3327,0,0
"3261",2013-03-04,41706,3310,0,0
"3262",2013-03-05,41160,3267,0,0
"3263",2013-03-06,41034,3257,0,0
"3264",2013-03-07,40950,3250,0,0
"3265",2013-03-08,41244,3273,0,0
"3266",2013-03-11,40824,3240,0,0
"3267",2013-03-12,40824,3240,0,0
"3268",2013-03-13,40698,3230,0,0
"3269",2013-03-14,40740,3233,0,0
"3270",2013-03-15,40782,3237,0,0
"3271",2013-03-18,40866,3243,0,0
"3272",2013-03-19,40992,3253,0,0
"3273",2013-03-20,40656,3227,0,0
"3274",2013-03-21,40740,3233,0,0
"3275",2013-03-22,40908,3247,0,0
"3276",2013-03-25,40866,3243,0,0
"3277",2013-03-26,40992,3253,0,0
"3278",2013-03-27,40866,3243,0,0
"3279",2013-03-28,41076,3260,0,0
"3280",2013-03-29,41328,3280,0,0
"3281",2013-04-01,40950,3250,0,0
"3282",2013-04-02,41160,3267,0,0
"3283",2013-04-03,41202,3270,0,0
"3284",2013-04-04,41034,3257,0,0
"3285",2013-04-05,40992,3253,0,0
"3286",2013-04-08,40740,3233,0,0
"3287",2013-04-09,40572,3220,0,0
"3288",2013-04-10,40488,3213,0,0
"3289",2013-04-11,40530,3217,0,0
"3290",2013-04-12,41034,3257,0,-6524
"3291",2013-04-15,41034,3257,0,0
"3292",2013-04-16,40530,3217,0,0
"3293",2013-04-17,41076,3260,0,-39
"3294",2013-04-18,41412,3287,113,-6607
"3295",2013-04-19,41958,3330,5,-25504
"3296",2013-04-22,42420,3367,60,-7614
"3297",2013-04-23,42420,3367,30,0
"3298",2013-04-24,43260,3433,0,-7825
"3299",2013-04-25,43092,3420,0,-9660
"3300",2013-04-26,42840,3400,0,-5120
"3301",2013-04-29,43428,3447,0,-807
"3302",2013-04-30,43680,3467,0,-5190
"3303",2013-05-02,44688,3547,0,-35215
"3304",2013-05-03,45276,3593,0,-5022
"3305",2013-05-06,43764,3473,0,0
"3306",2013-05-07,44520,3533,0,0
"3307",2013-05-08,43092,3420,0,93
"3308",2013-05-09,43596,3460,0,0
"3309",2013-05-10,44016,3493,0,0
"3310",2013-05-13,44016,3493,0,-638
"3311",2013-05-14,43092,3420,0,277
"3312",2013-05-15,44268,3513,0,-281
"3313",2013-05-16,43344,3440,0,1077
"3314",2013-05-20,43428,3447,0,0
"3315",2013-05-21,43176,3427,0,368
"3316",2013-05-22,43512,3453,0,0
"3317",2013-05-23,45276,3593,0,-19787
"3318",2013-05-24,45276,3593,0,-10193
"3319",2013-05-27,45192,3587,0,-5787
"3320",2013-05-28,45696,3627,465,-22951
"3321",2013-05-29,47460,3767,-1519,-23558
"3322",2013-05-30,49056,3893,0,-33104
"3323",2013-05-31,47964,3807,0,-9919
"3324",2013-06-03,48552,3853,0,-1267
"3325",2013-06-04,46620,3700,0,0
"3326",2013-06-05,46368,3680,0,-5222
"3327",2013-06-07,46788,3713,0,432
"3328",2013-06-10,46536,3693,0,0
"3329",2013-06-11,46452,3687,0,-317
"3330",2013-06-12,45696,3627,0,841
"3331",2013-06-13,46368,3680,0,-693
"3332",2013-06-14,46200,3667,0,0
"3333",2013-06-17,45444,3607,0,509
"3334",2013-06-18,45612,3620,0,0
"3335",2013-06-19,45024,3573,0,0
"3336",2013-06-20,45024,3573,0,0
"3337",2013-06-21,44100,3500,0,-125
"3338",2013-06-24,44184,3507,0,0
"3339",2013-06-25,42000,3333,0,-267
"3340",2013-06-26,42084,3340,0,109
"3341",2013-06-27,43428,3447,0,0
"3342",2013-06-28,44688,3547,0,-511
"3343",2013-07-01,45192,3587,0,-208
"3344",2013-07-02,45612,3620,0,0
"3345",2013-07-03,44772,3553,0,0
"3346",2013-07-04,45024,3573,0,0
"3347",2013-07-05,45444,3607,0,0
"3348",2013-07-08,44352,3520,0,0
"3349",2013-07-09,44520,3533,0,-115
"3350",2013-07-10,45780,3633,0,672
"3351",2013-07-11,45864,3640,-5,0
"3352",2013-07-12,45780,3633,0,0
"3353",2013-07-15,45948,3647,0,0
"3354",2013-07-16,45864,3640,0,0
"3355",2013-07-17,45024,3573,0,3
"3356",2013-07-18,44940,3567,0,-2
"3357",2013-07-19,46032,3653,1451,-1
"3358",2013-07-22,46956,3727,0,-38
"3359",2013-07-23,46788,3713,0,22
"3360",2013-07-24,47880,3800,0,-282
"3361",2013-07-25,46872,3720,0,77
"3362",2013-07-26,47292,3753,0,471
"3363",2013-07-29,47628,3780,0,-24
"3364",2013-07-30,47208,3747,0,-11
"3365",2013-07-31,47376,3760,0,-126
"3366",2013-08-01,46368,3680,0,34
"3367",2013-08-02,46788,3713,0,-5
"3368",2013-08-05,46956,3727,0,-18
"3369",2013-08-06,47292,3753,0,-1725
"3370",2013-08-07,47208,3747,0,-232
"3371",2013-08-08,47208,3747,0,-1220
"3372",2013-08-09,47124,3740,0,-17
"3373",2013-08-12,46872,3720,0,-75
"3374",2013-08-13,47460,3767,0,-1542
"3375",2013-08-14,47208,3747,0,76
"3376",2013-08-16,47208,3747,0,117
"3377",2013-08-19,47208,3747,954,-2141
"3378",2013-08-20,47712,3787,4875,-8909
"3379",2013-08-21,47712,3787,0,-119
"3380",2013-08-22,47208,3747,0,-29
"3381",2013-08-23,47376,3760,0,-1909
"3382",2013-08-26,47460,3767,0,-465
"3383",2013-08-27,47376,3760,0,-2602
"3384",2013-08-28,47040,3733,0,-454
"3385",2013-08-29,46956,3727,1103,-6
"3386",2013-08-30,45528,3613,0,100
"3387",2013-09-02,45864,3640,0,37
"3388",2013-09-03,46032,3653,0,215
"3389",2013-09-04,46032,3653,0,-118
"3390",2013-09-05,47040,3733,0,-37358
"3391",2013-09-06,46872,3720,0,-330
"3392",2013-09-09,46956,3727,0,-202
"3393",2013-09-10,47460,3767,0,-30726
"3394",2013-09-11,48888,3880,0,48
"3395",2013-09-12,50400,4000,0,-234
"3396",2013-09-13,50988,4047,0,239
"3397",2013-09-16,49812,3953,0,177
"3398",2013-09-17,51324,4073,0,884
"3399",2013-09-23,50316,3993,0,456
"3400",2013-09-24,50316,3993,0,84
"3401",2013-09-25,50232,3987,0,560
"3402",2013-09-26,50400,4000,0,262
"3403",2013-09-27,49812,3953,0,123
"3404",2013-09-30,50484,4007,0,2
"3405",2013-10-01,48804,3873,0,75
"3406",2013-10-02,48888,3880,0,144
"3407",2013-10-04,49140,3900,0,-28
"3408",2013-10-07,49476,3927,0,-55
"3409",2013-10-08,50148,3980,0,-46
"3410",2013-10-10,50400,4000,0,-26
"3411",2013-10-11,50400,4000,0,-56
"3412",2013-10-14,50148,3980,0,-21
"3413",2013-10-15,50148,3980,0,-250
"3414",2013-10-16,50148,3980,0,-110
"3415",2013-10-17,50652,4020,0,-40
"3416",2013-10-18,50988,4047,0,-117
"3417",2013-10-21,49896,3960,0,-75
"3418",2013-10-22,49560,3933,0,-90
"3419",2013-10-23,49980,3967,0,-125
"3420",2013-10-24,49896,3960,0,-110
"3421",2013-10-25,49896,3960,0,-27
"3422",2013-10-28,49392,3920,0,-143
"3423",2013-10-29,49224,3907,1530,-164
"3424",2013-10-30,49056,3893,0,-95
"3425",2013-10-31,48720,3867,0,-108
"3426",2013-11-01,48888,3880,-70,-103
"3427",2013-11-04,50064,3973,0,-115
"3428",2013-11-05,50316,3993,0,-105
"3429",2013-11-06,49560,3933,0,-115
"3430",2013-11-07,48888,3880,0,-114
"3431",2013-11-08,48468,3847,0,-148
"3432",2013-11-11,48888,3880,0,-147
"3433",2013-11-12,48804,3873,0,-138
"3434",2013-11-13,48888,3880,0,-121
"3435",2013-11-14,49308,3913,0,-131
"3436",2013-11-15,50400,4000,0,-134
"3437",2013-11-18,50736,4027,0,-154
"3438",2013-11-19,50568,4013,0,-762
"3439",2013-11-20,51492,4087,0,-31
"3440",2013-11-21,51240,4067,0,0
"3441",2013-11-22,50484,4007,0,0
"3442",2013-11-25,50736,4027,0,0
"3443",2013-11-26,52500,4167,0,0
"3444",2013-11-27,51744,4107,0,0
"3445",2013-11-28,53928,4280,0,0
"3446",2013-11-29,54516,4327,0,-159
"3447",2013-12-02,56448,4480,-489,-670
"3448",2013-12-03,56112,4453,0,-2017
"3449",2013-12-04,57540,4567,-5945,-6470
"3450",2013-12-05,57876,4593,-272,-1370
"3451",2013-12-06,57792,4587,-291,-4140
"3452",2013-12-09,58380,4633,-943,-350
"3453",2013-12-10,57540,4567,-473,0
"3454",2013-12-11,56700,4500,-1768,0
"3455",2013-12-12,56784,4507,0,535
"3456",2013-12-13,57456,4560,0,139
"3457",2013-12-16,57792,4587,0,-161
"3458",2013-12-17,58212,4620,0,143
"3459",2013-12-18,58212,4620,0,0
"3460",2013-12-19,58212,4620,0,166
"3461",2013-12-20,57372,4553,0,0
"3462",2013-12-23,57456,4560,0,0
"3463",2013-12-24,58296,4627,0,0
"3464",2013-12-26,59136,4693,0,0
"3465",2013-12-27,59472,4720,0,0
"3466",2013-12-30,59472,4720,0,0
"3467",2014-01-02,59976,4760,0,-143
"3468",2014-01-03,62832,4987,0,0
"3469",2014-01-06,63420,5033,0,-27
"3470",2014-01-07,63504,5040,0,0
"3471",2014-01-08,62412,4953,0,0
"3472",2014-01-09,62580,4967,0,0
"3473",2014-01-10,62580,4967,0,0
"3474",2014-01-13,62244,4940,0,0
"3475",2014-01-14,61236,4860,0,-411
"3476",2014-01-15,60396,4793,0,0
"3477",2014-01-16,60060,4767,0,-188
"3478",2014-01-17,61656,4893,0,0
"3479",2014-01-20,62160,4933,0,0
"3480",2014-01-21,61992,4920,0,376
"3481",2014-01-22,61488,4880,0,104
"3482",2014-01-23,61068,4847,0,115
"3483",2014-01-24,60396,4793,0,0
"3484",2014-01-27,59472,4720,0,0
"3485",2014-01-28,60060,4767,9095,0
"3486",2014-01-29,60732,4820,10004,0
"3487",2014-02-03,61236,4860,1645,194
"3488",2014-02-04,60144,4773,717,-419
"3489",2014-02-05,60312,4787,0,95
"3490",2014-02-06,60480,4800,1071,648
"3491",2014-02-07,60480,4800,2160,139
"3492",2014-02-10,60144,4773,0,180
"3493",2014-02-11,59808,4747,0,52
"3494",2014-02-12,59472,4720,0,236
"3495",2014-02-13,58800,4667,0,127
"3496",2014-02-14,57960,4600,0,315
"3497",2014-02-17,57960,4600,0,253
"3498",2014-02-18,58128,4613,0,15
"3499",2014-02-19,62076,4927,10755,-290
"3500",2014-02-20,63672,5053,3815,-433
"3501",2014-02-21,64680,5133,232,223
"3502",2014-02-24,65940,5233,3071,1051
"3503",2014-02-25,65940,5233,0,676
"3504",2014-02-26,66444,5273,0,-480
"3505",2014-02-27,66360,5267,0,734
"3506",2014-02-28,65772,5220,0,506
"3507",2014-03-03,66276,5260,0,-604
"3508",2014-03-04,65940,5233,0,-188
"3509",2014-03-05,65352,5187,0,54
"3510",2014-03-06,63840,5067,-2359,-29
"3511",2014-03-07,63924,5073,0,249
"3512",2014-03-10,64176,5093,0,-317
"3513",2014-03-11,63840,5067,0,294
"3514",2014-03-12,65856,5227,0,875
"3515",2014-03-13,67536,5360,1205,81
"3516",2014-03-14,67704,5373,0,-242
"3517",2014-03-17,67116,5327,0,250
"3518",2014-03-18,67116,5327,0,443
"3519",2014-03-19,66276,5260,0,-21
"3520",2014-03-20,65520,5200,0,23
"3521",2014-03-21,65772,5220,0,490
"3522",2014-03-24,66024,5240,0,20
"3523",2014-03-25,65940,5233,1560,35
"3524",2014-03-26,66948,5313,0,-162
"3525",2014-03-27,66192,5253,-8,-187
"3526",2014-03-28,65520,5200,-3209,-157
"3527",2014-03-31,65772,5220,0,-910
"3528",2014-04-01,65940,5233,-113,-189
"3529",2014-04-02,65520,5200,0,-272
"3530",2014-04-03,65520,5200,0,-329
"3531",2014-04-04,66360,5267,7010,-167
"3532",2014-04-07,66444,5273,0,-4
"3533",2014-04-08,68292,5420,6262,-138
"3534",2014-04-09,68292,5420,0,-16
"3535",2014-04-10,68124,5407,1990,-430
"3536",2014-04-11,67956,5393,1980,-398
"3537",2014-04-14,67956,5393,1338,-55
"3538",2014-04-15,67872,5387,1990,51
"3539",2014-04-16,68628,5447,1481,163
"3540",2014-04-17,70896,5627,0,319
"3541",2014-04-18,72240,5733,370,-57
"3542",2014-04-21,76020,6033,-467,429
"3543",2014-04-22,76272,6053,0,672
"3544",2014-04-23,76272,6053,0,-354
"3545",2014-04-24,76188,6047,0,-326
"3546",2014-04-25,75600,6000,0,835
"3547",2014-04-28,73416,5827,0,1524
"3548",2014-04-29,74928,5947,0,1008
"3549",2014-04-30,76524,6073,0,-157
"3550",2014-05-02,77868,6180,1852,1105
"3551",2014-05-07,78120,6200,-1381,377
"3552",2014-05-08,77364,6140,-1525,-301
"3553",2014-05-09,76860,6100,-4932,1744
"3554",2014-05-12,77280,6133,834,871
"3555",2014-05-13,78540,6233,2061,-7
"3556",2014-05-14,79548,6313,3120,1663
"3557",2014-05-15,79800,6333,1621,-292
"3558",2014-05-16,79800,6333,1615,30
"3559",2014-05-19,79380,6300,1932,-611
"3560",2014-05-20,79464,6307,0,-653
"3561",2014-05-21,79128,6280,898,-390
"3562",2014-05-22,78960,6267,0,-743
"3563",2014-05-23,79632,6320,284,120
"3564",2014-05-26,79380,6300,0,-352
"3565",2014-05-27,78960,6267,0,-124
"3566",2014-05-28,78876,6260,0,-68
"3567",2014-05-29,78960,6267,0,-194
"3568",2014-05-30,78456,6227,0,-208
"3569",2014-06-02,75012,5953,0,303
"3570",2014-06-03,73332,5820,-3,1130
"3571",2014-06-05,73752,5853,0,-51
"3572",2014-06-09,75096,5960,0,271
"3573",2014-06-10,76272,6053,0,-371
"3574",2014-06-11,76692,6087,0,19
"3575",2014-06-12,76440,6067,0,40
"3576",2014-06-13,76944,6107,1519,-274
"3577",2014-06-16,76944,6107,1433,-190
"3578",2014-06-17,76692,6087,0,-6
"3579",2014-06-18,76524,6073,0,-33
"3580",2014-06-19,77532,6153,902,44
"3581",2014-06-20,77280,6133,-109,6
"3582",2014-06-23,76188,6047,-526,-45
"3583",2014-06-24,75600,6000,-2309,-31
"3584",2014-06-25,76020,6033,-5,36
"3585",2014-06-26,76020,6033,-65,136
"3586",2014-06-27,76104,6040,0,87
"3587",2014-06-30,76692,6087,0,63
"3588",2014-07-01,77784,6173,1754,-619
"3589",2014-07-02,79044,6273,0,234
"3590",2014-07-03,80556,6393,0,112
"3591",2014-07-04,83160,6600,20112,-158
"3592",2014-07-07,83496,6627,0,0
"3593",2014-07-08,82740,6567,0,581
"3594",2014-07-09,83076,6593,0,-160
"3595",2014-07-10,83916,6660,0,1104
"3596",2014-07-11,82992,6587,0,-25
"3597",2014-07-14,84000,6667,1174,160
"3598",2014-07-15,82152,6520,730,425
"3599",2014-07-16,80640,6400,-5267,449
"3600",2014-07-17,82404,6540,1614,228
"3601",2014-07-18,82572,6553,324,-153
"3602",2014-07-21,82572,6553,369,-60
"3603",2014-07-22,84000,6667,1884,770
"3604",2014-07-23,83748,6647,-30,441
"3605",2014-07-24,83160,6600,0,-368
"3606",2014-07-25,83160,6600,1091,-142
"3607",2014-07-28,81480,6467,0,-641
"3608",2014-07-29,78036,6193,-13156,240
"3609",2014-07-30,77028,6113,0,96
"3610",2014-07-31,77868,6180,0,-423
"3611",2014-08-01,78456,6227,0,-400
"3612",2014-08-04,79296,6293,0,-483
"3613",2014-08-05,78708,6247,0,-878
"3614",2014-08-06,78120,6200,0,137
"3615",2014-08-07,77700,6167,0,-105
"3616",2014-08-08,76524,6073,1819,-868
"3617",2014-08-11,78708,6247,1153,116
"3618",2014-08-12,78540,6233,-569,-656
"3619",2014-08-13,78708,6247,2395,-483
"3620",2014-08-14,78960,6267,2028,440
"3621",2014-08-18,79296,6293,217,51
"3622",2014-08-19,79632,6320,944,40
"3623",2014-08-20,79044,6273,356,55
"3624",2014-08-21,79464,6307,274,82
"3625",2014-08-22,79632,6320,1703,0
"3626",2014-08-25,79380,6300,0,-20
"3627",2014-08-26,79212,6287,0,-16
"3628",2014-08-27,79212,6287,1673,102
"3629",2014-08-28,83916,6660,29683,1825
"3630",2014-08-29,80640,6400,0,707
"3631",2014-09-01,78540,6233,0,-400
"3632",2014-09-02,78708,6247,0,-166
"3633",2014-09-03,79212,6287,0,-411
"3634",2014-09-04,79548,6313,2030,-82
"3635",2014-09-05,80136,6360,217,375
"3636",2014-09-11,80304,6373,0,294
"3637",2014-09-12,81228,6447,983,-892
"3638",2014-09-15,81228,6447,0,-182
"3639",2014-09-16,80976,6427,0,0
"3640",2014-09-17,81312,6453,1518,-604
"3641",2014-09-18,89880,7133,10463,414
"3642",2014-09-19,86520,6867,20936,829
"3643",2014-09-22,87780,6967,4731,-1819
"3644",2014-09-23,91140,7233,1442,1447
"3645",2014-09-24,90300,7167,0,1128
"3646",2014-09-25,91140,7233,996,542
"3647",2014-09-26,89040,7067,-2025,812
"3648",2014-09-29,91140,7233,2090,1309
"3649",2014-09-30,88200,7000,0,1075
"3650",2014-10-01,83832,6653,1403,1024
"3651",2014-10-02,85260,6767,2785,-2699
"3652",2014-10-06,91560,7267,57943,1348
"3653",2014-10-07,89880,7133,156,88
"3654",2014-10-08,103320,8200,46216,5012
"3655",2014-10-10,99540,7900,41139,-12335
"3656",2014-10-13,92820,7367,14752,-5623
"3657",2014-10-14,95760,7600,9094,-2572
"3658",2014-10-15,96180,7633,381,-5473
"3659",2014-10-16,96180,7633,15876,3101
"3660",2014-10-17,96180,7633,0,-3934
"3661",2014-10-20,95340,7567,0,4229
"3662",2014-10-21,97440,7733,24071,4959
"3663",2014-10-22,100380,7967,25355,13740
"3664",2014-10-23,109200,8667,1495,9283
"3665",2014-10-24,103740,8233,1303,-22494
"3666",2014-10-27,102480,8133,1278,-4952
"3667",2014-10-28,103740,8233,0,2264
"3668",2014-10-29,97860,7767,15329,3241
"3669",2014-10-30,102480,8133,-1095,-1124
"3670",2014-10-31,100380,7967,9413,-3943
"3671",2014-11-03,99120,7867,2375,-810
"3672",2014-11-04,93240,7400,27901,1985
"3673",2014-11-05,92820,7367,3350,-5369
"3674",2014-11-06,88620,7033,0,5031
"3675",2014-11-07,92400,7333,4097,5991
"3676",2014-11-10,89880,7133,-1669,-4675
"3677",2014-11-11,90720,7200,3796,10977
"3678",2014-11-12,90720,7200,319,-9068
"3679",2014-11-13,95760,7600,30701,-3055
"3680",2014-11-14,94080,7467,0,-3621
"3681",2014-11-17,86100,6833,-40584,-3754
"3682",2014-11-18,84840,6733,-10060,5151
"3683",2014-11-19,84840,6733,-1316,1891
"3684",2014-11-20,81732,6487,5834,-4351
"3685",2014-11-21,84420,6700,1991,4001
"3686",2014-11-24,82656,6560,-6458,-394
"3687",2014-11-25,82488,6547,-11938,1952
"3688",2014-11-26,84000,6667,-4682,2318
"3689",2014-11-27,82488,6547,984,-3559
"3690",2014-11-28,81480,6467,0,2197
"3691",2014-12-01,81732,6487,0,3344
"3692",2014-12-02,80976,6427,4336,-1302
"3693",2014-12-03,83076,6593,989,3784
"3694",2014-12-04,84420,6700,2197,-236
"3695",2014-12-05,83748,6647,3299,-1451
"3696",2014-12-08,82488,6547,3469,-3017
"3697",2014-12-09,81396,6460,3502,-1219
"3698",2014-12-10,82068,6513,13830,1887
"3699",2014-12-11,79380,6300,402,-1407
"3700",2014-12-12,78960,6267,-1662,935
"3701",2014-12-15,77448,6147,2063,2750
"3702",2014-12-16,76020,6033,-287,2888
"3703",2014-12-17,75600,6000,-8803,18202
"3704",2014-12-18,76020,6033,-6246,7977
"3705",2014-12-19,78204,6207,4158,9870
"3706",2014-12-22,79380,6300,3006,9208
"3707",2014-12-23,79632,6320,9460,-323
"3708",2014-12-24,82740,6567,3244,11134
"3709",2014-12-26,82740,6567,992,111
"3710",2014-12-29,81732,6487,-587,10776
"3711",2014-12-30,81816,6493,3428,214
"3712",2015-01-02,81312,6453,-5904,10450
"3713",2015-01-05,83160,6600,2532,10328
"3714",2015-01-06,82740,6567,0,9259
"3715",2015-01-07,81732,6487,0,-252
"3716",2015-01-08,79296,6293,-1477,644
"3717",2015-01-09,77448,6147,-2338,1954
"3718",2015-01-12,77784,6173,0,2113
"3719",2015-01-13,76860,6100,-458,359
"3720",2015-01-14,77616,6160,-5501,1022
"3721",2015-01-15,79044,6273,0,910
"3722",2015-01-16,77784,6173,390,-43
"3723",2015-01-19,77784,6173,0,-43
"3724",2015-01-20,81732,6487,-269,1395
"3725",2015-01-21,80304,6373,0,586
"3726",2015-01-22,79716,6327,0,-2230
"3727",2015-01-23,83076,6593,0,689
"3728",2015-01-26,85680,6800,-302,425
"3729",2015-01-27,83328,6613,0,-398
"3730",2015-01-28,83160,6600,0,1350
"3731",2015-01-29,85680,6800,0,-64
"3732",2015-01-30,87780,6967,22128,20
"3733",2015-02-02,92400,7333,18765,218
"3734",2015-02-03,89880,7133,-7451,1148
"3735",2015-02-04,93240,7400,39346,3119
"3736",2015-02-05,99120,7867,57637,1408
"3737",2015-02-06,99120,7867,15714,-281
"3738",2015-02-09,95340,7567,12636,1089
"3739",2015-02-10,94080,7467,764,8120
"3740",2015-02-11,93660,7433,15009,399
"3741",2015-02-12,92400,7333,13420,4600
"3742",2015-02-13,94920,7533,0,4556
"3743",2015-02-16,89880,7133,939,2123
"3744",2015-02-17,94080,7467,0,40093
"3745",2015-02-23,97860,7767,-3387,-4748
"3746",2015-02-24,96180,7633,20872,-5804
"3747",2015-02-25,94500,7500,-9921,-727
"3748",2015-02-26,90300,7167,-10242,3693
"3749",2015-02-27,90300,7167,3237,5715
"3750",2015-03-02,90720,7200,-21,2601
"3751",2015-03-03,87780,6967,-2134,1478
"3752",2015-03-04,89040,7067,586,3047
"3753",2015-03-05,89040,7067,-1192,866
"3754",2015-03-06,89040,7067,2007,1135
"3755",2015-03-09,86520,6867,816,-3276
"3756",2015-03-10,85680,6800,-855,904
"3757",2015-03-11,86100,6833,1503,-208
"3758",2015-03-12,86520,6867,1423,1528
"3759",2015-03-13,89460,7100,9890,1778
"3760",2015-03-16,90300,7167,5009,-783
"3761",2015-03-17,89880,7133,2120,-1055
"3762",2015-03-18,86520,6867,-13972,-1365
"3763",2015-03-19,86100,6833,-4268,572
"3764",2015-03-20,85680,6800,-5850,166
"3765",2015-03-23,83832,6653,1741,-315
"3766",2015-03-24,83748,6647,-10047,4954
"3767",2015-03-25,85260,6767,-1818,2113
"3768",2015-03-26,84420,6700,4632,-726
"3769",2015-03-27,83496,6627,-9467,71
"3770",2015-03-30,82740,6567,-5022,830
"3771",2015-03-31,82404,6540,-13642,3053
"3772",2015-04-01,84000,6667,-1173,5379
"3773",2015-04-02,84000,6667,-20905,2920
"3774",2015-04-03,84840,6733,-12,871
"3775",2015-04-06,86940,6900,-318,1142
"3776",2015-04-07,86940,6900,-15064,784
"3777",2015-04-08,84840,6733,1874,1767
"3778",2015-04-09,88620,7033,17502,1985
"3779",2015-04-10,91560,7267,27119,-503
"3780",2015-04-13,88200,7000,-15933,-1531
"3781",2015-04-14,86940,6900,2097,-497
"3782",2015-04-15,88200,7000,4452,2532
"3783",2015-04-16,87780,6967,-2111,-1273
"3784",2015-04-17,87360,6933,0,-526
"3785",2015-04-20,87360,6933,109,311
"3786",2015-04-21,88620,7033,-2457,1678
"3787",2015-04-22,86940,6900,-2577,-2237
"3788",2015-04-23,86520,6867,7476,-3540
"3789",2015-04-24,88620,7033,14836,-3560
"3790",2015-04-27,89460,7100,4207,2995
"3791",2015-04-28,89460,7100,21371,-1969
"3792",2015-04-29,94500,7500,-10519,1577
"3793",2015-04-30,91980,7300,9107,-3213
"3794",2015-05-04,88620,7033,9312,-3733
"3795",2015-05-06,89460,7100,14355,-3371
"3796",2015-05-07,91140,7233,12681,-6290
"3797",2015-05-08,90300,7167,-2209,-877
"3798",2015-05-11,91140,7233,0,1975
"3799",2015-05-12,89460,7100,2433,-1847
"3800",2015-05-13,92400,7333,5789,-296
"3801",2015-05-14,97440,7733,2047,-2112
"3802",2015-05-15,100800,8000,29529,563
"3803",2015-05-18,98280,7800,-14456,-8161
"3804",2015-05-19,103740,8233,31331,6179
"3805",2015-05-20,102060,8100,14380,-10700
"3806",2015-05-21,102060,8100,2055,15737
"3807",2015-05-22,103740,8233,7620,5393
"3808",2015-05-26,102060,8100,625,-2061
"3809",2015-05-27,99960,7933,14468,-4641
"3810",2015-05-28,105420,8367,8045,1525
"3811",2015-05-29,106680,8467,9105,-4637
"3812",2015-06-01,107520,8533,5302,-2117
"3813",2015-06-02,106680,8467,2777,882
"3814",2015-06-03,105420,8367,5175,1804
"3815",2015-06-04,101640,8067,3312,1819
"3816",2015-06-05,98700,7833,-4990,12823
"3817",2015-06-08,102480,8133,-2623,2961
"3818",2015-06-09,100380,7967,-45777,307
"3819",2015-06-10,100800,8000,19998,-3628
"3820",2015-06-11,100800,8000,1575,-3233
"3821",2015-06-12,99960,7933,1036,-218
"3822",2015-06-15,95760,7600,5999,-1690
"3823",2015-06-16,93240,7400,1234,12304
"3824",2015-06-17,99120,7867,9234,-3205
"3825",2015-06-18,101640,8067,14455,-380
"3826",2015-06-19,100800,8000,5978,-1576
"3827",2015-06-22,101220,8033,3602,-149
"3828",2015-06-23,101640,8067,1762,587
"3829",2015-06-24,122640,9733,23432,8073
"3830",2015-06-25,123900,9833,6710,-5229
"3831",2015-06-26,123480,9800,12667,-1410
"3832",2015-06-29,121800,9667,-6661,2701
"3833",2015-06-30,122640,9733,16991,983
"3834",2015-07-01,120960,9600,-3493,-9708
"3835",2015-07-02,117600,9333,-33203,20270
"3836",2015-07-03,115080,9133,877,12516
"3837",2015-07-06,109200,8667,-1278,11923
"3838",2015-07-07,108780,8633,9403,-18455
"3839",2015-07-08,107940,8567,-911,269
"3840",2015-07-09,105840,8400,3532,688
"3841",2015-07-10,111300,8833,6794,3675
"3842",2015-07-13,110460,8767,1795,4963
"3843",2015-07-14,118020,9367,15459,6553
"3844",2015-07-15,118440,9400,11712,-15438
"3845",2015-07-16,116340,9233,-931,-2835
"3846",2015-07-17,119280,9467,7,-6533
"3847",2015-07-20,121800,9667,2442,-9264
"3848",2015-07-21,122220,9700,-158,-9028
"3849",2015-07-22,118860,9433,-9307,-1942
"3850",2015-07-23,118440,9400,2389,850
"3851",2015-07-24,116760,9267,-1859,-5172
"3852",2015-07-27,110880,8800,-9516,-3887
"3853",2015-07-28,109200,8667,485,3779
"3854",2015-07-29,109620,8700,167,-3084
"3855",2015-07-30,110460,8767,3378,-9166
"3856",2015-07-31,108780,8633,0,-7025
"3857",2015-08-03,107520,8533,-16743,-5274
"3858",2015-08-04,107520,8533,-3125,-4126
"3859",2015-08-05,111720,8867,4894,2693
"3860",2015-08-06,112140,8900,4325,-3274
"3861",2015-08-07,116760,9267,400,1732
"3862",2015-08-10,116760,9267,-4482,-3257
"3863",2015-08-11,113400,9000,-1903,-6668
"3864",2015-08-12,113400,9000,-1813,-4724
"3865",2015-08-13,116760,9267,1904,-1295
"3866",2015-08-17,112980,8967,0,-3714
"3867",2015-08-18,113400,9000,238,-7908
"3868",2015-08-19,113400,9000,7611,-2072
"3869",2015-08-20,108780,8633,-12701,-2663
"3870",2015-08-21,108780,8633,58618,-3084
"3871",2015-08-24,106260,8433,-4087,-4359
"3872",2015-08-25,106680,8467,-169,-2034
"3873",2015-08-26,107940,8567,-2770,2389
"3874",2015-08-27,109200,8667,-2138,3067
"3875",2015-08-28,110460,8767,1304,2030
"3876",2015-08-31,110460,8767,0,-581
"3877",2015-09-01,108360,8600,-140,-6089
"3878",2015-09-02,109200,8667,72,239
"3879",2015-09-03,109200,8667,2394,-1471
"3880",2015-09-04,107100,8500,0,-455
"3881",2015-09-07,106680,8467,-10282,-1744
"3882",2015-09-08,105840,8400,5030,749
"3883",2015-09-09,107100,8500,6957,-1120
"3884",2015-09-10,105840,8400,2172,1696
"3885",2015-09-11,106680,8467,1309,313
"3886",2015-09-14,106260,8433,0,-218
"3887",2015-09-15,107520,8533,72,-259
"3888",2015-09-16,108780,8633,0,-1095
"3889",2015-09-17,108360,8600,0,1201
"3890",2015-09-18,109200,8667,-7136,4844
"3891",2015-09-21,107100,8500,-1163,-519
"3892",2015-09-22,106260,8433,554,405
"3893",2015-09-23,106680,8467,-906,-765
"3894",2015-09-24,107100,8500,-581,-843
"3895",2015-09-25,107100,8500,-189,546
"3896",2015-09-30,108780,8633,1259,-566
"3897",2015-10-01,107100,8500,-15181,211
"3898",2015-10-02,107100,8500,3890,-169
"3899",2015-10-05,106260,8433,0,213
"3900",2015-10-06,104160,8267,0,373
"3901",2015-10-07,104160,8267,1819,44
"3902",2015-10-08,102060,8100,-684,1054
"3903",2015-10-12,102480,8133,-572,66
"3904",2015-10-13,100380,7967,-1065,-81
"3905",2015-10-14,101220,8033,-5746,451
"3906",2015-10-15,105420,8367,-589,-1660
"3907",2015-10-16,102480,8133,-589,2398
"3908",2015-10-19,103320,8200,-579,-420
"3909",2015-10-20,103740,8233,0,-1484
"3910",2015-10-21,103320,8200,64,129
"3911",2015-10-22,103320,8200,0,-1811
"3912",2015-10-23,102060,8100,-1378,414
"3913",2015-10-26,101640,8067,-1473,699
"3914",2015-10-27,101220,8033,-1689,724
"3915",2015-10-28,102060,8100,-676,230
"3916",2015-10-29,102060,8100,0,14
"3917",2015-10-30,101220,8033,-3639,-1069
"3918",2015-11-02,100800,8000,-571,-573
"3919",2015-11-03,98280,7800,-987,-533
"3920",2015-11-04,100800,8000,-580,-1145
"3921",2015-11-05,101220,8033,-5518,260
"3922",2015-11-06,101640,8067,1639,-1421
"3923",2015-11-09,101220,8033,2151,-1665
"3924",2015-11-10,100380,7967,5684,-968
"3925",2015-11-11,101220,8033,8151,1131
"3926",2015-11-12,100800,8000,-6055,62
"3927",2015-11-13,99540,7900,5774,-437
"3928",2015-11-16,97020,7700,1683,-3964
"3929",2015-11-17,93240,7400,6500,-5904
"3930",2015-11-18,92400,7333,6196,-3554
"3931",2015-11-19,92400,7333,4299,-1081
"3932",2015-11-20,91980,7300,1953,-3055
"3933",2015-11-23,91980,7300,545,-2215
"3934",2015-11-24,92400,7333,748,-2029
"3935",2015-11-25,91980,7300,353,-1143
"3936",2015-11-26,88200,7000,-4812,-5782
"3937",2015-11-27,88620,7033,9021,970
"3938",2015-11-30,91560,7267,14520,951
"3939",2015-12-01,91980,7300,0,34
"3940",2015-12-02,92820,7367,-211,-1043
"3941",2015-12-03,92820,7367,0,-2546
"3942",2015-12-04,92400,7333,0,-696
"3943",2015-12-07,94500,7500,0,187
"3944",2015-12-08,93660,7433,0,-2449
"3945",2015-12-09,92400,7333,0,-1786
"3946",2015-12-10,89460,7100,0,-1589
"3947",2015-12-11,88620,7033,-553,-539
"3948",2015-12-14,86940,6900,-821,-492
"3949",2015-12-15,86520,6867,0,660
"3950",2015-12-16,87780,6967,-2080,1533
"3951",2015-12-17,88620,7033,-39,50
"3952",2015-12-18,91140,7233,1037,806
"3953",2015-12-21,93660,7433,3181,-1312
"3954",2015-12-22,93660,7433,-1109,-3015
"3955",2015-12-23,93240,7400,-4584,-927
"3956",2015-12-24,92820,7367,-4632,-30
"3957",2015-12-28,93240,7400,-601,64
"3958",2015-12-29,92820,7367,0,-632
"3959",2015-12-30,88200,7000,-9498,-478
"3960",2016-01-04,88200,7000,0,-1354
"3961",2016-01-05,88200,7000,-209,-582
"3962",2016-01-06,86940,6900,0,-891
"3963",2016-01-07,86940,6900,-1592,-1287
"3964",2016-01-08,86100,6833,693,-1905
"3965",2016-01-11,86940,6900,670,1806
"3966",2016-01-12,86940,6900,0,-331
"3967",2016-01-13,89880,7133,0,339
"3968",2016-01-14,88200,7000,0,-1550
"3969",2016-01-15,87780,6967,0,-760
"3970",2016-01-18,83664,6640,-2000,63
"3971",2016-01-19,80220,6367,-6254,-472
"3972",2016-01-20,78876,6260,2809,-534
"3973",2016-01-21,78120,6200,-4052,1394
"3974",2016-01-22,79548,6313,-2194,2168
"3975",2016-01-25,82236,6527,1384,566
"3976",2016-01-26,82236,6527,2496,-1324
"3977",2016-01-27,82236,6527,1120,-1088
"3978",2016-01-28,85260,6767,4422,-504
"3979",2016-01-29,84840,6733,-4347,-398
"3980",2016-02-01,83832,6653,-31,-496
"3981",2016-02-02,83076,6593,-5943,342
"3982",2016-02-03,81816,6493,1221,79
"3983",2016-02-04,83664,6640,1188,512
"3984",2016-02-05,83244,6607,-750,22
"3985",2016-02-11,80136,6360,-2949,1382
"3986",2016-02-12,76692,6087,-22705,-4366
"3987",2016-02-15,76272,6053,-5856,-753
"3988",2016-02-16,77952,6187,-2695,109
"3989",2016-02-17,76524,6073,-531,-1761
"3990",2016-02-18,77868,6180,-1370,669
"3991",2016-02-19,76860,6100,-171,367
"3992",2016-02-22,77364,6140,-1222,-740
"3993",2016-02-23,77532,6153,0,-1633
"3994",2016-02-24,78624,6240,-411,-2139
"3995",2016-02-25,78960,6267,188,-39
"3996",2016-02-26,78960,6267,-1143,-402
"3997",2016-02-29,79464,6307,1229,601
"3998",2016-03-02,80640,6400,-79,1631
"3999",2016-03-03,81312,6453,-195,-487
"4000",2016-03-04,81144,6440,-1302,-21
"4001",2016-03-07,82236,6527,75,1192
"4002",2016-03-08,81648,6480,-390,158
"4003",2016-03-09,83076,6593,-200,-1450
"4004",2016-03-10,82572,6553,-204,1762
"4005",2016-03-11,82908,6580,97,2175
"4006",2016-03-14,83076,6593,-799,411
"4007",2016-03-15,82908,6580,-984,-104
"4008",2016-03-16,83244,6607,-697,-431
"4009",2016-03-17,82404,6540,-16166,136
"4010",2016-03-18,81984,6507,-9624,3955
"4011",2016-03-21,85680,6800,-1576,3138
"4012",2016-03-22,84840,6733,-202,343
"4013",2016-03-23,86100,6833,-104,-1347
"4014",2016-03-24,86100,6833,-454,-9
"4015",2016-03-25,86520,6867,0,726
"4016",2016-03-28,85260,6767,715,-607
"4017",2016-03-29,85260,6767,928,2130
"4018",2016-03-30,87360,6933,-3462,5410
"4019",2016-03-31,86940,6900,-102,678
"4020",2016-04-01,87780,6967,-16,-209
"4021",2016-04-04,89880,7133,2098,-166
"4022",2016-04-05,89880,7133,-220,-1681
"4023",2016-04-06,89460,7100,-659,-1137
"4024",2016-04-07,92400,7333,0,5184
"4025",2016-04-08,92400,7333,0,-3837
"4026",2016-04-11,91980,7300,326,-1437
"4027",2016-04-12,91980,7300,0,-740
"4028",2016-04-14,91560,7267,0,-716
"4029",2016-04-15,91980,7300,-593,-1766
"4030",2016-04-18,91980,7300,-83,-367
"4031",2016-04-19,92400,7333,-39,-712
"4032",2016-04-20,92400,7333,-704,-838
"4033",2016-04-21,92820,7367,-7190,-198
"4034",2016-04-22,93240,7400,-110,-869
"4035",2016-04-25,93660,7433,-42,-585
"4036",2016-04-26,93660,7433,0,-762
"4037",2016-04-27,92820,7367,-2760,-1437
"4038",2016-04-28,89460,7100,0,294
"4039",2016-04-29,91140,7233,-5617,-487
"4040",2016-05-02,90720,7200,-3497,-258
"4041",2016-05-03,89040,7067,0,-282
"4042",2016-05-04,90300,7167,1363,2785
"4043",2016-05-09,89040,7067,2322,-389
"4044",2016-05-10,89040,7067,-3732,865
"4045",2016-05-11,89460,7100,-98,1196
"4046",2016-05-12,89460,7100,0,487
"4047",2016-05-13,90300,7167,-821,-421
"4048",2016-05-16,90720,7200,0,1369
"4049",2016-05-17,91560,7267,0,-441
"4050",2016-05-18,90300,7167,0,406
"4051",2016-05-19,89040,7067,0,1215
"4052",2016-05-20,90300,7167,0,72
"4053",2016-05-23,90300,7167,-18,-465
"4054",2016-05-24,89880,7133,-7299,1336
"4055",2016-05-25,91140,7233,0,2293
"4056",2016-05-26,89460,7100,0,-806
"4057",2016-05-27,89460,7100,0,-493
"4058",2016-05-30,89880,7133,0,-32
"4059",2016-05-31,90300,7167,113,-175
"4060",2016-06-01,91140,7233,-527,1684
"4061",2016-06-02,91140,7233,0,-757
"4062",2016-06-03,91140,7233,0,-869
"4063",2016-06-07,92820,7367,-13,786
"4064",2016-06-08,91140,7233,-41,-1347
"4065",2016-06-09,91140,7233,-666,-661
"4066",2016-06-10,90720,7200,0,480
"4067",2016-06-13,90720,7200,0,-375
"4068",2016-06-14,89880,7133,0,-457
"4069",2016-06-15,89460,7100,3489,109
"4070",2016-06-16,87780,6967,0,-324
"4071",2016-06-17,84840,6733,-30655,941
"4072",2016-06-20,84420,6700,0,965
"4073",2016-06-21,87360,6933,-8,-74
"4074",2016-06-22,88620,7033,1206,-475
"4075",2016-06-23,86940,6900,0,-783
"4076",2016-06-24,85260,6767,0,-2678
"4077",2016-06-27,84840,6733,0,-3961
"4078",2016-06-28,85260,6767,-131,892
"4079",2016-06-29,85680,6800,-529,673
"4080",2016-06-30,86100,6833,396,625
"4081",2016-07-01,86520,6867,0,950
"4082",2016-07-04,86940,6900,0,-538
"4083",2016-07-05,86940,6900,-40,-534
"4084",2016-07-06,86940,6900,0,-653
"4085",2016-07-07,85680,6800,0,31
"4086",2016-07-08,86100,6833,0,-107
"4087",2016-07-11,86520,6867,0,363
"4088",2016-07-12,86520,6867,-1022,-493
"4089",2016-07-13,87780,6967,0,99
"4090",2016-07-14,87360,6933,0,-469
"4091",2016-07-15,86520,6867,-452,-599
"4092",2016-07-18,86520,6867,0,-489
"4093",2016-07-19,86520,6867,0,-601
"4094",2016-07-20,85260,6767,0,-7138
"4095",2016-07-21,86520,6867,0,-1154
"4096",2016-07-22,86940,6900,0,67
"4097",2016-07-25,86940,6900,0,-533
"4098",2016-07-26,86940,6900,0,-213
"4099",2016-07-27,85680,6800,0,-406
"4100",2016-07-28,86100,6833,0,-249
"4101",2016-07-29,86100,6833,-3875,-218
"4102",2016-08-01,89880,7133,0,-1155
"4103",2016-08-02,88620,7033,-172,-5233
"4104",2016-08-03,89880,7133,0,-346
"4105",2016-08-04,88200,7000,-3845,-532
"4106",2016-08-05,89460,7100,0,-1259
"4107",2016-08-08,87360,6933,0,-2765
"4108",2016-08-09,85680,6800,0,-56
"4109",2016-08-10,85680,6800,0,16
"4110",2016-08-11,82908,6580,-10506,-968
"4111",2016-08-12,84000,6667,-431,198
"4112",2016-08-16,83664,6640,0,-1674
"4113",2016-08-17,84420,6700,0,-1981
"4114",2016-08-18,83664,6640,-534,-968
"4115",2016-08-19,85680,6800,0,-1612
"4116",2016-08-22,82824,6573,-13462,-3371
"4117",2016-08-23,83412,6620,0,-190
"4118",2016-08-24,83748,6647,0,0
"4119",2016-08-25,83748,6647,-485,25
"4120",2016-08-26,83580,6633,-368,-15
"4121",2016-08-29,83580,6633,0,216
"4122",2016-08-30,83412,6620,-255,-207
"4123",2016-08-31,83328,6613,-242,-990
"4124",2016-09-01,84000,6667,0,151
"4125",2016-09-02,84000,6667,0,193
"4126",2016-09-05,84420,6700,-1185,379
"4127",2016-09-06,84420,6700,-4140,0
"4128",2016-09-07,84420,6700,-9249,280
"4129",2016-09-08,90720,7200,-16878,229
"4130",2016-09-09,89880,7133,-2853,426
"4131",2016-09-12,86100,6833,-6289,36
"4132",2016-09-13,89040,7067,-9448,-614
"4133",2016-09-19,91140,7233,0,-188
"4134",2016-09-20,98700,7833,-5248,-770
"4135",2016-09-21,95760,7600,-8985,-716
"4136",2016-09-22,99120,7867,-2338,1515
"4137",2016-09-23,99960,7933,0,-2891
"4138",2016-09-26,97440,7733,-1488,26
"4139",2016-09-27,97860,7767,-202,-214
"4140",2016-09-28,97440,7733,-5376,-169
"4141",2016-09-29,101220,8033,-13336,3695
"4142",2016-09-30,100800,8000,-33169,-6214
"4143",2016-10-04,99540,7900,-1700,57
"4144",2016-10-05,97860,7767,-4189,0
"4145",2016-10-06,100380,7967,-9379,862
"4146",2016-10-07,98280,7800,-6109,-926
"4147",2016-10-10,98280,7800,-1053,726
"4148",2016-10-11,97020,7700,-2673,750
"4149",2016-10-12,101220,8033,-7541,2284
"4150",2016-10-13,107940,8567,-3400,4508
"4151",2016-10-14,110880,8800,-15429,-538
"4152",2016-10-17,111720,8867,-899,-5930
"4153",2016-10-18,110880,8800,-13811,-788
"4154",2016-10-19,105420,8367,-10716,309
"4155",2016-10-20,97440,7733,4778,8065
"4156",2016-10-21,100800,8000,-5096,-1700
"4157",2016-10-24,100800,8000,6099,-4183
"4158",2016-10-25,98700,7833,-5646,-633
"4159",2016-10-26,104160,8267,-7804,-1728
"4160",2016-10-27,106680,8467,-110219,-9551
"4161",2016-10-28,101220,8033,-6729,-1208
"4162",2016-10-31,101640,8067,-13734,868
"4163",2016-11-01,102480,8133,0,-1280
"4164",2016-11-02,99540,7900,941,423
"4165",2016-11-03,97440,7733,886,11997
"4166",2016-11-04,99960,7933,0,9321
"4167",2016-11-07,103320,8200,-964,-4562
"4168",2016-11-08,103320,8200,0,-1382
"4169",2016-11-09,97650,7750,0,-9658
"4170",2016-11-10,99666,7910,5503,-1129
"4171",2016-11-11,100674,7990,0,3492
"4172",2016-11-14,101178,8030,0,-422
"4173",2016-11-15,100548,7980,0,-19
"4174",2016-11-16,100296,7960,988,-1
"4175",2016-11-17,100170,7950,0,1147
"4176",2016-11-18,99162,7870,0,788
"4177",2016-11-21,98784,7840,880,-24
"4178",2016-11-22,98154,7790,0,476
"4179",2016-11-23,97272,7720,0,530
"4180",2016-11-24,94878,7530,875,383
"4181",2016-11-25,95508,7580,0,1549
"4182",2016-11-28,95382,7570,0,-240
"4183",2016-11-29,94500,7500,1156,250
"4184",2016-11-30,95382,7570,1738,-601
"4185",2016-12-01,96642,7670,1167,1331
"4186",2016-12-02,99162,7870,589,1051
"4187",2016-12-05,98910,7850,5292,-1315
"4188",2016-12-06,98910,7850,582,1219
"4189",2016-12-07,98280,7800,1710,469
"4190",2016-12-08,99036,7860,0,-451
"4191",2016-12-09,96012,7620,-1,76
"4192",2016-12-12,95634,7590,0,1279
"4193",2016-12-13,95634,7590,0,2726
"4194",2016-12-14,95382,7570,588,4276
"4195",2016-12-15,95004,7540,-210,-574
"4196",2016-12-16,94500,7500,0,-473
"4197",2016-12-19,93870,7450,0,1593
"4198",2016-12-20,93492,7420,1767,-237
"4199",2016-12-21,94752,7520,596,1320
"4200",2016-12-22,94500,7500,1217,-1213
"4201",2016-12-23,93870,7450,0,710
"4202",2016-12-26,92862,7370,0,-838
"4203",2016-12-27,94878,7530,599,2621
"4204",2016-12-28,93744,7440,0,17
"4205",2016-12-29,93618,7430,1201,-212
"4206",2017-01-02,92736,7360,-37,-2149
"4207",2017-01-03,91350,7250,-2226,545
"4208",2017-01-04,90594,7190,-2966,349
"4209",2017-01-05,90468,7180,-10987,2052
"4210",2017-01-06,90972,7220,596,1942
"4211",2017-01-09,90720,7200,-1998,487
"4212",2017-01-10,90468,7180,-3643,388
"4213",2017-01-11,89460,7100,2368,-923
"4214",2017-01-12,89334,7090,3522,-377
"4215",2017-01-13,89082,7070,0,-119
"4216",2017-01-16,87066,6910,396,55
"4217",2017-01-17,86940,6900,1794,1946
"4218",2017-01-18,86940,6900,-5,553
"4219",2017-01-19,87192,6920,-2950,58
"4220",2017-01-20,87696,6960,-366,484
"4221",2017-01-23,86310,6850,-3245,-419
"4222",2017-01-24,86058,6830,632,-43
"4223",2017-01-25,86184,6840,154,-215
"4224",2017-01-26,86436,6860,-2392,617
"4225",2017-01-31,86688,6880,-5316,1572
"4226",2017-02-01,86184,6840,-3050,232
"4227",2017-02-02,88200,7000,2855,-143
"4228",2017-02-03,87822,6970,1699,-996
"4229",2017-02-06,85806,6810,-692,-1895
"4230",2017-02-07,85680,6800,-6552,-69
"4231",2017-02-08,87192,6920,-3,-1255
"4232",2017-02-09,87192,6920,0,-92
"4233",2017-02-10,86310,6850,-1364,-595
"4234",2017-02-13,86562,6870,-3294,472
"4235",2017-02-14,86058,6830,-3917,293
"4236",2017-02-15,86814,6890,-2059,1169
"4237",2017-02-16,86940,6900,-1374,373
"4238",2017-02-17,87192,6920,-1383,1061
"4239",2017-02-20,87192,6920,0,103
"4240",2017-02-21,86940,6900,0,1878
"4241",2017-02-22,87192,6920,0,467
"4242",2017-02-23,86562,6870,-119,34
"4243",2017-02-24,87192,6920,778,626
"4244",2017-02-27,86940,6900,317,191
"4245",2017-02-28,86436,6860,78,172
"4246",2017-03-02,87192,6920,624,115
"4247",2017-03-03,86562,6870,-82,-362
"4248",2017-03-06,85932,6820,-1721,-153
"4249",2017-03-07,86058,6830,-699,-220
"4250",2017-03-08,85932,6820,-1349,-591
"4251",2017-03-09,85680,6800,-1493,-619
"4252",2017-03-10,85428,6780,-2873,5
"4253",2017-03-13,85176,6760,-1195,-203
"4254",2017-03-14,85554,6790,1449,406
"4255",2017-03-15,85428,6780,-1699,-858
"4256",2017-03-16,86058,6830,-1594,-2443
"4257",2017-03-17,85302,6770,-3822,95
"4258",2017-03-20,85176,6760,-2809,-2644
"4259",2017-03-21,84798,6730,-1801,-1287
"4260",2017-03-22,84798,6730,-6116,-1272
"4261",2017-03-23,84672,6720,-2000,-714
"4262",2017-03-24,84546,6710,-2416,-25
"4263",2017-03-27,84042,6670,-1633,-456
"4264",2017-03-28,84546,6710,-2103,747
"4265",2017-03-29,84672,6720,-1214,206
"4266",2017-03-30,84924,6740,-1165,724
"4267",2017-03-31,84798,6730,0,3264
"4268",2017-04-03,85428,6780,-1595,1562
"4269",2017-04-04,85302,6770,-1343,1110
"4270",2017-04-05,87192,6920,-61,2150
"4271",2017-04-06,89334,7090,2645,650
"4272",2017-04-07,89334,7090,-17,-1486
"4273",2017-04-10,87696,6960,0,-823
"4274",2017-04-11,85932,6820,2438,-263
"4275",2017-04-12,85680,6800,-95,-142
"4276",2017-04-13,87318,6930,0,865
"4277",2017-04-14,87948,6980,-86,745
"4278",2017-04-17,87318,6930,-56,-63
"4279",2017-04-18,86940,6900,0,1251
"4280",2017-04-19,87318,6930,-31,261
"4281",2017-04-20,86688,6880,0,336
"4282",2017-04-21,88074,6990,4821,946
"4283",2017-04-24,87822,6970,1492,-668
"4284",2017-04-25,88830,7050,638,1819
"4285",2017-04-26,88326,7010,1906,-102
"4286",2017-04-27,88578,7030,945,1113
"4287",2017-04-28,87822,6970,2843,-2
"4288",2017-05-02,87570,6950,0,-707
"4289",2017-05-04,88074,6990,0,979
"4290",2017-05-08,88830,7050,-376,1742
"4291",2017-05-10,88452,7020,-21,585
"4292",2017-05-11,88074,6990,-15,164
"4293",2017-05-12,88326,7010,0,2564
"4294",2017-05-15,88326,7010,-69,334
"4295",2017-05-16,88326,7010,-123,-1365
"4296",2017-05-17,88200,7000,-372,-392
"4297",2017-05-18,88200,7000,-14,-334
"4298",2017-05-19,88326,7010,0,-39
"4299",2017-05-22,88704,7040,0,627
"4300",2017-05-23,89334,7090,0,1370
"4301",2017-05-24,89964,7140,0,1191
"4302",2017-05-25,90216,7160,0,88
"4303",2017-05-26,90468,7180,1689,566
"4304",2017-05-29,90090,7150,2741,-179
"4305",2017-05-30,89208,7080,-457,1252
"4306",2017-05-31,90468,7180,17878,5500
"4307",2017-06-01,89964,7140,953,1808
"4308",2017-06-02,89964,7140,7895,2845
"4309",2017-06-05,90090,7150,0,1708
"4310",2017-06-07,90216,7160,5624,2505
"4311",2017-06-08,90972,7220,84,1669
"4312",2017-06-09,92484,7340,1856,2937
"4313",2017-06-12,92232,7320,-4341,-5705
"4314",2017-06-13,91980,7300,580,277
"4315",2017-06-14,91854,7290,1429,-358
"4316",2017-06-15,91098,7230,522,-1903
"4317",2017-06-16,90468,7180,0,-1090
"4318",2017-06-19,89838,7130,1164,-783
"4319",2017-06-20,90216,7160,2839,-1467
"4320",2017-06-21,89964,7140,0,-1845
"4321",2017-06-22,89964,7140,0,-1201
"4322",2017-06-23,90468,7180,-1415,-135
"4323",2017-06-26,89838,7130,575,-1208
"4324",2017-06-27,89964,7140,0,-1016
"4325",2017-06-28,90216,7160,-2,-1017
"4326",2017-06-29,90090,7150,2316,-954
"4327",2017-06-30,90216,7160,0,0
"4328",2017-07-03,89712,7120,-43,-413
"4329",2017-07-04,88326,7010,0,-1654
"4330",2017-07-05,88704,7040,-709,-122
"4331",2017-07-06,89208,7080,2096,-1665
"4332",2017-07-07,89082,7070,0,-2207
"4333",2017-07-10,88452,7020,3433,-1063
"4334",2017-07-11,89082,7070,0,14
"4335",2017-07-12,89082,7070,0,-878
"4336",2017-07-13,89208,7080,1168,-2772
"4337",2017-07-14,89208,7080,2337,-1176
"4338",2017-07-17,88326,7010,0,-848
"4339",2017-07-18,88326,7010,0,-394
"4340",2017-07-19,88452,7020,0,101
"4341",2017-07-20,88578,7030,571,-42
"4342",2017-07-21,88956,7060,0,-86
"4343",2017-07-24,88830,7050,0,-72
"4344",2017-07-25,88830,7050,0,-330
"4345",2017-07-26,89208,7080,0,-204
"4346",2017-07-27,88200,7000,0,-69
"4347",2017-07-28,88452,7020,0,-148
"4348",2017-07-31,88452,7020,0,-431
"4349",2017-08-01,88830,7050,0,704
"4350",2017-08-02,88956,7060,1292,-275
"4351",2017-08-03,88704,7040,0,-160
"4352",2017-08-04,88704,7040,0,-1735
"4353",2017-08-07,88452,7020,0,-2288
"4354",2017-08-08,88578,7030,-232,-700
"4355",2017-08-09,88578,7030,717,-2468
"4356",2017-08-10,87570,6950,-1377,-3362
"4357",2017-08-11,86940,6900,0,-962
"4358",2017-08-14,88200,7000,0,-2402
"4359",2017-08-16,88200,7000,0,-759
"4360",2017-08-17,88200,7000,1113,-942
"4361",2017-08-18,88200,7000,0,-322
"4362",2017-08-21,87822,6970,2537,-713
"4363",2017-08-22,87570,6950,0,-1360
"4364",2017-08-23,87318,6930,1816,-596
"4365",2017-08-24,87570,6950,0,-632
"4366",2017-08-25,87318,6930,1710,482
"4367",2017-08-28,87570,6950,0,2270
"4368",2017-08-29,87570,6950,0,641
"4369",2017-08-30,87444,6940,1133,-13
"4370",2017-08-31,87948,6980,579,-18
"4371",2017-09-01,88326,7010,1172,514
"4372",2017-09-04,88578,7030,0,-53
"4373",2017-09-05,88452,7020,2308,-873
"4374",2017-09-06,88578,7030,0,-627
"4375",2017-09-07,91476,7260,0,4218
"4376",2017-09-08,90216,7160,2821,-2757
"4377",2017-09-11,93618,7430,3723,2572
"4378",2017-09-12,93996,7460,-18081,-1302
"4379",2017-09-13,93870,7450,2084,-2396
"4380",2017-09-14,121968,9680,-155789,19299
"4381",2017-09-15,121716,9660,-179048,-31005
"4382",2017-09-18,125748,9980,-111047,-24385
"4383",2017-09-19,122094,9690,-10612,2160
"4384",2017-09-20,113904,9040,449,-2099
"4385",2017-09-21,113526,9010,-11642,14823
"4386",2017-09-22,108738,8630,-18152,-17811
"4387",2017-09-25,105462,8370,2819,8162
"4388",2017-09-26,103950,8250,84,-14333
"4389",2017-09-27,101430,8050,-6545,37315
"4390",2017-09-28,102438,8130,-330,-14881
"4391",2017-09-29,101052,8020,45,-1125
"4392",2017-10-10,101556,8060,4663,-22559
"4393",2017-10-11,105210,8350,1918,8258
"4394",2017-10-12,108108,8580,-334,-6844
"4395",2017-10-13,108360,8600,130,-12241
"4396",2017-10-16,113778,9030,695,-10118
"4397",2017-10-17,113022,8970,1969,-13920
"4398",2017-10-18,122094,9690,9,92509
"4399",2017-10-19,119070,9450,107,-15579
"4400",2017-10-20,119448,9480,0,77826
"4401",2017-10-23,133560,10600,0,93411
"4402",2017-10-24,134820,10700,141,17013
"4403",2017-10-25,130410,10350,0,8557
"4404",2017-10-26,138600,11000,0,28416
"4405",2017-10-27,163800,13000,665,19619
"4406",2017-10-30,176400,14000,2160,110239
"4407",2017-10-31,176400,14000,-597,-10868
"4408",2017-11-01,175140,13900,3630,18612
"4409",2017-11-02,192150,15250,0,-16791
"4410",2017-11-03,197820,15700,172,90611
"4411",2017-11-06,202230,16050,39,52349
"4412",2017-11-07,177660,14100,29939,-148069
"4413",2017-11-08,169470,13450,0,51637
"4414",2017-11-09,173880,13800,0,46854
"4415",2017-11-10,170730,13550,-171,-72904
"4416",2017-11-13,171360,13600,-23,24534
"4417",2017-11-14,183960,14600,11,-12163
"4418",2017-11-15,172620,13700,-4217,-2426
"4419",2017-11-16,216720,17200,-25965,44398
"4420",2017-11-17,199080,15800,8226,-49265
"4421",2017-11-20,202230,16050,-4808,-38127
"4422",2017-11-21,207900,16500,1492,-14312
"4423",2017-11-22,206010,16350,0,-337
"4424",2017-11-23,197820,15700,0,6041
"4425",2017-11-24,197190,15650,0,9718
"4426",2017-11-27,195300,15500,5,38452
"4427",2017-11-28,198450,15750,17,-8646
"4428",2017-11-29,198450,15750,14,-8605
"4429",2017-11-30,195930,15550,74,31617
"4430",2017-12-01,190260,15100,81,34371
"4431",2017-12-04,185220,14700,72,61810
"4432",2017-12-05,182070,14450,64,29085
"4433",2017-12-06,177030,14050,59,73025
"4434",2017-12-07,170100,13500,39,48878
"4435",2017-12-08,173250,13750,37,4428
"4436",2017-12-11,177660,14100,55,26618
"4437",2017-12-12,177660,14100,43,-23312
"4438",2017-12-13,177030,14050,32,-7950
"4439",2017-12-14,182700,14500,25,-6346
"4440",2017-12-15,178920,14200,142,25308
"4441",2017-12-18,171990,13650,21,18652
"4442",2017-12-19,168840,13400,93,22250
"4443",2017-12-20,175140,13900,0,31075
"4444",2017-12-21,177660,14100,0,-210
"4445",2017-12-22,178920,14200,0,1895
"4446",2017-12-26,180810,14350,0,-8323
"4447",2017-12-27,181440,14400,0,-1503
"4448",2017-12-28,175770,13950,105,9468
"4449",2018-01-02,178920,14200,0,38379
"4450",2018-01-03,193410,15350,0,6244
"4451",2018-01-04,190890,15150,0,-27301
"4452",2018-01-05,195930,15550,0,323
"4453",2018-01-08,192780,15300,0,-9511
"4454",2018-01-09,183960,14600,0,14043
"4455",2018-01-10,187110,14850,-29,10542
"4456",2018-01-11,182070,14450,1,4190
"4457",2018-01-12,172620,13700,0,23715
"4458",2018-01-15,170730,13550,1,25574
"4459",2018-01-16,175770,13950,1,-8582
"4460",2018-01-17,172620,13700,0,2318
"4461",2018-01-18,175770,13950,-1936,-59
"4462",2018-01-19,175140,13900,0,-15612
"4463",2018-01-22,177660,14100,1,6161
"4464",2018-01-23,190260,15100,428,13372
"4465",2018-01-24,186480,14800,2294,-61918
"4466",2018-01-25,211050,16750,10191,-26581
"4467",2018-01-26,200340,15900,-3578,-73088
"4468",2018-01-29,195930,15550,0,717
"4469",2018-01-30,190890,15150,-8965,-6399
"4470",2018-01-31,194040,15400,0,-41235
"4471",2018-02-01,190260,15100,145,-15551
"4472",2018-02-02,190890,15150,0,-18788
"4473",2018-02-05,178290,14150,0,-42824
"4474",2018-02-06,171990,13650,0,9190
"4475",2018-02-07,165060,13100,1,-7580
"4476",2018-02-08,168840,13400,0,-1322
"4477",2018-02-09,162540,12900,3,5262
"4478",2018-02-12,160650,12750,3,-2967
"4479",2018-02-13,159390,12650,1,-21027
"4480",2018-02-14,162540,12900,-55,6653
"4481",2018-02-19,171990,13650,-12,4746
"4482",2018-02-20,166950,13250,-9,-25254
"4483",2018-02-21,168840,13400,-7,1361
"4484",2018-02-22,169470,13450,-5,-4821
"4485",2018-02-23,170730,13550,-4,-943
"4486",2018-02-26,168840,13400,-3,22749
"4487",2018-02-27,167580,13300,-1,22834
"4488",2018-02-28,167580,13300,-1,6553
"4489",2018-03-02,165060,13100,-1,301
"4490",2018-03-05,165690,13150,0,29741
"4491",2018-03-06,168840,13400,0,-2948
"4492",2018-03-07,167580,13300,0,-6876
"4493",2018-03-08,173250,13750,0,12918
"4494",2018-03-09,173250,13750,0,-9577
"4495",2018-03-12,182700,14500,0,-57042
"4496",2018-03-13,180180,14300,0,-4425
"4497",2018-03-14,172620,13700,0,-25494
"4498",2018-03-15,176400,14000,-1,6861
"4499",2018-03-16,185220,14700,0,32479
"4500",2018-03-19,183960,14600,0,-28320
"4501",2018-03-20,184590,14650,2900,-1878
"4502",2018-03-21,178290,14150,0,-39371
"4503",2018-03-22,173880,13800,820,6646
"4504",2018-03-23,161280,12800,0,-5826
"4505",2018-03-26,165060,13100,0,17125
"4506",2018-03-27,167580,13300,0,2957
"4507",2018-03-28,171990,13650,744,17316
"4508",2018-03-29,173880,13800,0,1725
"4509",2018-03-30,172620,13700,0,18487
"4510",2018-04-02,168840,13400,0,8318
"4511",2018-04-03,165690,13150,0,1423
"4512",2018-04-04,158130,12550,0,-15287
"4513",2018-04-05,159390,12650,0,2250
"4514",2018-04-06,148050,11750,-2482,12296
"4515",2018-04-09,148680,11800,0,21331
"4516",2018-04-10,148050,11750,0,20323
"4517",2018-04-11,160650,12750,0,-5146
"4518",2018-04-12,154980,12300,0,-20358
"4519",2018-04-13,158760,12600,0,-15254
"4520",2018-04-16,158130,12550,0,-17328
"4521",2018-04-17,161910,12850,0,4236
"4522",2018-04-18,158130,12550,0,2418
"4523",2018-04-19,158130,12550,0,11514
"4524",2018-04-20,157500,12500,0,4055
"4525",2018-04-23,157500,12500,0,-4551
"4526",2018-04-24,154350,12250,0,-3731
"4527",2018-04-25,156870,12450,0,-7286
"4528",2018-04-26,156240,12400,0,4368
"4529",2018-04-27,154980,12300,1046,11341
"4530",2018-04-30,149940,11900,478,9173
"4531",2018-05-02,148050,11750,0,-4079
"4532",2018-05-03,149310,11850,0,6636
"4533",2018-05-04,144270,11450,0,-14460
"4534",2018-05-08,139230,11050,0,4866
"4535",2018-05-09,133560,10600,-1319,13806
"4536",2018-05-10,136080,10800,0,11319
"4537",2018-05-11,138600,11000,0,14593
"4538",2018-05-14,135450,10750,0,-6402
"4539",2018-05-15,137970,10950,0,-4086
"4540",2018-05-16,137970,10950,0,-14638
"4541",2018-05-17,136710,10850,0,-11864
"4542",2018-05-18,151200,12000,0,-30022
"4543",2018-05-21,151200,12000,0,1045
"4544",2018-05-23,149310,11850,0,-14869
"4545",2018-05-24,151200,12000,0,10255
"4546",2018-05-25,151200,12000,0,-14021
"4547",2018-05-28,160020,12700,0,-58041
"4548",2018-05-29,152460,12100,0,-19973
"4549",2018-05-30,144900,11500,0,9398
"4550",2018-05-31,146790,11650,0,3182
"4551",2018-06-01,148680,11800,0,14502
"4552",2018-06-04,152460,12100,0,-5470
"4553",2018-06-05,150570,11950,0,-20632
"4554",2018-06-07,151200,12000,0,-1928
"4555",2018-06-08,153090,12150,0,25050
"4556",2018-06-11,154980,12300,0,-13025
"4557",2018-06-12,153090,12150,0,-19202
"4558",2018-06-14,153720,12200,0,1856
"4559",2018-06-15,151830,12050,0,-8248
"4560",2018-06-18,140490,11150,0,-4
"4561",2018-06-19,132930,10550,0,21583
"4562",2018-06-20,137340,10900,0,8541
"4563",2018-06-21,132300,10500,0,-4336
"4564",2018-06-22,131040,10400,0,-4262
"4565",2018-06-25,140490,11150,0,-2409
"4566",2018-06-26,139860,11100,6468,-4802
"4567",2018-06-27,137970,10950,0,-3490
"4568",2018-06-28,131670,10450,0,955
"4569",2018-06-29,134190,10650,0,3719
"4570",2018-07-02,134190,10650,28,3925
"4571",2018-07-03,131670,10450,0,-3808
"4572",2018-07-04,130410,10350,0,-147
"4573",2018-07-05,126630,10050,0,-520
"4574",2018-07-06,133560,10600,0,6048
"4575",2018-07-09,130410,10350,0,1086
"4576",2018-07-10,133560,10600,0,5134
"4577",2018-07-11,132930,10550,0,-2167
"4578",2018-07-12,133560,10600,0,152
"4579",2018-07-13,137340,10900,0,4362
"4580",2018-07-16,135450,10750,0,-1148
"4581",2018-07-17,134190,10650,0,-3172
"4582",2018-07-18,132930,10550,0,-4596
"4583",2018-07-19,128520,10200,0,-15416
"4584",2018-07-20,127890,10150,0,-17636
"4585",2018-07-23,120960,9600,0,-21700
"4586",2018-07-24,122850,9750,0,-463
"4587",2018-07-25,118314,9390,0,-10390
"4588",2018-07-26,119700,9500,0,9333
"4589",2018-07-27,123354,9790,0,2135
"4590",2018-07-30,122724,9740,0,-3614
"4591",2018-07-31,124110,9850,0,3638
"4592",2018-08-01,124488,9880,0,3002
"4593",2018-08-02,123102,9770,0,4411
"4594",2018-08-03,126630,10050,0,2776
"4595",2018-08-06,126630,10050,0,-1719
"4596",2018-08-07,126630,10050,0,-3205
"4597",2018-08-08,125874,9990,0,-1831
"4598",2018-08-09,127260,10100,0,-4741
"4599",2018-08-10,126630,10050,0,-7966
"4600",2018-08-13,122472,9720,-5671,-3907
"4601",2018-08-14,121842,9670,0,3700
"4602",2018-08-16,120960,9600,0,2105
"4603",2018-08-17,123228,9780,0,4762
"4604",2018-08-20,125244,9940,0,10125
"4605",2018-08-21,126000,10000,641,327
"4606",2018-08-22,125748,9980,646,1623
"4607",2018-08-23,126630,10050,639,-5972
"4608",2018-08-24,127890,10150,11883,5217
"4609",2018-08-27,127260,10100,3,-18912
"4610",2018-08-28,127260,10100,5700,5466
"4611",2018-08-29,132300,10500,16305,-3757
"4612",2018-08-30,132300,10500,0,273
"4613",2018-08-31,132930,10550,2040,-308
"4614",2018-09-03,132300,10500,2000,-1696
"4615",2018-09-04,133560,10600,481,-1371
"4616",2018-09-05,131670,10450,0,3468
"4617",2018-09-06,132300,10500,0,1788
"4618",2018-09-07,138600,11000,2190,7616
"4619",2018-09-10,137340,10900,0,2030
"4620",2018-09-11,135450,10750,538,-1417
"4621",2018-09-12,136080,10800,0,-2547
"4622",2018-09-13,135450,10750,0,-202
"4623",2018-09-14,136080,10800,0,960
"4624",2018-09-17,131670,10450,0,-7875
"4625",2018-09-18,131040,10400,0,28
"4626",2018-09-19,130410,10350,515,-3105
"4627",2018-09-20,127890,10150,0,673
"4628",2018-09-21,129150,10250,0,-1241
"4629",2018-09-27,127890,10150,0,-3786
"4630",2018-09-28,127890,10150,1010,2104
"4631",2018-10-01,130410,10350,1035,-2826
"4632",2018-10-02,130410,10350,9774,-1863
"4633",2018-10-04,127890,10150,0,-5325
"4634",2018-10-05,126630,10050,0,-7040
"4635",2018-10-08,125874,9990,0,-941
"4636",2018-10-10,122976,9760,0,-7314
"4637",2018-10-11,115668,9180,-6388,-7576
"4638",2018-10-12,116172,9220,0,4266
"4639",2018-10-15,114030,9050,0,-489
"4640",2018-10-16,114534,9090,0,2899
"4641",2018-10-17,116424,9240,0,1924
"4642",2018-10-18,117558,9330,0,1015
"4643",2018-10-19,114786,9110,-30117,-4281
"4644",2018-10-22,116298,9230,0,2317
"4645",2018-10-23,114282,9070,0,-3066
"4646",2018-10-24,109620,8700,0,-4950
"4647",2018-10-25,105462,8370,0,900
"4648",2018-10-26,102564,8140,0,-773
"4649",2018-10-29,96390,7650,0,571
"4650",2018-10-30,96516,7660,0,7560
"4651",2018-10-31,100674,7990,0,1686
"4652",2018-11-01,103320,8200,0,1428
"4653",2018-11-02,105462,8370,0,586
"4654",2018-11-05,104328,8280,0,-2474
"4655",2018-11-06,105210,8350,0,-236
"4656",2018-11-07,109872,8720,0,-1403
"4657",2018-11-08,113904,9040,559,-2126
"4658",2018-11-09,112392,8920,0,-4177
"4659",2018-11-12,110628,8780,0,-9052
"4660",2018-11-13,111006,8810,0,797
"4661",2018-11-14,112140,8900,1,-2462
"4662",2018-11-15,112644,8940,0,-1594
"4663",2018-11-16,114660,9100,0,4338
"4664",2018-11-19,116298,9230,-922,384
"4665",2018-11-20,116424,9240,-930,-4174
"4666",2018-11-21,115416,9160,0,-1697
"4667",2018-11-22,115920,9200,0,-2179
"4668",2018-11-23,115794,9190,0,-890
"4669",2018-11-26,115416,9160,0,2439
"4670",2018-11-27,115668,9180,0,-1068
"4671",2018-11-28,114660,9100,-910,1029
"4672",2018-11-29,115290,9150,-915,3604
"4673",2018-11-30,115164,9140,-902,1098
"4674",2018-12-03,115416,9160,1626,1144
"4675",2018-12-04,115668,9180,0,453
"4676",2018-12-05,115164,9140,-317,-1886
"4677",2018-12-06,114912,9120,0,-4128
"4678",2018-12-07,115290,9150,0,-1617
"4679",2018-12-10,149310,11850,-5786,-66668
"4680",2018-12-11,153090,12150,0,-72629
"4681",2018-12-12,164430,13050,-142,-63832
"4682",2018-12-13,163800,13000,-2409,-6244
"4683",2018-12-14,173250,13750,0,-6320
"4684",2018-12-17,197190,15650,0,-7485
"4685",2018-12-18,255780,20300,-1844,-92996
"4686",2018-12-19,255780,20300,-6200,-44980
"4687",2018-12-20,268380,21300,-634,-35196
"4688",2018-12-21,241920,19200,4334,-7859
"4689",2018-12-24,226170,17950,0,3258
"4690",2018-12-26,231210,18350,0,-6411
"4691",2018-12-27,234360,18600,41511,27169
"4692",2018-12-28,241920,19200,411,40467
"4693",2019-01-02,272160,21600,141362,-32777
"4694",2019-01-03,273420,21700,959,4565
"4695",2019-01-04,274680,21800,-28,-11871
"4696",2019-01-07,275310,21850,-115480,32113
"4697",2019-01-08,289170,22950,3398,-30564
"4698",2019-01-09,293580,23300,-16057,-30415
"4699",2019-01-10,304290,24150,35882,46972
"4700",2019-01-11,295470,23450,-121933,-98956
"4701",2019-01-14,297360,23600,7076,40361
"4702",2019-01-15,306810,24350,-5829,-28532
"4703",2019-01-16,314370,24950,-2763,-1033
"4704",2019-01-17,310590,24650,-13220,-95010
"4705",2019-01-18,321300,25500,-2024,-46213
"4706",2019-01-21,336420,26700,0,110710
"4707",2019-01-22,312480,24800,-2055,-83415
"4708",2019-01-23,308700,24500,-459,-26037
"4709",2019-01-24,310590,24650,16289,-12728
"4710",2019-01-25,312480,24800,37213,36047
"4711",2019-01-28,305550,24250,0,-515
"4712",2019-01-29,307440,24400,7,-20280
"4713",2019-01-30,289800,23000,10185,24867
"4714",2019-01-31,280350,22250,4234,82311
"4715",2019-02-01,280350,22250,-3478,94611
"4716",2019-02-07,275940,21900,4300,-18368
"4717",2019-02-08,274680,21800,-41773,14988
"4718",2019-02-11,274050,21750,4264,31388
"4719",2019-02-12,261450,20750,1876,-117832
"4720",2019-02-13,272160,21600,-8779,106985
"4721",2019-02-14,265230,21050,0,-8074
"4722",2019-02-15,268380,21300,0,18069
"4723",2019-02-18,262080,20800,0,-24081
"4724",2019-02-19,266490,21150,832,26083
"4725",2019-02-20,265860,21100,0,-5235
"4726",2019-02-21,263340,20900,4846,-33666
"4727",2019-02-22,256410,20350,5166,-7999
"4728",2019-02-25,269010,21350,50605,81481
"4729",2019-02-26,263970,20950,20648,-62879
"4730",2019-02-27,269010,21350,0,54358
"4731",2019-02-28,256410,20350,0,-29641
"4732",2019-03-04,262710,20850,-3092,102524
"4733",2019-03-05,283500,22500,2650,50950
"4734",2019-03-06,284130,22550,46916,-178575
"4735",2019-03-07,272160,21600,16923,-102387
"4736",2019-03-08,263340,20900,-2691,-41304
"4737",2019-03-11,257040,20400,-4421,-30101
"4738",2019-03-12,253260,20100,-15642,-16074
"4739",2019-03-13,236880,18800,8885,12108
"4740",2019-03-14,240030,19050,-17779,54267
"4741",2019-03-15,229950,18250,-11445,43126
"4742",2019-03-18,234360,18600,-7576,59623
"4743",2019-03-19,235620,18700,0,6523
"4744",2019-03-20,245700,19500,84609,-37891
"4745",2019-03-21,233100,18500,-6828,-18418
"4746",2019-03-22,229950,18250,0,9257
"4747",2019-03-25,233100,18500,-3255,-5691
"4748",2019-03-26,230580,18300,0,-6910
"4749",2019-03-27,221760,17600,0,7006
"4750",2019-03-28,220500,17500,-3771,45247
"4751",2019-03-29,224910,17850,-20833,94943
"4752",2019-04-01,232470,18450,0,16846
"4753",2019-04-02,229320,18200,0,13620
"4754",2019-04-03,232470,18450,1008,26654
"4755",2019-04-04,230580,18300,0,-8687
"4756",2019-04-05,233100,18500,0,15973
"4757",2019-04-08,229320,18200,-7891,5967
"4758",2019-04-09,229950,18250,0,19202
"4759",2019-04-10,233100,18500,100,19002
"4760",2019-04-11,238140,18900,0,25470
"4761",2019-04-12,234990,18650,0,-15776
"4762",2019-04-15,228690,18150,-3750,-12422
"4763",2019-04-16,224910,17850,0,4975
"4764",2019-04-17,228060,18100,0,20146
"4765",2019-04-18,228060,18100,0,-353
"4766",2019-04-19,236250,18750,6149,54374
"4767",2019-04-22,236880,18800,3394,-46126
"4768",2019-04-23,231840,18400,94,-30773
"4769",2019-04-24,226800,18000,-183,-8919
"4770",2019-04-25,223650,17750,97,410
"4771",2019-04-26,218610,17350,0,4362
"4772",2019-04-29,221130,17550,0,9791
"4773",2019-04-30,220500,17500,0,18399
"4774",2019-05-02,221130,17550,0,11840
"4775",2019-05-03,219240,17400,0,-322
"4776",2019-05-07,211050,16750,80,2755
"4777",2019-05-08,205380,16300,0,18679
"4778",2019-05-09,198450,15750,0,45637
"4779",2019-05-10,209790,16650,0,85846
"4780",2019-05-13,201600,16000,-6329,7087
"4781",2019-05-14,211680,16800,0,61299
"4782",2019-05-15,211680,16800,0,-2969
"4783",2019-05-16,207900,16500,0,-14642
"4784",2019-05-17,202860,16100,-138,2851
"4785",2019-05-20,202230,16050,-8771,33199
"4786",2019-05-21,202230,16050,-730,17045
"4787",2019-05-22,206640,16400,-83,23514
"4788",2019-05-23,197190,15650,-3051,-26500
"4789",2019-05-24,189000,15000,-7471,16824
"4790",2019-05-27,189000,15000,0,39843
"4791",2019-05-28,196560,15600,0,59333
"4792",2019-05-29,199080,15800,0,14262
"4793",2019-05-30,194670,15450,42,-10774
"4794",2019-05-31,194670,15450,42,15456
"4795",2019-06-03,197190,15650,0,2091
"4796",2019-06-04,199080,15800,0,-1076
"4797",2019-06-05,197820,15700,0,-13576
"4798",2019-06-07,202860,16100,0,-17965
"4799",2019-06-10,203490,16150,0,-8682
"4800",2019-06-11,203490,16150,0,-300
"4801",2019-06-12,198450,15750,0,-14607
"4802",2019-06-13,196560,15600,0,5555
"4803",2019-06-14,190260,15100,-15467,-17795
"4804",2019-06-17,246960,19600,36689,-159734
"4805",2019-06-18,257670,20450,-31843,-341478
"4806",2019-06-19,243180,19300,3809,-244512
"4807",2019-06-20,240030,19050,0,-73714
"4808",2019-06-21,228690,18150,16158,-55697
"4809",2019-06-24,229950,18250,2225,-13469
"4810",2019-06-25,257670,20450,-24176,-84332
"4811",2019-06-26,262710,20850,0,-106017
"4812",2019-06-27,271530,21550,12252,14979
"4813",2019-06-28,270900,21500,0,-17358
"4814",2019-07-01,255780,20300,0,35959
"4815",2019-07-02,279720,22200,0,20562
"4816",2019-07-03,279720,22200,0,-76099
"4817",2019-07-04,268380,21300,903,11099
"4818",2019-07-05,271530,21550,0,-3797
"4819",2019-07-08,251370,19950,-905,-10019
"4820",2019-07-09,245070,19450,0,28859
"4821",2019-07-10,245700,19500,0,-3033
"4822",2019-07-11,246330,19550,0,-35905
"4823",2019-07-12,255150,20250,95,8172
"4824",2019-07-15,248850,19750,478,-14683
"4825",2019-07-16,255780,20300,-522,-18291
"4826",2019-07-17,244440,19400,-16,-22954
"4827",2019-07-18,278460,22100,-385,55206
"4828",2019-07-19,273420,21700,-9,-52390
"4829",2019-07-22,280350,22250,-7,-21612
"4830",2019-07-23,274680,21800,-7,-9797
"4831",2019-07-24,258930,20550,4092,-4628
"4832",2019-07-25,254520,20200,-2,-6433
"4833",2019-07-26,250740,19900,-2,-21707
"4834",2019-07-29,239400,19000,-97,-7251
"4835",2019-07-30,247590,19650,4,98927
"4836",2019-07-31,258300,20500,-3,-32371
"4837",2019-08-01,244440,19400,2,-61815
"4838",2019-08-02,247590,19650,0,10837
"4839",2019-08-05,223650,17750,-2394,-4710
"4840",2019-08-06,209790,16650,-505,140874
"4841",2019-08-07,216090,17150,3472,32482
"4842",2019-08-08,226800,18000,-3593,13127
"4843",2019-08-09,228060,18100,0,-47730
"4844",2019-08-12,241920,19200,0,-105451
"4845",2019-08-13,248220,19700,0,-4705
"4846",2019-08-14,244440,19400,-5815,-7850
"4847",2019-08-16,241920,19200,-12757,1374
"4848",2019-08-19,245700,19500,-5992,-11960
"4849",2019-08-20,250740,19900,5008,-18891
"4850",2019-08-21,250110,19850,993,-13266
"4851",2019-08-22,250740,19900,-5991,-1020
"4852",2019-08-23,246330,19550,0,3315
"4853",2019-08-26,232470,18450,0,27674
"4854",2019-08-27,240660,19100,6710,52565
"4855",2019-08-28,239400,19000,-6655,-110471
"4856",2019-08-29,236880,18800,0,8610
"4857",2019-08-30,245700,19500,16443,98678
"4858",2019-09-02,249480,19800,-3910,87004
"4859",2019-09-03,252000,20000,1998,-4087
"4860",2019-09-04,253260,20100,-2003,1238
"4861",2019-09-05,251370,19950,-1005,-47250
"4862",2019-09-06,248850,19750,1970,12698
"4863",2019-09-09,250110,19850,7578,-134584
"4864",2019-09-10,243180,19300,-2689,-13510
"4865",2019-09-11,243180,19300,-3701,2982
"4866",2019-09-16,244440,19400,970,2993
"4867",2019-09-17,253260,20100,-4958,33486
"4868",2019-09-18,250740,19900,0,-31578
"4869",2019-09-19,250110,19850,0,1756
"4870",2019-09-20,253260,20100,0,32972
"4871",2019-09-23,249480,19800,0,-6724
"4872",2019-09-24,263340,20900,-5685,71040
"4873",2019-09-25,250110,19850,748,-83921
"4874",2019-09-26,245070,19450,-4518,10098
"4875",2019-09-27,241920,19200,0,-8234
"4876",2019-09-30,239400,19000,-2,-9303
"4877",2019-10-01,240660,19100,-707,-15123
"4878",2019-10-02,236250,18750,0,-8225
"4879",2019-10-04,226800,18000,0,-1790
"4880",2019-10-07,225540,17900,0,3339
"4881",2019-10-08,231210,18350,0,6919
"4882",2019-10-10,234360,18600,0,-3008
"4883",2019-10-11,233100,18500,0,-28734
"4884",2019-10-14,236880,18800,0,8917
"4885",2019-10-15,248850,19750,12819,20462
"4886",2019-10-16,240030,19050,-2911,-28261
"4887",2019-10-17,240030,19050,0,4366
"4888",2019-10-18,234990,18650,0,-1177
"4889",2019-10-21,236250,18750,0,-14847
"4890",2019-10-22,235620,18700,-9395,10992
"4891",2019-10-23,229320,18200,0,-8242
"4892",2019-10-24,230580,18300,0,22843
"4893",2019-10-25,226800,18000,0,-5028
"4894",2019-10-28,227430,18050,0,6357
"4895",2019-10-29,226800,18000,0,-3231
"4896",2019-10-30,220500,17500,0,-12315
"4897",2019-10-31,222390,17650,-6620,5514
"4898",2019-11-01,224280,17800,0,6379
"4899",2019-11-04,228060,18100,0,13183
"4900",2019-11-05,231210,18350,0,2669
"4901",2019-11-06,228690,18150,0,-509
"4902",2019-11-07,223650,17750,0,-5877
"4903",2019-11-08,223020,17700,0,3570
"4904",2019-11-11,217350,17250,0,-2394
"4905",2019-11-12,216720,17200,0,2070
"4906",2019-11-13,212940,16900,0,10043
"4907",2019-11-14,214830,17050,0,-5422
"4908",2019-11-15,214830,17050,0,-2520
"4909",2019-11-18,215460,17100,0,-2833
"4910",2019-11-19,212310,16850,0,-1541
"4911",2019-11-20,200970,15950,0,3172
"4912",2019-11-21,199710,15850,0,12379
"4913",2019-11-22,200340,15900,0,31616
"4914",2019-11-25,205380,16300,0,21835
"4915",2019-11-26,206640,16400,5002,8782
"4916",2019-11-27,204750,16250,-4934,-3809
"4917",2019-11-28,204750,16250,0,7440
"4918",2019-11-29,200340,15900,0,-3283
"4919",2019-12-02,204120,16200,0,12634
"4920",2019-12-03,202230,16050,0,3911
"4921",2019-12-04,197820,15700,6554,11015
"4922",2019-12-05,195930,15550,-6478,703
"4923",2019-12-06,204120,16200,0,30441
"4924",2019-12-09,204750,16250,0,-4189
"4925",2019-12-10,204750,16250,0,-3185
"4926",2019-12-11,206640,16400,0,892
"4927",2019-12-12,206640,16400,2,-6127
"4928",2019-12-13,205380,16300,0,670
"4929",2019-12-16,203490,16150,0,8003
"4930",2019-12-17,202230,16050,0,-2203
"4931",2019-12-18,209790,16650,0,41022
"4932",2019-12-19,206640,16400,0,-50172
"4933",2019-12-20,207900,16500,0,8899
"4934",2019-12-23,205380,16300,0,-7898
"4935",2019-12-24,201600,16000,0,2295
"4936",2019-12-26,204120,16200,-2,6023
"4937",2019-12-27,207270,16450,0,10529
"4938",2019-12-30,211050,16750,0,14414
"4939",2020-01-02,210420,16700,0,-1097
"4940",2020-01-03,209790,16650,0,-8020
"4941",2020-01-06,202860,16100,0,4998
"4942",2020-01-07,207270,16450,0,10371
"4943",2020-01-08,196560,15600,0,-15771
"4944",2020-01-09,202860,16100,0,8655
"4945",2020-01-10,217350,17250,-5,-101232
"4946",2020-01-13,226800,18000,538,9221
"4947",2020-01-14,226800,18000,-550,-16653
"4948",2020-01-15,226800,18000,0,21944
"4949",2020-01-16,222390,17650,0,19927
"4950",2020-01-17,221760,17600,0,873
"4951",2020-01-20,224280,17800,0,-8270
"4952",2020-01-21,219870,17450,0,-10563
"4953",2020-01-22,220500,17500,0,14133
"4954",2020-01-23,216090,17150,0,7511
"4955",2020-01-28,206010,16350,0,26478
"4956",2020-01-29,210420,16700,0,-12781
"4957",2020-01-30,212940,16900,0,-5005
"4958",2020-01-31,199710,15850,0,-14189
"4959",2020-02-03,200340,15900,0,17797
"4960",2020-02-04,207270,16450,0,-14845
"4961",2020-02-05,207270,16450,0,12013
"4962",2020-02-06,210420,16700,0,14128
"4963",2020-02-07,214830,17050,0,-27626
"4964",2020-02-10,215460,17100,0,4007
"4965",2020-02-11,220500,17500,0,39224
"4966",2020-02-12,217350,17250,0,-5943
"4967",2020-02-13,213570,16950,0,-7273
"4968",2020-02-14,214200,17000,0,8177
"4969",2020-02-17,220500,17500,322,-12341
"4970",2020-02-18,212310,16850,0,-51188
"4971",2020-02-19,214200,17000,0,-3350
"4972",2020-02-20,220500,17500,17455,23791
"4973",2020-02-21,217980,17300,0,-52161
"4974",2020-02-24,206640,16400,0,8457
"4975",2020-02-25,211050,16750,0,5616
"4976",2020-02-26,206640,16400,0,16320
"4977",2020-02-27,197820,15700,-15683,-23172
"4978",2020-02-28,187740,14900,0,1635
"4979",2020-03-02,187740,14900,-2905,18314
"4980",2020-03-03,188370,14950,0,2376
"4981",2020-03-04,193410,15350,0,18194
"4982",2020-03-05,197190,15650,0,24661
"4983",2020-03-06,192780,15300,0,9034
"4984",2020-03-09,180180,14300,0,-14052
"4985",2020-03-10,190890,15150,245,4708
"4986",2020-03-11,183330,14550,0,-14054
"4987",2020-03-12,176400,14000,0,-19913
"4988",2020-03-13,151200,12000,0,17385
"4989",2020-03-16,141120,11200,0,4992
"4990",2020-03-17,139230,11050,0,61260
"4991",2020-03-18,124866,9910,0,-7971
"4992",2020-03-19,96642,7670,0,12609
"4993",2020-03-20,108486,8610,0,52313
"4994",2020-03-23,104076,8260,0,-11047
"4995",2020-03-24,113526,9010,0,8125
"4996",2020-03-25,124110,9850,0,-44202
"4997",2020-03-26,125244,9940,0,13
"4998",2020-03-27,132930,10550,0,10129
"4999",2020-03-30,134190,10650,0,-1093
"5000",2020-03-31,135450,10750,0,21282
"5001",2020-04-01,136080,10800,0,17228
"5002",2020-04-02,138600,11000,0,8482
"5003",2020-04-03,144270,11450,0,-11141
"5004",2020-04-06,153720,12200,0,9641
"5005",2020-04-07,160020,12700,0,1667
"5006",2020-04-08,160020,12700,0,5953
"5007",2020-04-09,160020,12700,0,-10342
"5008",2020-04-10,160020,12700,0,32
"5009",2020-04-13,153720,12200,0,8495
"5010",2020-04-14,157500,12500,0,40478
"5011",2020-04-16,166950,13250,0,31837
"5012",2020-04-17,195300,15500,146,-178831
"5013",2020-04-20,219870,17450,0,7511
"5014",2020-04-21,238140,18900,9286,-88557
"5015",2020-04-22,233100,18500,-9238,-13014
"5016",2020-04-23,231210,18350,0,19309
"5017",2020-04-24,224280,17800,0,11827
"5018",2020-04-27,225540,17900,0,28784
"5019",2020-04-28,225540,17900,0,86851
"5020",2020-04-29,229320,18200,0,-129639
"5021",2020-05-04,224910,17850,0,18986
"5022",2020-05-06,236250,18750,0,18201
"5023",2020-05-07,243180,19300,0,-65584
"5024",2020-05-08,238140,18900,0,-11586
"5025",2020-05-11,233100,18500,0,25462
"5026",2020-05-12,234990,18650,0,46808
"5027",2020-05-13,244440,19400,0,1370
"5028",2020-05-14,250740,19900,0,-64387
"5029",2020-05-15,245070,19450,0,-14721
"5030",2020-05-18,255150,20250,-12530,10103
"5031",2020-05-19,255150,20250,-627,-15155
"5032",2020-05-20,258930,20550,0,-13230
"5033",2020-05-21,276570,21950,26141,15095
"5034",2020-05-22,277830,22050,14607,33667
"5035",2020-05-25,291690,23150,0,7875
"5036",2020-05-26,291060,23100,917,-54232
"5037",2020-05-27,291060,23100,-66,-7311
"5038",2020-05-28,272790,21650,10032,60109
"5039",2020-05-29,280350,22250,0,41504
"5040",2020-06-01,288540,22900,0,-22444
"5041",2020-06-02,280980,22300,0,-2605
"5042",2020-06-03,273420,21700,0,-14137
"5043",2020-06-04,279720,22200,0,22175
"5044",2020-06-05,276570,21950,0,-8931
"5045",2020-06-08,274680,21800,0,-55183
"5046",2020-06-09,276570,21950,1812,4148
"5047",2020-06-10,275310,21850,0,3863
"5048",2020-06-11,282240,22400,-442,-10813
"5049",2020-06-12,269640,21400,-8676,11457
"5050",2020-06-15,242550,19250,0,57554
"5051",2020-06-16,263340,20900,0,91645
"5052",2020-06-17,263970,20950,0,56376
"5053",2020-06-18,260820,20700,-2467,-6111
"5054",2020-06-19,263970,20950,0,35223
"5055",2020-06-22,269640,21400,0,-48781
"5056",2020-06-23,287910,22850,0,-67328
"5057",2020-06-24,280350,22250,0,-125498
"5058",2020-06-25,280350,22250,0,70386
"5059",2020-06-26,303030,24050,0,103599
"5060",2020-06-29,297990,23650,-19400,-244606
"5061",2020-06-30,308700,24500,267,16503
"5062",2020-07-01,308700,24500,-21556,-12126
"5063",2020-07-02,308070,24450,-458,-15673
"5064",2020-07-03,308070,24450,0,-15440
"5065",2020-07-06,325710,25850,0,68210
"5066",2020-07-07,333270,26450,0,-7995
"5067",2020-07-08,326340,25900,0,-60135
"5068",2020-07-09,325080,25800,0,-14414
"5069",2020-07-10,314370,24950,0,52824
"5070",2020-07-13,323190,25650,99,106202
"5071",2020-07-14,307440,24400,-103,59216
"5072",2020-07-15,311220,24700,0,-5123
"5073",2020-07-16,311220,24700,0,-43758
"5074",2020-07-17,306810,24350,0,1226
"5075",2020-07-20,300510,23850,0,2591
"5076",2020-07-21,311220,24700,0,36787
"5077",2020-07-22,307440,24400,0,-33302
"5078",2020-07-23,301770,23950,0,-688
"5079",2020-07-24,293580,23300,0,4943
"5080",2020-07-27,294840,23400,0,29519
"5081",2020-07-28,309330,24550,0,-4310
"5082",2020-07-29,303030,24050,0,-153789
"5083",2020-07-30,296100,23500,0,11320
"5084",2020-07-31,296730,23550,0,12224
"5085",2020-08-03,297990,23650,0,4411
"5086",2020-08-04,299880,23800,0,17622
"5087",2020-08-05,298620,23700,0,4343
"5088",2020-08-06,297360,23600,0,3084
"5089",2020-08-07,299880,23800,0,5438
"5090",2020-08-10,311220,24700,0,65706
"5091",2020-08-11,301770,23950,0,-85500
"5092",2020-08-12,291060,23100,0,-28958
"5093",2020-08-13,291060,23100,-44331,33154
"5094",2020-08-14,284760,22600,0,-18627
"5095",2020-08-18,261450,20750,0,13311
"5096",2020-08-19,270270,21450,0,82386
"5097",2020-08-20,259560,20600,0,-31022
"5098",2020-08-21,257040,20400,0,26465
"5099",2020-08-24,260820,20700,0,26331
"5100",2020-08-25,269010,21350,0,17798
"5101",2020-08-26,268380,21300,0,-318
"5102",2020-08-27,259560,20600,0,-43771
"5103",2020-08-28,262710,20850,0,44599
"5104",2020-08-31,266490,21150,0,33292
"5105",2020-09-01,272790,21650,0,-18902
"5106",2020-09-02,273420,21700,0,15289
"5107",2020-09-03,283500,22500,0,57674
"5108",2020-09-04,280350,22250,0,-15808
"5109",2020-09-07,297990,23650,6294,-24621
"5110",2020-09-08,289800,23000,-6445,-60377
"5111",2020-09-09,291060,23100,0,8607
"5112",2020-09-10,301770,23950,542,-3183
"5113",2020-09-11,307440,24400,966,38532
"5114",2020-09-14,315630,25050,743,-2301
"5115",2020-09-15,309330,24550,0,-42254
"5116",2020-09-16,300510,23850,-710,15120
"5117",2020-09-17,290430,23050,-2803,-270
"5118",2020-09-18,292950,23250,-14,-2231
"5119",2020-09-21,286020,22700,-4,-4569
"5120",2020-09-22,271530,21550,-9226,49446
"5121",2020-09-23,267750,21250,-3512,10326
"5122",2020-09-24,250740,19900,-2045,-14525
"5123",2020-09-25,252630,20050,-248,-7713
"5124",2020-09-28,261450,20750,0,44136
"5125",2020-09-29,263970,20950,-6,-1341
