"","date","MarketCap","Adj_Price","NetBuyAmount_Inst","NetBuyAmount_Frgn"
"3",2000-01-04,NA,NA,0,0
"4",2000-01-05,NA,NA,0,0
"5",2000-01-06,NA,NA,0,0
"6",2000-01-07,NA,NA,0,0
"7",2000-01-10,NA,NA,0,0
"8",2000-01-11,NA,NA,0,0
"9",2000-01-12,NA,NA,0,0
"10",2000-01-13,NA,NA,0,0
"11",2000-01-14,NA,NA,0,0
"12",2000-01-17,NA,NA,0,0
"13",2000-01-18,NA,NA,0,0
"14",2000-01-19,NA,NA,0,0
"15",2000-01-20,NA,NA,0,0
"16",2000-01-21,NA,NA,0,0
"17",2000-01-24,NA,NA,0,0
"18",2000-01-25,NA,NA,0,0
"19",2000-01-26,NA,NA,0,0
"20",2000-01-27,NA,NA,0,0
"21",2000-01-28,NA,NA,0,0
"22",2000-01-31,NA,NA,0,0
"23",2000-02-01,NA,NA,0,0
"24",2000-02-02,NA,NA,0,0
"25",2000-02-03,NA,NA,0,0
"26",2000-02-07,NA,NA,0,0
"27",2000-02-08,NA,NA,0,0
"28",2000-02-09,NA,NA,0,0
"29",2000-02-10,NA,NA,0,0
"30",2000-02-11,NA,NA,0,0
"31",2000-02-14,NA,NA,0,0
"32",2000-02-15,NA,NA,0,0
"33",2000-02-16,NA,NA,0,0
"34",2000-02-17,NA,NA,0,0
"35",2000-02-18,NA,NA,0,0
"36",2000-02-21,NA,NA,0,0
"37",2000-02-22,NA,NA,0,0
"38",2000-02-23,NA,NA,0,0
"39",2000-02-24,NA,NA,0,0
"40",2000-02-25,NA,NA,0,0
"41",2000-02-28,NA,NA,0,0
"42",2000-02-29,NA,NA,0,0
"43",2000-03-02,NA,NA,0,0
"44",2000-03-03,NA,NA,0,0
"45",2000-03-06,NA,NA,0,0
"46",2000-03-07,NA,NA,0,0
"47",2000-03-08,NA,NA,0,0
"48",2000-03-09,NA,NA,0,0
"49",2000-03-10,NA,NA,0,0
"50",2000-03-13,NA,NA,0,0
"51",2000-03-14,NA,NA,0,0
"52",2000-03-15,NA,NA,0,0
"53",2000-03-16,NA,NA,0,0
"54",2000-03-17,NA,NA,0,0
"55",2000-03-20,NA,NA,0,0
"56",2000-03-21,NA,NA,0,0
"57",2000-03-22,NA,NA,0,0
"58",2000-03-23,NA,NA,0,0
"59",2000-03-24,NA,NA,0,0
"60",2000-03-27,NA,NA,0,0
"61",2000-03-28,NA,NA,0,0
"62",2000-03-29,NA,NA,0,0
"63",2000-03-30,NA,NA,0,0
"64",2000-03-31,NA,NA,0,0
"65",2000-04-03,NA,NA,0,0
"66",2000-04-04,NA,NA,0,0
"67",2000-04-06,NA,NA,0,0
"68",2000-04-07,NA,NA,0,0
"69",2000-04-10,NA,NA,0,0
"70",2000-04-11,NA,NA,0,0
"71",2000-04-12,NA,NA,0,0
"72",2000-04-14,NA,NA,0,0
"73",2000-04-17,NA,NA,0,0
"74",2000-04-18,NA,NA,0,0
"75",2000-04-19,NA,NA,0,0
"76",2000-04-20,NA,NA,0,0
"77",2000-04-21,NA,NA,0,0
"78",2000-04-24,NA,NA,0,0
"79",2000-04-25,NA,NA,0,0
"80",2000-04-26,NA,NA,0,0
"81",2000-04-27,NA,NA,0,0
"82",2000-04-28,NA,NA,0,0
"83",2000-05-02,NA,NA,0,0
"84",2000-05-03,NA,NA,0,0
"85",2000-05-04,NA,NA,0,0
"86",2000-05-08,NA,NA,0,0
"87",2000-05-09,NA,NA,0,0
"88",2000-05-10,NA,NA,0,0
"89",2000-05-12,NA,NA,0,0
"90",2000-05-15,NA,NA,0,0
"91",2000-05-16,NA,NA,0,0
"92",2000-05-17,NA,NA,0,0
"93",2000-05-18,NA,NA,0,0
"94",2000-05-19,NA,NA,0,0
"95",2000-05-22,NA,NA,0,0
"96",2000-05-23,NA,NA,0,0
"97",2000-05-24,NA,NA,0,0
"98",2000-05-25,NA,NA,0,0
"99",2000-05-26,NA,NA,0,0
"100",2000-05-29,NA,NA,0,0
"101",2000-05-30,NA,NA,0,0
"102",2000-05-31,NA,NA,0,0
"103",2000-06-01,NA,NA,0,0
"104",2000-06-02,NA,NA,0,0
"105",2000-06-05,NA,NA,0,0
"106",2000-06-07,NA,NA,0,0
"107",2000-06-08,NA,NA,0,0
"108",2000-06-09,NA,NA,0,0
"109",2000-06-12,NA,NA,0,0
"110",2000-06-13,NA,NA,0,0
"111",2000-06-14,NA,NA,0,0
"112",2000-06-15,NA,NA,0,0
"113",2000-06-16,NA,NA,0,0
"114",2000-06-19,NA,NA,0,0
"115",2000-06-20,NA,NA,0,0
"116",2000-06-21,NA,NA,0,0
"117",2000-06-22,NA,NA,0,0
"118",2000-06-23,NA,NA,0,0
"119",2000-06-26,NA,NA,0,0
"120",2000-06-27,NA,NA,0,0
"121",2000-06-28,NA,NA,0,0
"122",2000-06-29,NA,NA,0,0
"123",2000-06-30,NA,NA,0,0
"124",2000-07-03,NA,NA,0,0
"125",2000-07-04,NA,NA,0,0
"126",2000-07-05,NA,NA,0,0
"127",2000-07-06,NA,NA,0,0
"128",2000-07-07,NA,NA,0,0
"129",2000-07-10,NA,NA,0,0
"130",2000-07-11,NA,NA,0,0
"131",2000-07-12,NA,NA,0,0
"132",2000-07-13,NA,NA,0,0
"133",2000-07-14,NA,NA,0,0
"134",2000-07-18,NA,NA,0,0
"135",2000-07-19,NA,NA,0,0
"136",2000-07-20,NA,NA,0,0
"137",2000-07-21,NA,NA,0,0
"138",2000-07-24,NA,NA,0,0
"139",2000-07-25,NA,NA,0,0
"140",2000-07-26,NA,NA,0,0
"141",2000-07-27,NA,NA,0,0
"142",2000-07-28,NA,NA,0,0
"143",2000-07-31,NA,NA,0,0
"144",2000-08-01,NA,NA,0,0
"145",2000-08-02,NA,NA,0,0
"146",2000-08-03,NA,NA,0,0
"147",2000-08-04,NA,NA,0,0
"148",2000-08-07,NA,NA,0,0
"149",2000-08-08,NA,NA,0,0
"150",2000-08-09,NA,NA,0,0
"151",2000-08-10,NA,NA,0,0
"152",2000-08-11,NA,NA,0,0
"153",2000-08-14,NA,NA,0,0
"154",2000-08-16,NA,NA,0,0
"155",2000-08-17,NA,NA,0,0
"156",2000-08-18,NA,NA,0,0
"157",2000-08-21,NA,NA,0,0
"158",2000-08-22,NA,NA,0,0
"159",2000-08-23,NA,NA,0,0
"160",2000-08-24,NA,NA,0,0
"161",2000-08-25,NA,NA,0,0
"162",2000-08-28,NA,NA,0,0
"163",2000-08-29,NA,NA,0,0
"164",2000-08-30,NA,NA,0,0
"165",2000-08-31,NA,NA,0,0
"166",2000-09-01,NA,NA,0,0
"167",2000-09-04,NA,NA,0,0
"168",2000-09-05,NA,NA,0,0
"169",2000-09-06,NA,NA,0,0
"170",2000-09-07,NA,NA,0,0
"171",2000-09-08,NA,NA,0,0
"172",2000-09-14,NA,NA,0,0
"173",2000-09-15,NA,NA,0,0
"174",2000-09-18,NA,NA,0,0
"175",2000-09-19,NA,NA,0,0
"176",2000-09-20,NA,NA,0,0
"177",2000-09-21,NA,NA,0,0
"178",2000-09-22,NA,NA,0,0
"179",2000-09-25,NA,NA,0,0
"180",2000-09-26,NA,NA,0,0
"181",2000-09-27,NA,NA,0,0
"182",2000-09-28,NA,NA,0,0
"183",2000-09-29,NA,NA,0,0
"184",2000-10-02,NA,NA,0,0
"185",2000-10-04,NA,NA,0,0
"186",2000-10-05,NA,NA,0,0
"187",2000-10-06,NA,NA,0,0
"188",2000-10-09,NA,NA,0,0
"189",2000-10-10,NA,NA,0,0
"190",2000-10-11,NA,NA,0,0
"191",2000-10-12,NA,NA,0,0
"192",2000-10-13,NA,NA,0,0
"193",2000-10-16,NA,NA,0,0
"194",2000-10-17,NA,NA,0,0
"195",2000-10-18,NA,NA,0,0
"196",2000-10-19,NA,NA,0,0
"197",2000-10-20,NA,NA,0,0
"198",2000-10-23,NA,NA,0,0
"199",2000-10-24,NA,NA,0,0
"200",2000-10-25,NA,NA,0,0
"201",2000-10-26,NA,NA,0,0
"202",2000-10-27,NA,NA,0,0
"203",2000-10-30,NA,NA,0,0
"204",2000-10-31,NA,NA,0,0
"205",2000-11-01,NA,NA,0,0
"206",2000-11-02,NA,NA,0,0
"207",2000-11-03,NA,NA,0,0
"208",2000-11-06,NA,NA,0,0
"209",2000-11-07,NA,NA,0,0
"210",2000-11-08,NA,NA,0,0
"211",2000-11-09,NA,NA,0,0
"212",2000-11-10,NA,NA,0,0
"213",2000-11-13,NA,NA,0,0
"214",2000-11-14,NA,NA,0,0
"215",2000-11-15,NA,NA,0,0
"216",2000-11-16,NA,NA,0,0
"217",2000-11-17,NA,NA,0,0
"218",2000-11-20,NA,NA,0,0
"219",2000-11-21,NA,NA,0,0
"220",2000-11-22,NA,NA,0,0
"221",2000-11-23,NA,NA,0,0
"222",2000-11-24,NA,NA,0,0
"223",2000-11-27,NA,NA,0,0
"224",2000-11-28,NA,NA,0,0
"225",2000-11-29,NA,NA,0,0
"226",2000-11-30,NA,NA,0,0
"227",2000-12-01,NA,NA,0,0
"228",2000-12-04,NA,NA,0,0
"229",2000-12-05,NA,NA,0,0
"230",2000-12-06,NA,NA,0,0
"231",2000-12-07,NA,NA,0,0
"232",2000-12-08,NA,NA,0,0
"233",2000-12-11,NA,NA,0,0
"234",2000-12-12,NA,NA,0,0
"235",2000-12-13,NA,NA,0,0
"236",2000-12-14,NA,NA,0,0
"237",2000-12-15,NA,NA,0,0
"238",2000-12-18,NA,NA,0,0
"239",2000-12-19,NA,NA,0,0
"240",2000-12-20,NA,NA,0,0
"241",2000-12-21,NA,NA,0,0
"242",2000-12-22,NA,NA,0,0
"243",2000-12-26,NA,NA,0,0
"244",2001-01-02,NA,NA,0,0
"245",2001-01-03,NA,NA,0,0
"246",2001-01-04,NA,NA,0,0
"247",2001-01-05,NA,NA,0,0
"248",2001-01-08,NA,NA,0,0
"249",2001-01-09,NA,NA,0,0
"250",2001-01-10,NA,NA,0,0
"251",2001-01-11,NA,NA,0,0
"252",2001-01-12,NA,NA,0,0
"253",2001-01-15,NA,NA,0,0
"254",2001-01-16,NA,NA,0,0
"255",2001-01-17,NA,NA,0,0
"256",2001-01-18,NA,NA,0,0
"257",2001-01-19,NA,NA,0,0
"258",2001-01-22,NA,NA,0,0
"259",2001-01-26,NA,NA,0,0
"260",2001-01-29,NA,NA,0,0
"261",2001-01-30,NA,NA,0,0
"262",2001-01-31,NA,NA,0,0
"263",2001-02-01,NA,NA,0,0
"264",2001-02-02,NA,NA,0,0
"265",2001-02-05,NA,NA,0,0
"266",2001-02-06,NA,NA,0,0
"267",2001-02-07,NA,NA,0,0
"268",2001-02-08,NA,NA,0,0
"269",2001-02-09,NA,NA,0,0
"270",2001-02-12,NA,NA,0,0
"271",2001-02-13,NA,NA,0,0
"272",2001-02-14,NA,NA,0,0
"273",2001-02-15,NA,NA,0,0
"274",2001-02-16,NA,NA,0,0
"275",2001-02-19,NA,NA,0,0
"276",2001-02-20,NA,NA,0,0
"277",2001-02-21,NA,NA,0,0
"278",2001-02-22,NA,NA,0,0
"279",2001-02-23,NA,NA,0,0
"280",2001-02-26,NA,NA,0,0
"281",2001-02-27,NA,NA,0,0
"282",2001-02-28,NA,NA,0,0
"283",2001-03-02,NA,NA,0,0
"284",2001-03-05,NA,NA,0,0
"285",2001-03-06,NA,NA,0,0
"286",2001-03-07,NA,NA,0,0
"287",2001-03-08,NA,NA,0,0
"288",2001-03-09,NA,NA,0,0
"289",2001-03-12,NA,NA,0,0
"290",2001-03-13,NA,NA,0,0
"291",2001-03-14,NA,NA,0,0
"292",2001-03-15,NA,NA,0,0
"293",2001-03-16,NA,NA,0,0
"294",2001-03-19,NA,NA,0,0
"295",2001-03-20,NA,NA,0,0
"296",2001-03-21,NA,NA,0,0
"297",2001-03-22,NA,NA,0,0
"298",2001-03-23,NA,NA,0,0
"299",2001-03-26,NA,NA,0,0
"300",2001-03-27,NA,NA,0,0
"301",2001-03-28,NA,NA,0,0
"302",2001-03-29,NA,NA,0,0
"303",2001-03-30,NA,NA,0,0
"304",2001-04-02,NA,NA,0,0
"305",2001-04-03,NA,NA,0,0
"306",2001-04-04,NA,NA,0,0
"307",2001-04-06,NA,NA,0,0
"308",2001-04-09,NA,NA,0,0
"309",2001-04-10,NA,NA,0,0
"310",2001-04-11,NA,NA,0,0
"311",2001-04-12,NA,NA,0,0
"312",2001-04-13,NA,NA,0,0
"313",2001-04-16,NA,NA,0,0
"314",2001-04-17,NA,NA,0,0
"315",2001-04-18,NA,NA,0,0
"316",2001-04-19,NA,NA,0,0
"317",2001-04-20,NA,NA,0,0
"318",2001-04-23,NA,NA,0,0
"319",2001-04-24,NA,NA,0,0
"320",2001-04-25,NA,NA,0,0
"321",2001-04-26,NA,NA,0,0
"322",2001-04-27,NA,NA,0,0
"323",2001-04-30,NA,NA,0,0
"324",2001-05-02,NA,NA,0,0
"325",2001-05-03,NA,NA,0,0
"326",2001-05-04,NA,NA,0,0
"327",2001-05-07,NA,NA,0,0
"328",2001-05-08,NA,NA,0,0
"329",2001-05-09,NA,NA,0,0
"330",2001-05-10,NA,NA,0,0
"331",2001-05-11,NA,NA,0,0
"332",2001-05-14,NA,NA,0,0
"333",2001-05-15,NA,NA,0,0
"334",2001-05-16,NA,NA,0,0
"335",2001-05-17,NA,NA,0,0
"336",2001-05-18,NA,NA,0,0
"337",2001-05-21,NA,NA,0,0
"338",2001-05-22,NA,NA,0,0
"339",2001-05-23,NA,NA,0,0
"340",2001-05-24,NA,NA,0,0
"341",2001-05-25,NA,NA,0,0
"342",2001-05-28,NA,NA,0,0
"343",2001-05-29,NA,NA,0,0
"344",2001-05-30,NA,NA,0,0
"345",2001-05-31,NA,NA,0,0
"346",2001-06-01,NA,NA,0,0
"347",2001-06-04,NA,NA,0,0
"348",2001-06-05,NA,NA,0,0
"349",2001-06-07,NA,NA,0,0
"350",2001-06-08,NA,NA,0,0
"351",2001-06-11,NA,NA,0,0
"352",2001-06-12,NA,NA,0,0
"353",2001-06-13,NA,NA,0,0
"354",2001-06-14,NA,NA,0,0
"355",2001-06-15,NA,NA,0,0
"356",2001-06-18,NA,NA,0,0
"357",2001-06-19,NA,NA,0,0
"358",2001-06-20,NA,NA,0,0
"359",2001-06-21,NA,NA,0,0
"360",2001-06-22,NA,NA,0,0
"361",2001-06-25,NA,NA,0,0
"362",2001-06-26,NA,NA,0,0
"363",2001-06-27,NA,NA,0,0
"364",2001-06-28,NA,NA,0,0
"365",2001-06-29,NA,NA,0,0
"366",2001-07-02,NA,NA,0,0
"367",2001-07-03,NA,NA,0,0
"368",2001-07-04,NA,NA,0,0
"369",2001-07-05,NA,NA,0,0
"370",2001-07-06,NA,NA,0,0
"371",2001-07-09,NA,NA,0,0
"372",2001-07-10,NA,NA,0,0
"373",2001-07-11,NA,NA,0,0
"374",2001-07-12,NA,NA,0,0
"375",2001-07-13,NA,NA,0,0
"376",2001-07-16,NA,NA,0,0
"377",2001-07-18,NA,NA,0,0
"378",2001-07-19,NA,NA,0,0
"379",2001-07-20,NA,NA,0,0
"380",2001-07-23,NA,NA,0,0
"381",2001-07-24,NA,NA,0,0
"382",2001-07-25,NA,NA,0,0
"383",2001-07-26,NA,NA,0,0
"384",2001-07-27,NA,NA,0,0
"385",2001-07-30,NA,NA,0,0
"386",2001-07-31,NA,NA,0,0
"387",2001-08-01,NA,NA,0,0
"388",2001-08-02,NA,NA,0,0
"389",2001-08-03,NA,NA,0,0
"390",2001-08-06,NA,NA,0,0
"391",2001-08-07,NA,NA,0,0
"392",2001-08-08,NA,NA,0,0
"393",2001-08-09,NA,NA,0,0
"394",2001-08-10,NA,NA,0,0
"395",2001-08-13,NA,NA,0,0
"396",2001-08-14,NA,NA,0,0
"397",2001-08-16,NA,NA,0,0
"398",2001-08-17,NA,NA,0,0
"399",2001-08-20,NA,NA,0,0
"400",2001-08-21,NA,NA,0,0
"401",2001-08-22,NA,NA,0,0
"402",2001-08-23,NA,NA,0,0
"403",2001-08-24,NA,NA,0,0
"404",2001-08-27,NA,NA,0,0
"405",2001-08-28,NA,NA,0,0
"406",2001-08-29,NA,NA,0,0
"407",2001-08-30,NA,NA,0,0
"408",2001-08-31,NA,NA,0,0
"409",2001-09-03,NA,NA,0,0
"410",2001-09-04,NA,NA,0,0
"411",2001-09-05,NA,NA,0,0
"412",2001-09-06,NA,NA,0,0
"413",2001-09-07,NA,NA,0,0
"414",2001-09-10,NA,NA,0,0
"415",2001-09-11,NA,NA,0,0
"416",2001-09-12,NA,NA,0,0
"417",2001-09-13,NA,NA,0,0
"418",2001-09-14,NA,NA,0,0
"419",2001-09-17,NA,NA,0,0
"420",2001-09-18,NA,NA,0,0
"421",2001-09-19,NA,NA,0,0
"422",2001-09-20,NA,NA,0,0
"423",2001-09-21,NA,NA,0,0
"424",2001-09-24,NA,NA,0,0
"425",2001-09-25,NA,NA,0,0
"426",2001-09-26,NA,NA,0,0
"427",2001-09-27,NA,NA,0,0
"428",2001-09-28,NA,NA,0,0
"429",2001-10-04,NA,NA,0,0
"430",2001-10-05,NA,NA,0,0
"431",2001-10-08,NA,NA,0,0
"432",2001-10-09,NA,NA,0,0
"433",2001-10-10,NA,NA,0,0
"434",2001-10-11,NA,NA,0,0
"435",2001-10-12,NA,NA,0,0
"436",2001-10-15,NA,NA,0,0
"437",2001-10-16,NA,NA,0,0
"438",2001-10-17,NA,NA,0,0
"439",2001-10-18,NA,NA,0,0
"440",2001-10-19,NA,NA,0,0
"441",2001-10-22,NA,NA,0,0
"442",2001-10-23,NA,NA,0,0
"443",2001-10-24,NA,NA,0,0
"444",2001-10-25,NA,NA,0,0
"445",2001-10-26,NA,NA,0,0
"446",2001-10-29,NA,NA,0,0
"447",2001-10-30,NA,NA,0,0
"448",2001-10-31,NA,NA,0,0
"449",2001-11-01,NA,NA,0,0
"450",2001-11-02,NA,NA,0,0
"451",2001-11-05,NA,NA,0,0
"452",2001-11-06,NA,NA,0,0
"453",2001-11-07,NA,NA,0,0
"454",2001-11-08,NA,NA,0,0
"455",2001-11-09,NA,NA,0,0
"456",2001-11-12,NA,NA,0,0
"457",2001-11-13,NA,NA,0,0
"458",2001-11-14,NA,NA,0,0
"459",2001-11-15,NA,NA,0,0
"460",2001-11-16,NA,NA,0,0
"461",2001-11-19,NA,NA,0,0
"462",2001-11-20,NA,NA,0,0
"463",2001-11-21,NA,NA,0,0
"464",2001-11-22,NA,NA,0,0
"465",2001-11-23,NA,NA,0,0
"466",2001-11-26,NA,NA,0,0
"467",2001-11-27,NA,NA,0,0
"468",2001-11-28,NA,NA,0,0
"469",2001-11-29,NA,NA,0,0
"470",2001-11-30,NA,NA,0,0
"471",2001-12-03,NA,NA,0,0
"472",2001-12-04,NA,NA,0,0
"473",2001-12-05,NA,NA,0,0
"474",2001-12-06,NA,NA,0,0
"475",2001-12-07,NA,NA,0,0
"476",2001-12-10,NA,NA,0,0
"477",2001-12-11,NA,NA,0,0
"478",2001-12-12,NA,NA,0,0
"479",2001-12-13,NA,NA,0,0
"480",2001-12-14,NA,NA,0,0
"481",2001-12-17,NA,NA,0,0
"482",2001-12-18,NA,NA,0,0
"483",2001-12-19,NA,NA,0,0
"484",2001-12-20,NA,NA,0,0
"485",2001-12-21,NA,NA,0,0
"486",2001-12-24,NA,NA,0,0
"487",2001-12-26,NA,NA,0,0
"488",2001-12-27,NA,NA,0,0
"489",2001-12-28,NA,NA,0,0
"490",2002-01-02,NA,NA,0,0
"491",2002-01-03,NA,NA,0,0
"492",2002-01-04,NA,NA,0,0
"493",2002-01-07,NA,NA,0,0
"494",2002-01-08,NA,NA,0,0
"495",2002-01-09,NA,NA,0,0
"496",2002-01-10,NA,NA,0,0
"497",2002-01-11,NA,NA,0,0
"498",2002-01-14,NA,NA,0,0
"499",2002-01-15,NA,NA,0,0
"500",2002-01-16,NA,NA,0,0
"501",2002-01-17,NA,NA,0,0
"502",2002-01-18,NA,NA,0,0
"503",2002-01-21,NA,NA,0,0
"504",2002-01-22,NA,NA,0,0
"505",2002-01-23,NA,NA,0,0
"506",2002-01-24,NA,NA,0,0
"507",2002-01-25,NA,NA,0,0
"508",2002-01-28,NA,NA,0,0
"509",2002-01-29,NA,NA,0,0
"510",2002-01-30,NA,NA,0,0
"511",2002-01-31,NA,NA,0,0
"512",2002-02-01,NA,NA,0,0
"513",2002-02-04,NA,NA,0,0
"514",2002-02-05,NA,NA,0,0
"515",2002-02-06,NA,NA,0,0
"516",2002-02-07,NA,NA,0,0
"517",2002-02-08,NA,NA,0,0
"518",2002-02-14,NA,NA,0,0
"519",2002-02-15,NA,NA,0,0
"520",2002-02-18,NA,NA,0,0
"521",2002-02-19,NA,NA,0,0
"522",2002-02-20,NA,NA,0,0
"523",2002-02-21,NA,NA,0,0
"524",2002-02-22,NA,NA,0,0
"525",2002-02-25,NA,NA,0,0
"526",2002-02-26,NA,NA,0,0
"527",2002-02-27,NA,NA,0,0
"528",2002-02-28,NA,NA,0,0
"529",2002-03-04,NA,NA,0,0
"530",2002-03-05,NA,NA,0,0
"531",2002-03-06,NA,NA,0,0
"532",2002-03-07,NA,NA,0,0
"533",2002-03-08,NA,NA,0,0
"534",2002-03-11,NA,NA,0,0
"535",2002-03-12,NA,NA,0,0
"536",2002-03-13,NA,NA,0,0
"537",2002-03-14,NA,NA,0,0
"538",2002-03-15,NA,NA,0,0
"539",2002-03-18,NA,NA,0,0
"540",2002-03-19,NA,NA,0,0
"541",2002-03-20,NA,NA,0,0
"542",2002-03-21,NA,NA,0,0
"543",2002-03-22,NA,NA,0,0
"544",2002-03-25,NA,NA,0,0
"545",2002-03-26,NA,NA,0,0
"546",2002-03-27,NA,NA,0,0
"547",2002-03-28,NA,NA,0,0
"548",2002-03-29,NA,NA,0,0
"549",2002-04-01,NA,NA,0,0
"550",2002-04-02,NA,NA,0,0
"551",2002-04-03,NA,NA,0,0
"552",2002-04-04,NA,NA,0,0
"553",2002-04-08,NA,NA,0,0
"554",2002-04-09,NA,NA,0,0
"555",2002-04-10,NA,NA,0,0
"556",2002-04-11,NA,NA,0,0
"557",2002-04-12,NA,NA,0,0
"558",2002-04-15,NA,NA,0,0
"559",2002-04-16,NA,NA,0,0
"560",2002-04-17,NA,NA,0,0
"561",2002-04-18,NA,NA,0,0
"562",2002-04-19,NA,NA,0,0
"563",2002-04-22,NA,NA,0,0
"564",2002-04-23,NA,NA,0,0
"565",2002-04-24,NA,NA,0,0
"566",2002-04-25,NA,NA,0,0
"567",2002-04-26,NA,NA,0,0
"568",2002-04-29,NA,NA,0,0
"569",2002-04-30,NA,NA,0,0
"570",2002-05-02,NA,NA,0,0
"571",2002-05-03,NA,NA,0,0
"572",2002-05-06,NA,NA,0,0
"573",2002-05-07,NA,NA,0,0
"574",2002-05-08,NA,NA,0,0
"575",2002-05-09,NA,NA,0,0
"576",2002-05-10,NA,NA,0,0
"577",2002-05-13,NA,NA,0,0
"578",2002-05-14,NA,NA,0,0
"579",2002-05-15,NA,NA,0,0
"580",2002-05-16,NA,NA,0,0
"581",2002-05-17,NA,NA,0,0
"582",2002-05-20,NA,NA,0,0
"583",2002-05-21,NA,NA,0,0
"584",2002-05-22,NA,NA,0,0
"585",2002-05-23,NA,NA,0,0
"586",2002-05-24,NA,NA,0,0
"587",2002-05-27,NA,NA,0,0
"588",2002-05-28,NA,NA,0,0
"589",2002-05-29,NA,NA,0,0
"590",2002-05-30,NA,NA,0,0
"591",2002-05-31,NA,NA,0,0
"592",2002-06-03,NA,NA,0,0
"593",2002-06-04,NA,NA,0,0
"594",2002-06-05,NA,NA,0,0
"595",2002-06-07,NA,NA,0,0
"596",2002-06-10,NA,NA,0,0
"597",2002-06-11,NA,NA,0,0
"598",2002-06-12,NA,NA,0,0
"599",2002-06-14,NA,NA,0,0
"600",2002-06-17,NA,NA,0,0
"601",2002-06-18,NA,NA,0,0
"602",2002-06-19,NA,NA,0,0
"603",2002-06-20,NA,NA,0,0
"604",2002-06-21,NA,NA,0,0
"605",2002-06-24,NA,NA,0,0
"606",2002-06-25,NA,NA,0,0
"607",2002-06-26,NA,NA,0,0
"608",2002-06-27,NA,NA,0,0
"609",2002-06-28,NA,NA,0,0
"610",2002-07-02,NA,NA,0,0
"611",2002-07-03,NA,NA,0,0
"612",2002-07-04,NA,NA,0,0
"613",2002-07-05,NA,NA,0,0
"614",2002-07-08,NA,NA,0,0
"615",2002-07-09,NA,NA,0,0
"616",2002-07-10,NA,NA,0,0
"617",2002-07-11,NA,NA,0,0
"618",2002-07-12,NA,NA,0,0
"619",2002-07-15,NA,NA,0,0
"620",2002-07-16,NA,NA,0,0
"621",2002-07-18,NA,NA,0,0
"622",2002-07-19,NA,NA,0,0
"623",2002-07-22,NA,NA,0,0
"624",2002-07-23,NA,NA,0,0
"625",2002-07-24,NA,NA,0,0
"626",2002-07-25,NA,NA,0,0
"627",2002-07-26,NA,NA,0,0
"628",2002-07-29,NA,NA,0,0
"629",2002-07-30,NA,NA,0,0
"630",2002-07-31,NA,NA,0,0
"631",2002-08-01,NA,NA,0,0
"632",2002-08-02,NA,NA,0,0
"633",2002-08-05,NA,NA,0,0
"634",2002-08-06,NA,NA,0,0
"635",2002-08-07,NA,NA,0,0
"636",2002-08-08,NA,NA,0,0
"637",2002-08-09,NA,NA,0,0
"638",2002-08-12,NA,NA,0,0
"639",2002-08-13,NA,NA,0,0
"640",2002-08-14,NA,NA,0,0
"641",2002-08-16,NA,NA,0,0
"642",2002-08-19,NA,NA,0,0
"643",2002-08-20,NA,NA,0,0
"644",2002-08-21,NA,NA,0,0
"645",2002-08-22,NA,NA,0,0
"646",2002-08-23,NA,NA,0,0
"647",2002-08-26,NA,NA,0,0
"648",2002-08-27,NA,NA,0,0
"649",2002-08-28,NA,NA,0,0
"650",2002-08-29,NA,NA,0,0
"651",2002-08-30,NA,NA,0,0
"652",2002-09-02,NA,NA,0,0
"653",2002-09-03,NA,NA,0,0
"654",2002-09-04,NA,NA,0,0
"655",2002-09-05,NA,NA,0,0
"656",2002-09-06,NA,NA,0,0
"657",2002-09-09,NA,NA,0,0
"658",2002-09-10,NA,NA,0,0
"659",2002-09-11,NA,NA,0,0
"660",2002-09-12,NA,NA,0,0
"661",2002-09-13,NA,NA,0,0
"662",2002-09-16,NA,NA,0,0
"663",2002-09-17,NA,NA,0,0
"664",2002-09-18,NA,NA,0,0
"665",2002-09-19,NA,NA,0,0
"666",2002-09-23,NA,NA,0,0
"667",2002-09-24,NA,NA,0,0
"668",2002-09-25,NA,NA,0,0
"669",2002-09-26,NA,NA,0,0
"670",2002-09-27,NA,NA,0,0
"671",2002-09-30,NA,NA,0,0
"672",2002-10-01,NA,NA,0,0
"673",2002-10-02,NA,NA,0,0
"674",2002-10-04,NA,NA,0,0
"675",2002-10-07,NA,NA,0,0
"676",2002-10-08,NA,NA,0,0
"677",2002-10-09,NA,NA,0,0
"678",2002-10-10,NA,NA,0,0
"679",2002-10-11,NA,NA,0,0
"680",2002-10-14,NA,NA,0,0
"681",2002-10-15,NA,NA,0,0
"682",2002-10-16,NA,NA,0,0
"683",2002-10-17,NA,NA,0,0
"684",2002-10-18,NA,NA,0,0
"685",2002-10-21,NA,NA,0,0
"686",2002-10-22,NA,NA,0,0
"687",2002-10-23,NA,NA,0,0
"688",2002-10-24,NA,NA,0,0
"689",2002-10-25,NA,NA,0,0
"690",2002-10-28,NA,NA,0,0
"691",2002-10-29,NA,NA,0,0
"692",2002-10-30,NA,NA,0,0
"693",2002-10-31,NA,NA,0,0
"694",2002-11-01,NA,NA,0,0
"695",2002-11-04,NA,NA,0,0
"696",2002-11-05,NA,NA,0,0
"697",2002-11-06,NA,NA,0,0
"698",2002-11-07,NA,NA,0,0
"699",2002-11-08,NA,NA,0,0
"700",2002-11-11,NA,NA,0,0
"701",2002-11-12,NA,NA,0,0
"702",2002-11-13,NA,NA,0,0
"703",2002-11-14,NA,NA,0,0
"704",2002-11-15,NA,NA,0,0
"705",2002-11-18,NA,NA,0,0
"706",2002-11-19,NA,NA,0,0
"707",2002-11-20,NA,NA,0,0
"708",2002-11-21,NA,NA,0,0
"709",2002-11-22,NA,NA,0,0
"710",2002-11-25,NA,NA,0,0
"711",2002-11-26,NA,NA,0,0
"712",2002-11-27,NA,NA,0,0
"713",2002-11-28,NA,NA,0,0
"714",2002-11-29,NA,NA,0,0
"715",2002-12-02,NA,NA,0,0
"716",2002-12-03,NA,NA,0,0
"717",2002-12-04,NA,NA,0,0
"718",2002-12-05,NA,NA,0,0
"719",2002-12-06,NA,NA,0,0
"720",2002-12-09,NA,NA,0,0
"721",2002-12-10,NA,NA,0,0
"722",2002-12-11,NA,NA,0,0
"723",2002-12-12,NA,NA,0,0
"724",2002-12-13,NA,NA,0,0
"725",2002-12-16,NA,NA,0,0
"726",2002-12-17,NA,NA,0,0
"727",2002-12-18,NA,NA,0,0
"728",2002-12-20,NA,NA,0,0
"729",2002-12-23,NA,NA,0,0
"730",2002-12-24,NA,NA,0,0
"731",2002-12-26,NA,NA,0,0
"732",2002-12-27,NA,NA,0,0
"733",2002-12-30,NA,NA,0,0
"734",2003-01-02,NA,NA,0,0
"735",2003-01-03,NA,NA,0,0
"736",2003-01-06,NA,NA,0,0
"737",2003-01-07,NA,NA,0,0
"738",2003-01-08,NA,NA,0,0
"739",2003-01-09,NA,NA,0,0
"740",2003-01-10,NA,NA,0,0
"741",2003-01-13,NA,NA,0,0
"742",2003-01-14,NA,NA,0,0
"743",2003-01-15,NA,NA,0,0
"744",2003-01-16,NA,NA,0,0
"745",2003-01-17,NA,NA,0,0
"746",2003-01-20,NA,NA,0,0
"747",2003-01-21,NA,NA,0,0
"748",2003-01-22,NA,NA,0,0
"749",2003-01-23,NA,NA,0,0
"750",2003-01-24,NA,NA,0,0
"751",2003-01-27,NA,NA,0,0
"752",2003-01-28,NA,NA,0,0
"753",2003-01-29,NA,NA,0,0
"754",2003-01-30,NA,NA,0,0
"755",2003-02-03,NA,NA,0,0
"756",2003-02-04,NA,NA,0,0
"757",2003-02-05,NA,NA,0,0
"758",2003-02-06,NA,NA,0,0
"759",2003-02-07,NA,NA,0,0
"760",2003-02-10,NA,NA,0,0
"761",2003-02-11,NA,NA,0,0
"762",2003-02-12,NA,NA,0,0
"763",2003-02-13,NA,NA,0,0
"764",2003-02-14,NA,NA,0,0
"765",2003-02-17,NA,NA,0,0
"766",2003-02-18,NA,NA,0,0
"767",2003-02-19,NA,NA,0,0
"768",2003-02-20,NA,NA,0,0
"769",2003-02-21,NA,NA,0,0
"770",2003-02-24,NA,NA,0,0
"771",2003-02-25,NA,NA,0,0
"772",2003-02-26,NA,NA,0,0
"773",2003-02-27,NA,NA,0,0
"774",2003-02-28,NA,NA,0,0
"775",2003-03-03,NA,NA,0,0
"776",2003-03-04,NA,NA,0,0
"777",2003-03-05,NA,NA,0,0
"778",2003-03-06,NA,NA,0,0
"779",2003-03-07,NA,NA,0,0
"780",2003-03-10,NA,NA,0,0
"781",2003-03-11,NA,NA,0,0
"782",2003-03-12,NA,NA,0,0
"783",2003-03-13,NA,NA,0,0
"784",2003-03-14,NA,NA,0,0
"785",2003-03-17,NA,NA,0,0
"786",2003-03-18,NA,NA,0,0
"787",2003-03-19,NA,NA,0,0
"788",2003-03-20,NA,NA,0,0
"789",2003-03-21,NA,NA,0,0
"790",2003-03-24,NA,NA,0,0
"791",2003-03-25,NA,NA,0,0
"792",2003-03-26,NA,NA,0,0
"793",2003-03-27,NA,NA,0,0
"794",2003-03-28,NA,NA,0,0
"795",2003-03-31,NA,NA,0,0
"796",2003-04-01,NA,NA,0,0
"797",2003-04-02,NA,NA,0,0
"798",2003-04-03,NA,NA,0,0
"799",2003-04-04,NA,NA,0,0
"800",2003-04-07,NA,NA,0,0
"801",2003-04-08,NA,NA,0,0
"802",2003-04-09,NA,NA,0,0
"803",2003-04-10,NA,NA,0,0
"804",2003-04-11,NA,NA,0,0
"805",2003-04-14,NA,NA,0,0
"806",2003-04-15,NA,NA,0,0
"807",2003-04-16,NA,NA,0,0
"808",2003-04-17,NA,NA,0,0
"809",2003-04-18,NA,NA,0,0
"810",2003-04-21,NA,NA,0,0
"811",2003-04-22,NA,NA,0,0
"812",2003-04-23,NA,NA,0,0
"813",2003-04-24,NA,NA,0,0
"814",2003-04-25,NA,NA,0,0
"815",2003-04-28,NA,NA,0,0
"816",2003-04-29,NA,NA,0,0
"817",2003-04-30,NA,NA,0,0
"818",2003-05-02,NA,NA,0,0
"819",2003-05-06,NA,NA,0,0
"820",2003-05-07,NA,NA,0,0
"821",2003-05-09,NA,NA,0,0
"822",2003-05-12,NA,NA,0,0
"823",2003-05-13,NA,NA,0,0
"824",2003-05-14,NA,NA,0,0
"825",2003-05-15,NA,NA,0,0
"826",2003-05-16,NA,NA,0,0
"827",2003-05-19,NA,NA,0,0
"828",2003-05-20,NA,NA,0,0
"829",2003-05-21,NA,NA,0,0
"830",2003-05-22,NA,NA,0,0
"831",2003-05-23,NA,NA,0,0
"832",2003-05-26,NA,NA,0,0
"833",2003-05-27,NA,NA,0,0
"834",2003-05-28,NA,NA,0,0
"835",2003-05-29,NA,NA,0,0
"836",2003-05-30,NA,NA,0,0
"837",2003-06-02,NA,NA,0,0
"838",2003-06-03,NA,NA,0,0
"839",2003-06-04,NA,NA,0,0
"840",2003-06-05,NA,NA,0,0
"841",2003-06-09,NA,NA,0,0
"842",2003-06-10,NA,NA,0,0
"843",2003-06-11,NA,NA,0,0
"844",2003-06-12,NA,NA,0,0
"845",2003-06-13,NA,NA,0,0
"846",2003-06-16,NA,NA,0,0
"847",2003-06-17,NA,NA,0,0
"848",2003-06-18,NA,NA,0,0
"849",2003-06-19,NA,NA,0,0
"850",2003-06-20,NA,NA,0,0
"851",2003-06-23,NA,NA,0,0
"852",2003-06-24,NA,NA,0,0
"853",2003-06-25,NA,NA,0,0
"854",2003-06-26,NA,NA,0,0
"855",2003-06-27,NA,NA,0,0
"856",2003-06-30,NA,NA,0,0
"857",2003-07-01,NA,NA,0,0
"858",2003-07-02,NA,NA,0,0
"859",2003-07-03,NA,NA,0,0
"860",2003-07-04,NA,NA,0,0
"861",2003-07-07,NA,NA,0,0
"862",2003-07-08,NA,NA,0,0
"863",2003-07-09,NA,NA,0,0
"864",2003-07-10,NA,NA,0,0
"865",2003-07-11,NA,NA,0,0
"866",2003-07-14,NA,NA,0,0
"867",2003-07-15,NA,NA,0,0
"868",2003-07-16,NA,NA,0,0
"869",2003-07-18,NA,NA,0,0
"870",2003-07-21,NA,NA,0,0
"871",2003-07-22,NA,NA,0,0
"872",2003-07-23,NA,NA,0,0
"873",2003-07-24,NA,NA,0,0
"874",2003-07-25,NA,NA,0,0
"875",2003-07-28,NA,NA,0,0
"876",2003-07-29,NA,NA,0,0
"877",2003-07-30,NA,NA,0,0
"878",2003-07-31,NA,NA,0,0
"879",2003-08-01,NA,NA,0,0
"880",2003-08-04,NA,NA,0,0
"881",2003-08-05,NA,NA,0,0
"882",2003-08-06,NA,NA,0,0
"883",2003-08-07,NA,NA,0,0
"884",2003-08-08,NA,NA,0,0
"885",2003-08-11,NA,NA,0,0
"886",2003-08-12,NA,NA,0,0
"887",2003-08-13,NA,NA,0,0
"888",2003-08-14,NA,NA,0,0
"889",2003-08-18,NA,NA,0,0
"890",2003-08-19,NA,NA,0,0
"891",2003-08-20,NA,NA,0,0
"892",2003-08-21,NA,NA,0,0
"893",2003-08-22,NA,NA,0,0
"894",2003-08-25,NA,NA,0,0
"895",2003-08-26,NA,NA,0,0
"896",2003-08-27,NA,NA,0,0
"897",2003-08-28,NA,NA,0,0
"898",2003-08-29,NA,NA,0,0
"899",2003-09-01,NA,NA,0,0
"900",2003-09-02,NA,NA,0,0
"901",2003-09-03,NA,NA,0,0
"902",2003-09-04,NA,NA,0,0
"903",2003-09-05,NA,NA,0,0
"904",2003-09-08,NA,NA,0,0
"905",2003-09-09,NA,NA,0,0
"906",2003-09-15,NA,NA,0,0
"907",2003-09-16,NA,NA,0,0
"908",2003-09-17,NA,NA,0,0
"909",2003-09-18,NA,NA,0,0
"910",2003-09-19,NA,NA,0,0
"911",2003-09-22,NA,NA,0,0
"912",2003-09-23,NA,NA,0,0
"913",2003-09-24,NA,NA,0,0
"914",2003-09-25,NA,NA,0,0
"915",2003-09-26,NA,NA,0,0
"916",2003-09-29,NA,NA,0,0
"917",2003-09-30,NA,NA,0,0
"918",2003-10-01,NA,NA,0,0
"919",2003-10-02,NA,NA,0,0
"920",2003-10-06,NA,NA,0,0
"921",2003-10-07,NA,NA,0,0
"922",2003-10-08,NA,NA,0,0
"923",2003-10-09,NA,NA,0,0
"924",2003-10-10,NA,NA,0,0
"925",2003-10-13,NA,NA,0,0
"926",2003-10-14,NA,NA,0,0
"927",2003-10-15,NA,NA,0,0
"928",2003-10-16,NA,NA,0,0
"929",2003-10-17,NA,NA,0,0
"930",2003-10-20,NA,NA,0,0
"931",2003-10-21,NA,NA,0,0
"932",2003-10-22,NA,NA,0,0
"933",2003-10-23,NA,NA,0,0
"934",2003-10-24,NA,NA,0,0
"935",2003-10-27,NA,NA,0,0
"936",2003-10-28,NA,NA,0,0
"937",2003-10-29,NA,NA,0,0
"938",2003-10-30,NA,NA,0,0
"939",2003-10-31,NA,NA,0,0
"940",2003-11-03,NA,NA,0,0
"941",2003-11-04,NA,NA,0,0
"942",2003-11-05,NA,NA,0,0
"943",2003-11-06,NA,NA,0,0
"944",2003-11-07,NA,NA,0,0
"945",2003-11-10,NA,NA,0,0
"946",2003-11-11,NA,NA,0,0
"947",2003-11-12,NA,NA,0,0
"948",2003-11-13,NA,NA,0,0
"949",2003-11-14,NA,NA,0,0
"950",2003-11-17,NA,NA,0,0
"951",2003-11-18,NA,NA,0,0
"952",2003-11-19,NA,NA,0,0
"953",2003-11-20,NA,NA,0,0
"954",2003-11-21,NA,NA,0,0
"955",2003-11-24,NA,NA,0,0
"956",2003-11-25,NA,NA,0,0
"957",2003-11-26,NA,NA,0,0
"958",2003-11-27,NA,NA,0,0
"959",2003-11-28,NA,NA,0,0
"960",2003-12-01,NA,NA,0,0
"961",2003-12-02,NA,NA,0,0
"962",2003-12-03,NA,NA,0,0
"963",2003-12-04,NA,NA,0,0
"964",2003-12-05,NA,NA,0,0
"965",2003-12-08,NA,NA,0,0
"966",2003-12-09,NA,NA,0,0
"967",2003-12-10,NA,NA,0,0
"968",2003-12-11,NA,NA,0,0
"969",2003-12-12,NA,NA,0,0
"970",2003-12-15,NA,NA,0,0
"971",2003-12-16,NA,NA,0,0
"972",2003-12-17,NA,NA,0,0
"973",2003-12-18,NA,NA,0,0
"974",2003-12-19,NA,NA,0,0
"975",2003-12-22,NA,NA,0,0
"976",2003-12-23,NA,NA,0,0
"977",2003-12-24,NA,NA,0,0
"978",2003-12-26,NA,NA,0,0
"979",2003-12-29,NA,NA,0,0
"980",2003-12-30,NA,NA,0,0
"981",2004-01-02,NA,NA,0,0
"982",2004-01-05,NA,NA,0,0
"983",2004-01-06,NA,NA,0,0
"984",2004-01-07,NA,NA,0,0
"985",2004-01-08,NA,NA,0,0
"986",2004-01-09,NA,NA,0,0
"987",2004-01-12,NA,NA,0,0
"988",2004-01-13,NA,NA,0,0
"989",2004-01-14,NA,NA,0,0
"990",2004-01-15,NA,NA,0,0
"991",2004-01-16,NA,NA,0,0
"992",2004-01-19,NA,NA,0,0
"993",2004-01-20,NA,NA,0,0
"994",2004-01-26,NA,NA,0,0
"995",2004-01-27,NA,NA,0,0
"996",2004-01-28,NA,NA,0,0
"997",2004-01-29,NA,NA,0,0
"998",2004-01-30,NA,NA,0,0
"999",2004-02-02,NA,NA,0,0
"1000",2004-02-03,NA,NA,0,0
"1001",2004-02-04,NA,NA,0,0
"1002",2004-02-05,NA,NA,0,0
"1003",2004-02-06,NA,NA,0,0
"1004",2004-02-09,NA,NA,0,0
"1005",2004-02-10,NA,NA,0,0
"1006",2004-02-11,NA,NA,0,0
"1007",2004-02-12,NA,NA,0,0
"1008",2004-02-13,NA,NA,0,0
"1009",2004-02-16,NA,NA,0,0
"1010",2004-02-17,NA,NA,0,0
"1011",2004-02-18,NA,NA,0,0
"1012",2004-02-19,NA,NA,0,0
"1013",2004-02-20,NA,NA,0,0
"1014",2004-02-23,NA,NA,0,0
"1015",2004-02-24,NA,NA,0,0
"1016",2004-02-25,NA,NA,0,0
"1017",2004-02-26,NA,NA,0,0
"1018",2004-02-27,NA,NA,0,0
"1019",2004-03-02,NA,NA,0,0
"1020",2004-03-03,NA,NA,0,0
"1021",2004-03-04,NA,NA,0,0
"1022",2004-03-05,NA,NA,0,0
"1023",2004-03-08,NA,NA,0,0
"1024",2004-03-09,NA,NA,0,0
"1025",2004-03-10,NA,NA,0,0
"1026",2004-03-11,NA,NA,0,0
"1027",2004-03-12,NA,NA,0,0
"1028",2004-03-15,NA,NA,0,0
"1029",2004-03-16,NA,NA,0,0
"1030",2004-03-17,NA,NA,0,0
"1031",2004-03-18,NA,NA,0,0
"1032",2004-03-19,NA,NA,0,0
"1033",2004-03-22,NA,NA,0,0
"1034",2004-03-23,NA,NA,0,0
"1035",2004-03-24,NA,NA,0,0
"1036",2004-03-25,NA,NA,0,0
"1037",2004-03-26,NA,NA,0,0
"1038",2004-03-29,NA,NA,0,0
"1039",2004-03-30,NA,NA,0,0
"1040",2004-03-31,NA,NA,0,0
"1041",2004-04-01,NA,NA,0,0
"1042",2004-04-02,NA,NA,0,0
"1043",2004-04-06,NA,NA,0,0
"1044",2004-04-07,NA,NA,0,0
"1045",2004-04-08,NA,NA,0,0
"1046",2004-04-09,NA,NA,0,0
"1047",2004-04-12,NA,NA,0,0
"1048",2004-04-13,NA,NA,0,0
"1049",2004-04-14,NA,NA,0,0
"1050",2004-04-16,NA,NA,0,0
"1051",2004-04-19,NA,NA,0,0
"1052",2004-04-20,NA,NA,0,0
"1053",2004-04-21,NA,NA,0,0
"1054",2004-04-22,NA,NA,0,0
"1055",2004-04-23,NA,NA,0,0
"1056",2004-04-26,NA,NA,0,0
"1057",2004-04-27,NA,NA,0,0
"1058",2004-04-28,NA,NA,0,0
"1059",2004-04-29,NA,NA,0,0
"1060",2004-04-30,NA,NA,0,0
"1061",2004-05-03,NA,NA,0,0
"1062",2004-05-04,NA,NA,0,0
"1063",2004-05-06,NA,NA,0,0
"1064",2004-05-07,NA,NA,0,0
"1065",2004-05-10,NA,NA,0,0
"1066",2004-05-11,NA,NA,0,0
"1067",2004-05-12,NA,NA,0,0
"1068",2004-05-13,NA,NA,0,0
"1069",2004-05-14,NA,NA,0,0
"1070",2004-05-17,NA,NA,0,0
"1071",2004-05-18,NA,NA,0,0
"1072",2004-05-19,NA,NA,0,0
"1073",2004-05-20,NA,NA,0,0
"1074",2004-05-21,NA,NA,0,0
"1075",2004-05-24,NA,NA,0,0
"1076",2004-05-25,NA,NA,0,0
"1077",2004-05-27,NA,NA,0,0
"1078",2004-05-28,NA,NA,0,0
"1079",2004-05-31,NA,NA,0,0
"1080",2004-06-01,NA,NA,0,0
"1081",2004-06-02,NA,NA,0,0
"1082",2004-06-03,NA,NA,0,0
"1083",2004-06-04,NA,NA,0,0
"1084",2004-06-07,NA,NA,0,0
"1085",2004-06-08,NA,NA,0,0
"1086",2004-06-09,NA,NA,0,0
"1087",2004-06-10,NA,NA,0,0
"1088",2004-06-11,NA,NA,0,0
"1089",2004-06-14,NA,NA,0,0
"1090",2004-06-15,NA,NA,0,0
"1091",2004-06-16,NA,NA,0,0
"1092",2004-06-17,NA,NA,0,0
"1093",2004-06-18,NA,NA,0,0
"1094",2004-06-21,NA,NA,0,0
"1095",2004-06-22,NA,NA,0,0
"1096",2004-06-23,NA,NA,0,0
"1097",2004-06-24,NA,NA,0,0
"1098",2004-06-25,NA,NA,0,0
"1099",2004-06-28,NA,NA,0,0
"1100",2004-06-29,NA,NA,0,0
"1101",2004-06-30,NA,NA,0,0
"1102",2004-07-01,NA,NA,0,0
"1103",2004-07-02,NA,NA,0,0
"1104",2004-07-05,NA,NA,0,0
"1105",2004-07-06,NA,NA,0,0
"1106",2004-07-07,NA,NA,0,0
"1107",2004-07-08,NA,NA,0,0
"1108",2004-07-09,NA,NA,0,0
"1109",2004-07-12,NA,NA,0,0
"1110",2004-07-13,NA,NA,0,0
"1111",2004-07-14,NA,NA,0,0
"1112",2004-07-15,NA,NA,0,0
"1113",2004-07-16,NA,NA,0,0
"1114",2004-07-19,NA,NA,0,0
"1115",2004-07-20,NA,NA,0,0
"1116",2004-07-21,NA,NA,0,0
"1117",2004-07-22,NA,NA,0,0
"1118",2004-07-23,NA,NA,0,0
"1119",2004-07-26,NA,NA,0,0
"1120",2004-07-27,NA,NA,0,0
"1121",2004-07-28,NA,NA,0,0
"1122",2004-07-29,NA,NA,0,0
"1123",2004-07-30,NA,NA,0,0
"1124",2004-08-02,NA,NA,0,0
"1125",2004-08-03,NA,NA,0,0
"1126",2004-08-04,NA,NA,0,0
"1127",2004-08-05,NA,NA,0,0
"1128",2004-08-06,NA,NA,0,0
"1129",2004-08-09,NA,NA,0,0
"1130",2004-08-10,NA,NA,0,0
"1131",2004-08-11,NA,NA,0,0
"1132",2004-08-12,NA,NA,0,0
"1133",2004-08-13,NA,NA,0,0
"1134",2004-08-16,NA,NA,0,0
"1135",2004-08-17,NA,NA,0,0
"1136",2004-08-18,NA,NA,0,0
"1137",2004-08-19,NA,NA,0,0
"1138",2004-08-20,NA,NA,0,0
"1139",2004-08-23,NA,NA,0,0
"1140",2004-08-24,NA,NA,0,0
"1141",2004-08-25,NA,NA,0,0
"1142",2004-08-26,NA,NA,0,0
"1143",2004-08-27,NA,NA,0,0
"1144",2004-08-30,NA,NA,0,0
"1145",2004-08-31,NA,NA,0,0
"1146",2004-09-01,NA,NA,0,0
"1147",2004-09-02,NA,NA,0,0
"1148",2004-09-03,NA,NA,0,0
"1149",2004-09-06,NA,NA,0,0
"1150",2004-09-07,NA,NA,0,0
"1151",2004-09-08,NA,NA,0,0
"1152",2004-09-09,NA,NA,0,0
"1153",2004-09-10,NA,NA,0,0
"1154",2004-09-13,NA,NA,0,0
"1155",2004-09-14,NA,NA,0,0
"1156",2004-09-15,NA,NA,0,0
"1157",2004-09-16,NA,NA,0,0
"1158",2004-09-17,NA,NA,0,0
"1159",2004-09-20,NA,NA,0,0
"1160",2004-09-21,NA,NA,0,0
"1161",2004-09-22,NA,NA,0,0
"1162",2004-09-23,NA,NA,0,0
"1163",2004-09-24,NA,NA,0,0
"1164",2004-09-30,NA,NA,0,0
"1165",2004-10-01,NA,NA,0,0
"1166",2004-10-04,NA,NA,0,0
"1167",2004-10-05,NA,NA,0,0
"1168",2004-10-06,NA,NA,0,0
"1169",2004-10-07,NA,NA,0,0
"1170",2004-10-08,NA,NA,0,0
"1171",2004-10-11,NA,NA,0,0
"1172",2004-10-12,NA,NA,0,0
"1173",2004-10-13,NA,NA,0,0
"1174",2004-10-14,NA,NA,0,0
"1175",2004-10-15,NA,NA,0,0
"1176",2004-10-18,NA,NA,0,0
"1177",2004-10-19,NA,NA,0,0
"1178",2004-10-20,NA,NA,0,0
"1179",2004-10-21,NA,NA,0,0
"1180",2004-10-22,NA,NA,0,0
"1181",2004-10-25,NA,NA,0,0
"1182",2004-10-26,NA,NA,0,0
"1183",2004-10-27,NA,NA,0,0
"1184",2004-10-28,NA,NA,0,0
"1185",2004-10-29,NA,NA,0,0
"1186",2004-11-01,NA,NA,0,0
"1187",2004-11-02,NA,NA,0,0
"1188",2004-11-03,NA,NA,0,0
"1189",2004-11-04,NA,NA,0,0
"1190",2004-11-05,NA,NA,0,0
"1191",2004-11-08,NA,NA,0,0
"1192",2004-11-09,NA,NA,0,0
"1193",2004-11-10,NA,NA,0,0
"1194",2004-11-11,NA,NA,0,0
"1195",2004-11-12,NA,NA,0,0
"1196",2004-11-15,NA,NA,0,0
"1197",2004-11-16,NA,NA,0,0
"1198",2004-11-17,NA,NA,0,0
"1199",2004-11-18,NA,NA,0,0
"1200",2004-11-19,NA,NA,0,0
"1201",2004-11-22,NA,NA,0,0
"1202",2004-11-23,NA,NA,0,0
"1203",2004-11-24,NA,NA,0,0
"1204",2004-11-25,NA,NA,0,0
"1205",2004-11-26,NA,NA,0,0
"1206",2004-11-29,NA,NA,0,0
"1207",2004-11-30,NA,NA,0,0
"1208",2004-12-01,NA,NA,0,0
"1209",2004-12-02,NA,NA,0,0
"1210",2004-12-03,NA,NA,0,0
"1211",2004-12-06,NA,NA,0,0
"1212",2004-12-07,NA,NA,0,0
"1213",2004-12-08,NA,NA,0,0
"1214",2004-12-09,NA,NA,0,0
"1215",2004-12-10,NA,NA,0,0
"1216",2004-12-13,NA,NA,0,0
"1217",2004-12-14,NA,NA,0,0
"1218",2004-12-15,NA,NA,0,0
"1219",2004-12-16,NA,NA,0,0
"1220",2004-12-17,NA,NA,0,0
"1221",2004-12-20,NA,NA,0,0
"1222",2004-12-21,NA,NA,0,0
"1223",2004-12-22,NA,NA,0,0
"1224",2004-12-23,NA,NA,0,0
"1225",2004-12-24,NA,NA,0,0
"1226",2004-12-27,NA,NA,0,0
"1227",2004-12-28,NA,NA,0,0
"1228",2004-12-29,NA,NA,0,0
"1229",2004-12-30,NA,NA,0,0
"1230",2005-01-03,NA,NA,0,0
"1231",2005-01-04,NA,NA,0,0
"1232",2005-01-05,NA,NA,0,0
"1233",2005-01-06,NA,NA,0,0
"1234",2005-01-07,NA,NA,0,0
"1235",2005-01-10,NA,NA,0,0
"1236",2005-01-11,NA,NA,0,0
"1237",2005-01-12,NA,NA,0,0
"1238",2005-01-13,NA,NA,0,0
"1239",2005-01-14,NA,NA,0,0
"1240",2005-01-17,NA,NA,0,0
"1241",2005-01-18,NA,NA,0,0
"1242",2005-01-19,NA,NA,0,0
"1243",2005-01-20,NA,NA,0,0
"1244",2005-01-21,NA,NA,0,0
"1245",2005-01-24,NA,NA,0,0
"1246",2005-01-25,NA,NA,0,0
"1247",2005-01-26,NA,NA,0,0
"1248",2005-01-27,NA,NA,0,0
"1249",2005-01-28,NA,NA,0,0
"1250",2005-01-31,NA,NA,0,0
"1251",2005-02-01,NA,NA,0,0
"1252",2005-02-02,NA,NA,0,0
"1253",2005-02-03,NA,NA,0,0
"1254",2005-02-04,NA,NA,0,0
"1255",2005-02-07,NA,NA,0,0
"1256",2005-02-11,NA,NA,0,0
"1257",2005-02-14,NA,NA,0,0
"1258",2005-02-15,NA,NA,0,0
"1259",2005-02-16,NA,NA,0,0
"1260",2005-02-17,NA,NA,0,0
"1261",2005-02-18,NA,NA,0,0
"1262",2005-02-21,NA,NA,0,0
"1263",2005-02-22,NA,NA,0,0
"1264",2005-02-23,NA,NA,0,0
"1265",2005-02-24,NA,NA,0,0
"1266",2005-02-25,NA,NA,0,0
"1267",2005-02-28,NA,NA,0,0
"1268",2005-03-02,NA,NA,0,0
"1269",2005-03-03,NA,NA,0,0
"1270",2005-03-04,NA,NA,0,0
"1271",2005-03-07,NA,NA,0,0
"1272",2005-03-08,NA,NA,0,0
"1273",2005-03-09,NA,NA,0,0
"1274",2005-03-10,NA,NA,0,0
"1275",2005-03-11,NA,NA,0,0
"1276",2005-03-14,NA,NA,0,0
"1277",2005-03-15,NA,NA,0,0
"1278",2005-03-16,NA,NA,0,0
"1279",2005-03-17,NA,NA,0,0
"1280",2005-03-18,NA,NA,0,0
"1281",2005-03-21,NA,NA,0,0
"1282",2005-03-22,NA,NA,0,0
"1283",2005-03-23,NA,NA,0,0
"1284",2005-03-24,NA,NA,0,0
"1285",2005-03-25,NA,NA,0,0
"1286",2005-03-28,NA,NA,0,0
"1287",2005-03-29,NA,NA,0,0
"1288",2005-03-30,NA,NA,0,0
"1289",2005-03-31,NA,NA,0,0
"1290",2005-04-01,NA,NA,0,0
"1291",2005-04-04,NA,NA,0,0
"1292",2005-04-06,NA,NA,0,0
"1293",2005-04-07,NA,NA,0,0
"1294",2005-04-08,NA,NA,0,0
"1295",2005-04-11,NA,NA,0,0
"1296",2005-04-12,NA,NA,0,0
"1297",2005-04-13,NA,NA,0,0
"1298",2005-04-14,NA,NA,0,0
"1299",2005-04-15,NA,NA,0,0
"1300",2005-04-18,NA,NA,0,0
"1301",2005-04-19,NA,NA,0,0
"1302",2005-04-20,NA,NA,0,0
"1303",2005-04-21,NA,NA,0,0
"1304",2005-04-22,NA,NA,0,0
"1305",2005-04-25,NA,NA,0,0
"1306",2005-04-26,NA,NA,0,0
"1307",2005-04-27,NA,NA,0,0
"1308",2005-04-28,NA,NA,0,0
"1309",2005-04-29,NA,NA,0,0
"1310",2005-05-02,NA,NA,0,0
"1311",2005-05-03,NA,NA,0,0
"1312",2005-05-04,NA,NA,0,0
"1313",2005-05-06,NA,NA,0,0
"1314",2005-05-09,NA,NA,0,0
"1315",2005-05-10,NA,NA,0,0
"1316",2005-05-11,NA,NA,0,0
"1317",2005-05-12,NA,NA,0,0
"1318",2005-05-13,NA,NA,0,0
"1319",2005-05-16,NA,NA,0,0
"1320",2005-05-17,NA,NA,0,0
"1321",2005-05-18,NA,NA,0,0
"1322",2005-05-19,NA,NA,0,0
"1323",2005-05-20,NA,NA,0,0
"1324",2005-05-23,NA,NA,0,0
"1325",2005-05-24,NA,NA,0,0
"1326",2005-05-25,NA,NA,0,0
"1327",2005-05-26,NA,NA,0,0
"1328",2005-05-27,NA,NA,0,0
"1329",2005-05-30,NA,NA,0,0
"1330",2005-05-31,NA,NA,0,0
"1331",2005-06-01,NA,NA,0,0
"1332",2005-06-02,NA,NA,0,0
"1333",2005-06-03,NA,NA,0,0
"1334",2005-06-07,NA,NA,0,0
"1335",2005-06-08,NA,NA,0,0
"1336",2005-06-09,NA,NA,0,0
"1337",2005-06-10,NA,NA,0,0
"1338",2005-06-13,NA,NA,0,0
"1339",2005-06-14,NA,NA,0,0
"1340",2005-06-15,NA,NA,0,0
"1341",2005-06-16,NA,NA,0,0
"1342",2005-06-17,NA,NA,0,0
"1343",2005-06-20,NA,NA,0,0
"1344",2005-06-21,NA,NA,0,0
"1345",2005-06-22,NA,NA,0,0
"1346",2005-06-23,NA,NA,0,0
"1347",2005-06-24,NA,NA,0,0
"1348",2005-06-27,NA,NA,0,0
"1349",2005-06-28,NA,NA,0,0
"1350",2005-06-29,NA,NA,0,0
"1351",2005-06-30,NA,NA,0,0
"1352",2005-07-01,NA,NA,0,0
"1353",2005-07-04,NA,NA,0,0
"1354",2005-07-05,NA,NA,0,0
"1355",2005-07-06,NA,NA,0,0
"1356",2005-07-07,NA,NA,0,0
"1357",2005-07-08,NA,NA,0,0
"1358",2005-07-11,NA,NA,0,0
"1359",2005-07-12,NA,NA,0,0
"1360",2005-07-13,NA,NA,0,0
"1361",2005-07-14,NA,NA,0,0
"1362",2005-07-15,NA,NA,0,0
"1363",2005-07-18,NA,NA,0,0
"1364",2005-07-19,NA,NA,0,0
"1365",2005-07-20,NA,NA,0,0
"1366",2005-07-21,NA,NA,0,0
"1367",2005-07-22,NA,NA,0,0
"1368",2005-07-25,NA,NA,0,0
"1369",2005-07-26,NA,NA,0,0
"1370",2005-07-27,NA,NA,0,0
"1371",2005-07-28,NA,NA,0,0
"1372",2005-07-29,NA,NA,0,0
"1373",2005-08-01,NA,NA,0,0
"1374",2005-08-02,NA,NA,0,0
"1375",2005-08-03,NA,NA,0,0
"1376",2005-08-04,NA,NA,0,0
"1377",2005-08-05,NA,NA,0,0
"1378",2005-08-08,NA,NA,0,0
"1379",2005-08-09,NA,NA,0,0
"1380",2005-08-10,NA,NA,0,0
"1381",2005-08-11,NA,NA,0,0
"1382",2005-08-12,NA,NA,0,0
"1383",2005-08-16,NA,NA,0,0
"1384",2005-08-17,NA,NA,0,0
"1385",2005-08-18,NA,NA,0,0
"1386",2005-08-19,NA,NA,0,0
"1387",2005-08-22,NA,NA,0,0
"1388",2005-08-23,NA,NA,0,0
"1389",2005-08-24,NA,NA,0,0
"1390",2005-08-25,NA,NA,0,0
"1391",2005-08-26,NA,NA,0,0
"1392",2005-08-29,NA,NA,0,0
"1393",2005-08-30,NA,NA,0,0
"1394",2005-08-31,NA,NA,0,0
"1395",2005-09-01,NA,NA,0,0
"1396",2005-09-02,NA,NA,0,0
"1397",2005-09-05,NA,NA,0,0
"1398",2005-09-06,NA,NA,0,0
"1399",2005-09-07,NA,NA,0,0
"1400",2005-09-08,NA,NA,0,0
"1401",2005-09-09,NA,NA,0,0
"1402",2005-09-12,NA,NA,0,0
"1403",2005-09-13,NA,NA,0,0
"1404",2005-09-14,NA,NA,0,0
"1405",2005-09-15,NA,NA,0,0
"1406",2005-09-16,NA,NA,0,0
"1407",2005-09-20,NA,NA,0,0
"1408",2005-09-21,NA,NA,0,0
"1409",2005-09-22,NA,NA,0,0
"1410",2005-09-23,NA,NA,0,0
"1411",2005-09-26,NA,NA,0,0
"1412",2005-09-27,NA,NA,0,0
"1413",2005-09-28,NA,NA,0,0
"1414",2005-09-29,NA,NA,0,0
"1415",2005-09-30,NA,NA,0,0
"1416",2005-10-04,NA,NA,0,0
"1417",2005-10-05,NA,NA,0,0
"1418",2005-10-06,NA,NA,0,0
"1419",2005-10-07,NA,NA,0,0
"1420",2005-10-10,NA,NA,0,0
"1421",2005-10-11,NA,NA,0,0
"1422",2005-10-12,NA,NA,0,0
"1423",2005-10-13,NA,NA,0,0
"1424",2005-10-14,NA,NA,0,0
"1425",2005-10-17,NA,NA,0,0
"1426",2005-10-18,NA,NA,0,0
"1427",2005-10-19,NA,NA,0,0
"1428",2005-10-20,NA,NA,0,0
"1429",2005-10-21,NA,NA,0,0
"1430",2005-10-24,NA,NA,0,0
"1431",2005-10-25,NA,NA,0,0
"1432",2005-10-26,NA,NA,0,0
"1433",2005-10-27,NA,NA,0,0
"1434",2005-10-28,NA,NA,0,0
"1435",2005-10-31,NA,NA,0,0
"1436",2005-11-01,NA,NA,0,0
"1437",2005-11-02,NA,NA,0,0
"1438",2005-11-03,NA,NA,0,0
"1439",2005-11-04,NA,NA,0,0
"1440",2005-11-07,NA,NA,0,0
"1441",2005-11-08,NA,NA,0,0
"1442",2005-11-09,NA,NA,0,0
"1443",2005-11-10,NA,NA,0,0
"1444",2005-11-11,NA,NA,0,0
"1445",2005-11-14,NA,NA,0,0
"1446",2005-11-15,NA,NA,0,0
"1447",2005-11-16,NA,NA,0,0
"1448",2005-11-17,NA,NA,0,0
"1449",2005-11-18,NA,NA,0,0
"1450",2005-11-21,NA,NA,0,0
"1451",2005-11-22,NA,NA,0,0
"1452",2005-11-23,NA,NA,0,0
"1453",2005-11-24,NA,NA,0,0
"1454",2005-11-25,NA,NA,0,0
"1455",2005-11-28,NA,NA,0,0
"1456",2005-11-29,NA,NA,0,0
"1457",2005-11-30,NA,NA,0,0
"1458",2005-12-01,NA,NA,0,0
"1459",2005-12-02,NA,NA,0,0
"1460",2005-12-05,NA,NA,0,0
"1461",2005-12-06,NA,NA,0,0
"1462",2005-12-07,NA,NA,0,0
"1463",2005-12-08,NA,NA,0,0
"1464",2005-12-09,NA,NA,0,0
"1465",2005-12-12,NA,NA,0,0
"1466",2005-12-13,NA,NA,0,0
"1467",2005-12-14,NA,NA,0,0
"1468",2005-12-15,NA,NA,0,0
"1469",2005-12-16,NA,NA,0,0
"1470",2005-12-19,NA,NA,0,0
"1471",2005-12-20,NA,NA,0,0
"1472",2005-12-21,NA,NA,0,0
"1473",2005-12-22,NA,NA,0,0
"1474",2005-12-23,NA,NA,0,0
"1475",2005-12-26,NA,NA,0,0
"1476",2005-12-27,NA,NA,0,0
"1477",2005-12-28,NA,NA,0,0
"1478",2005-12-29,NA,NA,0,0
"1479",2006-01-02,NA,NA,0,0
"1480",2006-01-03,NA,NA,0,0
"1481",2006-01-04,NA,NA,0,0
"1482",2006-01-05,NA,NA,0,0
"1483",2006-01-06,NA,NA,0,0
"1484",2006-01-09,NA,NA,0,0
"1485",2006-01-10,NA,NA,0,0
"1486",2006-01-11,NA,NA,0,0
"1487",2006-01-12,NA,NA,0,0
"1488",2006-01-13,NA,NA,0,0
"1489",2006-01-16,NA,NA,0,0
"1490",2006-01-17,NA,NA,0,0
"1491",2006-01-18,NA,NA,0,0
"1492",2006-01-19,NA,NA,0,0
"1493",2006-01-20,NA,NA,0,0
"1494",2006-01-23,NA,NA,0,0
"1495",2006-01-24,NA,NA,0,0
"1496",2006-01-25,NA,NA,0,0
"1497",2006-01-26,NA,NA,0,0
"1498",2006-01-27,NA,NA,0,0
"1499",2006-01-31,NA,NA,0,0
"1500",2006-02-01,NA,NA,0,0
"1501",2006-02-02,NA,NA,0,0
"1502",2006-02-03,NA,NA,0,0
"1503",2006-02-06,NA,NA,0,0
"1504",2006-02-07,NA,NA,0,0
"1505",2006-02-08,NA,NA,0,0
"1506",2006-02-09,NA,NA,0,0
"1507",2006-02-10,NA,NA,0,0
"1508",2006-02-13,NA,NA,0,0
"1509",2006-02-14,NA,NA,0,0
"1510",2006-02-15,NA,NA,0,0
"1511",2006-02-16,NA,NA,0,0
"1512",2006-02-17,NA,NA,0,0
"1513",2006-02-20,NA,NA,0,0
"1514",2006-02-21,NA,NA,0,0
"1515",2006-02-22,NA,NA,0,0
"1516",2006-02-23,NA,NA,0,0
"1517",2006-02-24,NA,NA,0,0
"1518",2006-02-27,NA,NA,0,0
"1519",2006-02-28,NA,NA,0,0
"1520",2006-03-02,NA,NA,0,0
"1521",2006-03-03,NA,NA,0,0
"1522",2006-03-06,NA,NA,0,0
"1523",2006-03-07,NA,NA,0,0
"1524",2006-03-08,NA,NA,0,0
"1525",2006-03-09,NA,NA,0,0
"1526",2006-03-10,NA,NA,0,0
"1527",2006-03-13,NA,NA,0,0
"1528",2006-03-14,NA,NA,0,0
"1529",2006-03-15,NA,NA,0,0
"1530",2006-03-16,NA,NA,0,0
"1531",2006-03-17,NA,NA,0,0
"1532",2006-03-20,NA,NA,0,0
"1533",2006-03-21,NA,NA,0,0
"1534",2006-03-22,NA,NA,0,0
"1535",2006-03-23,NA,NA,0,0
"1536",2006-03-24,NA,NA,0,0
"1537",2006-03-27,NA,NA,0,0
"1538",2006-03-28,NA,NA,0,0
"1539",2006-03-29,NA,NA,0,0
"1540",2006-03-30,NA,NA,0,0
"1541",2006-03-31,NA,NA,0,0
"1542",2006-04-03,NA,NA,0,0
"1543",2006-04-04,NA,NA,0,0
"1544",2006-04-05,NA,NA,0,0
"1545",2006-04-06,NA,NA,0,0
"1546",2006-04-07,NA,NA,0,0
"1547",2006-04-10,NA,NA,0,0
"1548",2006-04-11,NA,NA,0,0
"1549",2006-04-12,NA,NA,0,0
"1550",2006-04-13,NA,NA,0,0
"1551",2006-04-14,NA,NA,0,0
"1552",2006-04-17,NA,NA,0,0
"1553",2006-04-18,NA,NA,0,0
"1554",2006-04-19,NA,NA,0,0
"1555",2006-04-20,NA,NA,0,0
"1556",2006-04-21,NA,NA,0,0
"1557",2006-04-24,NA,NA,0,0
"1558",2006-04-25,NA,NA,0,0
"1559",2006-04-26,NA,NA,0,0
"1560",2006-04-27,NA,NA,0,0
"1561",2006-04-28,NA,NA,0,0
"1562",2006-05-02,NA,NA,0,0
"1563",2006-05-03,NA,NA,0,0
"1564",2006-05-04,NA,NA,0,0
"1565",2006-05-08,NA,NA,0,0
"1566",2006-05-09,NA,NA,0,0
"1567",2006-05-10,NA,NA,0,0
"1568",2006-05-11,NA,NA,0,0
"1569",2006-05-12,NA,NA,0,0
"1570",2006-05-15,NA,NA,0,0
"1571",2006-05-16,NA,NA,0,0
"1572",2006-05-17,NA,NA,0,0
"1573",2006-05-18,NA,NA,0,0
"1574",2006-05-19,NA,NA,0,0
"1575",2006-05-22,NA,NA,0,0
"1576",2006-05-23,NA,NA,0,0
"1577",2006-05-24,NA,NA,0,0
"1578",2006-05-25,NA,NA,0,0
"1579",2006-05-26,NA,NA,0,0
"1580",2006-05-29,NA,NA,0,0
"1581",2006-05-30,NA,NA,0,0
"1582",2006-06-01,NA,NA,0,0
"1583",2006-06-02,NA,NA,0,0
"1584",2006-06-05,NA,NA,0,0
"1585",2006-06-07,NA,NA,0,0
"1586",2006-06-08,NA,NA,0,0
"1587",2006-06-09,NA,NA,0,0
"1588",2006-06-12,NA,NA,0,0
"1589",2006-06-13,NA,NA,0,0
"1590",2006-06-14,NA,NA,0,0
"1591",2006-06-15,NA,NA,0,0
"1592",2006-06-16,NA,NA,0,0
"1593",2006-06-19,NA,NA,0,0
"1594",2006-06-20,NA,NA,0,0
"1595",2006-06-21,NA,NA,0,0
"1596",2006-06-22,NA,NA,0,0
"1597",2006-06-23,NA,NA,0,0
"1598",2006-06-26,NA,NA,0,0
"1599",2006-06-27,NA,NA,0,0
"1600",2006-06-28,NA,NA,0,0
"1601",2006-06-29,NA,NA,0,0
"1602",2006-06-30,NA,NA,0,0
"1603",2006-07-03,NA,NA,0,0
"1604",2006-07-04,NA,NA,0,0
"1605",2006-07-05,NA,NA,0,0
"1606",2006-07-06,NA,NA,0,0
"1607",2006-07-07,NA,NA,0,0
"1608",2006-07-10,NA,NA,0,0
"1609",2006-07-11,NA,NA,0,0
"1610",2006-07-12,NA,NA,0,0
"1611",2006-07-13,NA,NA,0,0
"1612",2006-07-14,NA,NA,0,0
"1613",2006-07-18,NA,NA,0,0
"1614",2006-07-19,NA,NA,0,0
"1615",2006-07-20,NA,NA,0,0
"1616",2006-07-21,NA,NA,0,0
"1617",2006-07-24,NA,NA,0,0
"1618",2006-07-25,NA,NA,0,0
"1619",2006-07-26,NA,NA,0,0
"1620",2006-07-27,NA,NA,0,0
"1621",2006-07-28,NA,NA,0,0
"1622",2006-07-31,NA,NA,0,0
"1623",2006-08-01,NA,NA,0,0
"1624",2006-08-02,NA,NA,0,0
"1625",2006-08-03,NA,NA,0,0
"1626",2006-08-04,NA,NA,0,0
"1627",2006-08-07,NA,NA,0,0
"1628",2006-08-08,NA,NA,0,0
"1629",2006-08-09,NA,NA,0,0
"1630",2006-08-10,NA,NA,0,0
"1631",2006-08-11,NA,NA,0,0
"1632",2006-08-14,NA,NA,0,0
"1633",2006-08-16,NA,NA,0,0
"1634",2006-08-17,NA,NA,0,0
"1635",2006-08-18,NA,NA,0,0
"1636",2006-08-21,NA,NA,0,0
"1637",2006-08-22,NA,NA,0,0
"1638",2006-08-23,NA,NA,0,0
"1639",2006-08-24,NA,NA,0,0
"1640",2006-08-25,NA,NA,0,0
"1641",2006-08-28,NA,NA,0,0
"1642",2006-08-29,NA,NA,0,0
"1643",2006-08-30,NA,NA,0,0
"1644",2006-08-31,NA,NA,0,0
"1645",2006-09-01,NA,NA,0,0
"1646",2006-09-04,NA,NA,0,0
"1647",2006-09-05,NA,NA,0,0
"1648",2006-09-06,NA,NA,0,0
"1649",2006-09-07,NA,NA,0,0
"1650",2006-09-08,NA,NA,0,0
"1651",2006-09-11,NA,NA,0,0
"1652",2006-09-12,NA,NA,0,0
"1653",2006-09-13,NA,NA,0,0
"1654",2006-09-14,NA,NA,0,0
"1655",2006-09-15,NA,NA,0,0
"1656",2006-09-18,NA,NA,0,0
"1657",2006-09-19,NA,NA,0,0
"1658",2006-09-20,NA,NA,0,0
"1659",2006-09-21,NA,NA,0,0
"1660",2006-09-22,NA,NA,0,0
"1661",2006-09-25,NA,NA,0,0
"1662",2006-09-26,NA,NA,0,0
"1663",2006-09-27,NA,NA,0,0
"1664",2006-09-28,NA,NA,0,0
"1665",2006-09-29,NA,NA,0,0
"1666",2006-10-02,NA,NA,0,0
"1667",2006-10-04,NA,NA,0,0
"1668",2006-10-09,NA,NA,0,0
"1669",2006-10-10,NA,NA,0,0
"1670",2006-10-11,NA,NA,0,0
"1671",2006-10-12,NA,NA,0,0
"1672",2006-10-13,NA,NA,0,0
"1673",2006-10-16,NA,NA,0,0
"1674",2006-10-17,NA,NA,0,0
"1675",2006-10-18,NA,NA,0,0
"1676",2006-10-19,NA,NA,0,0
"1677",2006-10-20,NA,NA,0,0
"1678",2006-10-23,NA,NA,0,0
"1679",2006-10-24,NA,NA,0,0
"1680",2006-10-25,NA,NA,0,0
"1681",2006-10-26,NA,NA,0,0
"1682",2006-10-27,NA,NA,0,0
"1683",2006-10-30,NA,NA,0,0
"1684",2006-10-31,NA,NA,0,0
"1685",2006-11-01,NA,NA,0,0
"1686",2006-11-02,NA,NA,0,0
"1687",2006-11-03,NA,NA,0,0
"1688",2006-11-06,NA,NA,0,0
"1689",2006-11-07,NA,NA,0,0
"1690",2006-11-08,NA,NA,0,0
"1691",2006-11-09,NA,NA,0,0
"1692",2006-11-10,NA,NA,0,0
"1693",2006-11-13,NA,NA,0,0
"1694",2006-11-14,NA,NA,0,0
"1695",2006-11-15,NA,NA,0,0
"1696",2006-11-16,NA,NA,0,0
"1697",2006-11-17,NA,NA,0,0
"1698",2006-11-20,NA,NA,0,0
"1699",2006-11-21,NA,NA,0,0
"1700",2006-11-22,NA,NA,0,0
"1701",2006-11-23,NA,NA,0,0
"1702",2006-11-24,NA,NA,0,0
"1703",2006-11-27,NA,NA,0,0
"1704",2006-11-28,NA,NA,0,0
"1705",2006-11-29,NA,NA,0,0
"1706",2006-11-30,NA,NA,0,0
"1707",2006-12-01,NA,NA,0,0
"1708",2006-12-04,NA,NA,0,0
"1709",2006-12-05,NA,NA,0,0
"1710",2006-12-06,NA,NA,0,0
"1711",2006-12-07,NA,NA,0,0
"1712",2006-12-08,NA,NA,0,0
"1713",2006-12-11,NA,NA,0,0
"1714",2006-12-12,NA,NA,0,0
"1715",2006-12-13,NA,NA,0,0
"1716",2006-12-14,NA,NA,0,0
"1717",2006-12-15,NA,NA,0,0
"1718",2006-12-18,NA,NA,0,0
"1719",2006-12-19,NA,NA,0,0
"1720",2006-12-20,NA,NA,0,0
"1721",2006-12-21,NA,NA,0,0
"1722",2006-12-22,NA,NA,0,0
"1723",2006-12-26,NA,NA,0,0
"1724",2006-12-27,NA,NA,0,0
"1725",2006-12-28,NA,NA,0,0
"1726",2007-01-02,NA,NA,0,0
"1727",2007-01-03,NA,NA,0,0
"1728",2007-01-04,NA,NA,0,0
"1729",2007-01-05,NA,NA,0,0
"1730",2007-01-08,NA,NA,0,0
"1731",2007-01-09,NA,NA,0,0
"1732",2007-01-10,NA,NA,0,0
"1733",2007-01-11,NA,NA,0,0
"1734",2007-01-12,NA,NA,0,0
"1735",2007-01-15,NA,NA,0,0
"1736",2007-01-16,NA,NA,0,0
"1737",2007-01-17,NA,NA,0,0
"1738",2007-01-18,NA,NA,0,0
"1739",2007-01-19,NA,NA,0,0
"1740",2007-01-22,NA,NA,0,0
"1741",2007-01-23,NA,NA,0,0
"1742",2007-01-24,NA,NA,0,0
"1743",2007-01-25,NA,NA,0,0
"1744",2007-01-26,NA,NA,0,0
"1745",2007-01-29,NA,NA,0,0
"1746",2007-01-30,NA,NA,0,0
"1747",2007-01-31,NA,NA,0,0
"1748",2007-02-01,NA,NA,0,0
"1749",2007-02-02,NA,NA,0,0
"1750",2007-02-05,NA,NA,0,0
"1751",2007-02-06,NA,NA,0,0
"1752",2007-02-07,NA,NA,0,0
"1753",2007-02-08,NA,NA,0,0
"1754",2007-02-09,NA,NA,0,0
"1755",2007-02-12,NA,NA,0,0
"1756",2007-02-13,NA,NA,0,0
"1757",2007-02-14,NA,NA,0,0
"1758",2007-02-15,NA,NA,0,0
"1759",2007-02-16,NA,NA,0,0
"1760",2007-02-20,NA,NA,0,0
"1761",2007-02-21,NA,NA,0,0
"1762",2007-02-22,NA,NA,0,0
"1763",2007-02-23,NA,NA,0,0
"1764",2007-02-26,NA,NA,0,0
"1765",2007-02-27,NA,NA,0,0
"1766",2007-02-28,NA,NA,0,0
"1767",2007-03-02,NA,NA,0,0
"1768",2007-03-05,NA,NA,0,0
"1769",2007-03-06,NA,NA,0,0
"1770",2007-03-07,NA,NA,0,0
"1771",2007-03-08,NA,NA,0,0
"1772",2007-03-09,NA,NA,0,0
"1773",2007-03-12,NA,NA,0,0
"1774",2007-03-13,NA,NA,0,0
"1775",2007-03-14,NA,NA,0,0
"1776",2007-03-15,NA,NA,0,0
"1777",2007-03-16,NA,NA,0,0
"1778",2007-03-19,NA,NA,0,0
"1779",2007-03-20,NA,NA,0,0
"1780",2007-03-21,NA,NA,0,0
"1781",2007-03-22,NA,NA,0,0
"1782",2007-03-23,NA,NA,0,0
"1783",2007-03-26,NA,NA,0,0
"1784",2007-03-27,NA,NA,0,0
"1785",2007-03-28,NA,NA,0,0
"1786",2007-03-29,NA,NA,0,0
"1787",2007-03-30,NA,NA,0,0
"1788",2007-04-02,NA,NA,0,0
"1789",2007-04-03,NA,NA,0,0
"1790",2007-04-04,NA,NA,0,0
"1791",2007-04-05,NA,NA,0,0
"1792",2007-04-06,NA,NA,0,0
"1793",2007-04-09,NA,NA,0,0
"1794",2007-04-10,NA,NA,0,0
"1795",2007-04-11,NA,NA,0,0
"1796",2007-04-12,NA,NA,0,0
"1797",2007-04-13,NA,NA,0,0
"1798",2007-04-16,NA,NA,0,0
"1799",2007-04-17,NA,NA,0,0
"1800",2007-04-18,NA,NA,0,0
"1801",2007-04-19,NA,NA,0,0
"1802",2007-04-20,NA,NA,0,0
"1803",2007-04-23,NA,NA,0,0
"1804",2007-04-24,NA,NA,0,0
"1805",2007-04-25,NA,NA,0,0
"1806",2007-04-26,NA,NA,0,0
"1807",2007-04-27,NA,NA,0,0
"1808",2007-04-30,NA,NA,0,0
"1809",2007-05-02,NA,NA,0,0
"1810",2007-05-03,NA,NA,0,0
"1811",2007-05-04,NA,NA,0,0
"1812",2007-05-07,NA,NA,0,0
"1813",2007-05-08,NA,NA,0,0
"1814",2007-05-09,NA,NA,0,0
"1815",2007-05-10,NA,NA,0,0
"1816",2007-05-11,NA,NA,0,0
"1817",2007-05-14,NA,NA,0,0
"1818",2007-05-15,NA,NA,0,0
"1819",2007-05-16,NA,NA,0,0
"1820",2007-05-17,NA,NA,0,0
"1821",2007-05-18,NA,NA,0,0
"1822",2007-05-21,NA,NA,0,0
"1823",2007-05-22,NA,NA,0,0
"1824",2007-05-23,NA,NA,0,0
"1825",2007-05-25,NA,NA,0,0
"1826",2007-05-28,NA,NA,0,0
"1827",2007-05-29,NA,NA,0,0
"1828",2007-05-30,NA,NA,0,0
"1829",2007-05-31,NA,NA,0,0
"1830",2007-06-01,NA,NA,0,0
"1831",2007-06-04,NA,NA,0,0
"1832",2007-06-05,NA,NA,0,0
"1833",2007-06-07,NA,NA,0,0
"1834",2007-06-08,NA,NA,0,0
"1835",2007-06-11,NA,NA,0,0
"1836",2007-06-12,NA,NA,0,0
"1837",2007-06-13,NA,NA,0,0
"1838",2007-06-14,NA,NA,0,0
"1839",2007-06-15,NA,NA,0,0
"1840",2007-06-18,NA,NA,0,0
"1841",2007-06-19,NA,NA,0,0
"1842",2007-06-20,NA,NA,0,0
"1843",2007-06-21,NA,NA,0,0
"1844",2007-06-22,NA,NA,0,0
"1845",2007-06-25,NA,NA,0,0
"1846",2007-06-26,NA,NA,0,0
"1847",2007-06-27,NA,NA,0,0
"1848",2007-06-28,NA,NA,0,0
"1849",2007-06-29,NA,NA,0,0
"1850",2007-07-02,NA,NA,0,0
"1851",2007-07-03,NA,NA,0,0
"1852",2007-07-04,NA,NA,0,0
"1853",2007-07-05,NA,NA,0,0
"1854",2007-07-06,NA,NA,0,0
"1855",2007-07-09,NA,NA,0,0
"1856",2007-07-10,NA,NA,0,0
"1857",2007-07-11,NA,NA,0,0
"1858",2007-07-12,NA,NA,0,0
"1859",2007-07-13,NA,NA,0,0
"1860",2007-07-16,NA,NA,0,0
"1861",2007-07-18,NA,NA,0,0
"1862",2007-07-19,NA,NA,0,0
"1863",2007-07-20,NA,NA,0,0
"1864",2007-07-23,NA,NA,0,0
"1865",2007-07-24,NA,NA,0,0
"1866",2007-07-25,NA,NA,0,0
"1867",2007-07-26,NA,NA,0,0
"1868",2007-07-27,NA,NA,0,0
"1869",2007-07-30,NA,NA,0,0
"1870",2007-07-31,NA,NA,0,0
"1871",2007-08-01,NA,NA,0,0
"1872",2007-08-02,NA,NA,0,0
"1873",2007-08-03,NA,NA,0,0
"1874",2007-08-06,NA,NA,0,0
"1875",2007-08-07,NA,NA,0,0
"1876",2007-08-08,NA,NA,0,0
"1877",2007-08-09,NA,NA,0,0
"1878",2007-08-10,NA,NA,0,0
"1879",2007-08-13,NA,NA,0,0
"1880",2007-08-14,NA,NA,0,0
"1881",2007-08-16,NA,NA,0,0
"1882",2007-08-17,NA,NA,0,0
"1883",2007-08-20,NA,NA,0,0
"1884",2007-08-21,NA,NA,0,0
"1885",2007-08-22,NA,NA,0,0
"1886",2007-08-23,NA,NA,0,0
"1887",2007-08-24,NA,NA,0,0
"1888",2007-08-27,NA,NA,0,0
"1889",2007-08-28,NA,NA,0,0
"1890",2007-08-29,NA,NA,0,0
"1891",2007-08-30,NA,NA,0,0
"1892",2007-08-31,NA,NA,0,0
"1893",2007-09-03,NA,NA,0,0
"1894",2007-09-04,NA,NA,0,0
"1895",2007-09-05,NA,NA,0,0
"1896",2007-09-06,NA,NA,0,0
"1897",2007-09-07,NA,NA,0,0
"1898",2007-09-10,NA,NA,0,0
"1899",2007-09-11,NA,NA,0,0
"1900",2007-09-12,NA,NA,0,0
"1901",2007-09-13,NA,NA,0,0
"1902",2007-09-14,NA,NA,0,0
"1903",2007-09-17,NA,NA,0,0
"1904",2007-09-18,NA,NA,0,0
"1905",2007-09-19,NA,NA,0,0
"1906",2007-09-20,NA,NA,0,0
"1907",2007-09-21,NA,NA,0,0
"1908",2007-09-27,NA,NA,0,0
"1909",2007-09-28,NA,NA,0,0
"1910",2007-10-01,NA,NA,0,0
"1911",2007-10-02,NA,NA,0,0
"1912",2007-10-04,NA,NA,0,0
"1913",2007-10-05,NA,NA,0,0
"1914",2007-10-08,NA,NA,0,0
"1915",2007-10-09,NA,NA,0,0
"1916",2007-10-10,NA,NA,0,0
"1917",2007-10-11,NA,NA,0,0
"1918",2007-10-12,NA,NA,0,0
"1919",2007-10-15,NA,NA,0,0
"1920",2007-10-16,NA,NA,0,0
"1921",2007-10-17,NA,NA,0,0
"1922",2007-10-18,NA,NA,0,0
"1923",2007-10-19,NA,NA,0,0
"1924",2007-10-22,NA,NA,0,0
"1925",2007-10-23,NA,NA,0,0
"1926",2007-10-24,NA,NA,0,0
"1927",2007-10-25,NA,NA,0,0
"1928",2007-10-26,NA,NA,0,0
"1929",2007-10-29,NA,NA,0,0
"1930",2007-10-30,NA,NA,0,0
"1931",2007-10-31,NA,NA,0,0
"1932",2007-11-01,NA,NA,0,0
"1933",2007-11-02,NA,NA,0,0
"1934",2007-11-05,NA,NA,0,0
"1935",2007-11-06,NA,NA,0,0
"1936",2007-11-07,NA,NA,0,0
"1937",2007-11-08,NA,NA,0,0
"1938",2007-11-09,NA,NA,0,0
"1939",2007-11-12,NA,NA,0,0
"1940",2007-11-13,NA,NA,0,0
"1941",2007-11-14,NA,NA,0,0
"1942",2007-11-15,NA,NA,0,0
"1943",2007-11-16,NA,NA,0,0
"1944",2007-11-19,NA,NA,0,0
"1945",2007-11-20,NA,NA,0,0
"1946",2007-11-21,NA,NA,0,0
"1947",2007-11-22,NA,NA,0,0
"1948",2007-11-23,NA,NA,0,0
"1949",2007-11-26,NA,NA,0,0
"1950",2007-11-27,NA,NA,0,0
"1951",2007-11-28,NA,NA,0,0
"1952",2007-11-29,NA,NA,0,0
"1953",2007-11-30,NA,NA,0,0
"1954",2007-12-03,NA,NA,0,0
"1955",2007-12-04,NA,NA,0,0
"1956",2007-12-05,NA,NA,0,0
"1957",2007-12-06,NA,NA,0,0
"1958",2007-12-07,NA,NA,0,0
"1959",2007-12-10,NA,NA,0,0
"1960",2007-12-11,NA,NA,0,0
"1961",2007-12-12,NA,NA,0,0
"1962",2007-12-13,NA,NA,0,0
"1963",2007-12-14,NA,NA,0,0
"1964",2007-12-17,NA,NA,0,0
"1965",2007-12-18,NA,NA,0,0
"1966",2007-12-20,NA,NA,0,0
"1967",2007-12-21,NA,NA,0,0
"1968",2007-12-24,NA,NA,0,0
"1969",2007-12-26,NA,NA,0,0
"1970",2007-12-27,NA,NA,0,0
"1971",2007-12-28,NA,NA,0,0
"1972",2008-01-02,NA,NA,0,0
"1973",2008-01-03,NA,NA,0,0
"1974",2008-01-04,NA,NA,0,0
"1975",2008-01-07,NA,NA,0,0
"1976",2008-01-08,NA,NA,0,0
"1977",2008-01-09,NA,NA,0,0
"1978",2008-01-10,NA,NA,0,0
"1979",2008-01-11,NA,NA,0,0
"1980",2008-01-14,NA,NA,0,0
"1981",2008-01-15,NA,NA,0,0
"1982",2008-01-16,NA,NA,0,0
"1983",2008-01-17,NA,NA,0,0
"1984",2008-01-18,NA,NA,0,0
"1985",2008-01-21,NA,NA,0,0
"1986",2008-01-22,NA,NA,0,0
"1987",2008-01-23,NA,NA,0,0
"1988",2008-01-24,NA,NA,0,0
"1989",2008-01-25,NA,NA,0,0
"1990",2008-01-28,NA,NA,0,0
"1991",2008-01-29,NA,NA,0,0
"1992",2008-01-30,NA,NA,0,0
"1993",2008-01-31,NA,NA,0,0
"1994",2008-02-01,NA,NA,0,0
"1995",2008-02-04,NA,NA,0,0
"1996",2008-02-05,NA,NA,0,0
"1997",2008-02-11,NA,NA,0,0
"1998",2008-02-12,NA,NA,0,0
"1999",2008-02-13,NA,NA,0,0
"2000",2008-02-14,NA,NA,0,0
"2001",2008-02-15,NA,NA,0,0
"2002",2008-02-18,NA,NA,0,0
"2003",2008-02-19,NA,NA,0,0
"2004",2008-02-20,NA,NA,0,0
"2005",2008-02-21,NA,NA,0,0
"2006",2008-02-22,NA,NA,0,0
"2007",2008-02-25,NA,NA,0,0
"2008",2008-02-26,NA,NA,0,0
"2009",2008-02-27,NA,NA,0,0
"2010",2008-02-28,NA,NA,0,0
"2011",2008-02-29,NA,NA,0,0
"2012",2008-03-03,NA,NA,0,0
"2013",2008-03-04,NA,NA,0,0
"2014",2008-03-05,NA,NA,0,0
"2015",2008-03-06,NA,NA,0,0
"2016",2008-03-07,NA,NA,0,0
"2017",2008-03-10,NA,NA,0,0
"2018",2008-03-11,NA,NA,0,0
"2019",2008-03-12,NA,NA,0,0
"2020",2008-03-13,NA,NA,0,0
"2021",2008-03-14,NA,NA,0,0
"2022",2008-03-17,NA,NA,0,0
"2023",2008-03-18,NA,NA,0,0
"2024",2008-03-19,NA,NA,0,0
"2025",2008-03-20,NA,NA,0,0
"2026",2008-03-21,NA,NA,0,0
"2027",2008-03-24,NA,NA,0,0
"2028",2008-03-25,NA,NA,0,0
"2029",2008-03-26,NA,NA,0,0
"2030",2008-03-27,NA,NA,0,0
"2031",2008-03-28,NA,NA,0,0
"2032",2008-03-31,NA,NA,0,0
"2033",2008-04-01,NA,NA,0,0
"2034",2008-04-02,NA,NA,0,0
"2035",2008-04-03,NA,NA,0,0
"2036",2008-04-04,NA,NA,0,0
"2037",2008-04-07,NA,NA,0,0
"2038",2008-04-08,NA,NA,0,0
"2039",2008-04-10,NA,NA,0,0
"2040",2008-04-11,NA,NA,0,0
"2041",2008-04-14,NA,NA,0,0
"2042",2008-04-15,NA,NA,0,0
"2043",2008-04-16,NA,NA,0,0
"2044",2008-04-17,NA,NA,0,0
"2045",2008-04-18,NA,NA,0,0
"2046",2008-04-21,NA,NA,0,0
"2047",2008-04-22,NA,NA,0,0
"2048",2008-04-23,NA,NA,0,0
"2049",2008-04-24,NA,NA,0,0
"2050",2008-04-25,NA,NA,0,0
"2051",2008-04-28,NA,NA,0,0
"2052",2008-04-29,NA,NA,0,0
"2053",2008-04-30,NA,NA,0,0
"2054",2008-05-02,NA,NA,0,0
"2055",2008-05-06,NA,NA,0,0
"2056",2008-05-07,NA,NA,0,0
"2057",2008-05-08,NA,NA,0,0
"2058",2008-05-09,NA,NA,0,0
"2059",2008-05-13,NA,NA,0,0
"2060",2008-05-14,NA,NA,0,0
"2061",2008-05-15,NA,NA,0,0
"2062",2008-05-16,NA,NA,0,0
"2063",2008-05-19,NA,NA,0,0
"2064",2008-05-20,NA,NA,0,0
"2065",2008-05-21,NA,NA,0,0
"2066",2008-05-22,NA,NA,0,0
"2067",2008-05-23,NA,NA,0,0
"2068",2008-05-26,NA,NA,0,0
"2069",2008-05-27,NA,NA,0,0
"2070",2008-05-28,NA,NA,0,0
"2071",2008-05-29,NA,NA,0,0
"2072",2008-05-30,NA,NA,0,0
"2073",2008-06-02,NA,NA,0,0
"2074",2008-06-03,NA,NA,0,0
"2075",2008-06-04,NA,NA,0,0
"2076",2008-06-05,NA,NA,0,0
"2077",2008-06-09,NA,NA,0,0
"2078",2008-06-10,NA,NA,0,0
"2079",2008-06-11,NA,NA,0,0
"2080",2008-06-12,NA,NA,0,0
"2081",2008-06-13,NA,NA,0,0
"2082",2008-06-16,NA,NA,0,0
"2083",2008-06-17,NA,NA,0,0
"2084",2008-06-18,NA,NA,0,0
"2085",2008-06-19,NA,NA,0,0
"2086",2008-06-20,NA,NA,0,0
"2087",2008-06-23,NA,NA,0,0
"2088",2008-06-24,NA,NA,0,0
"2089",2008-06-25,NA,NA,0,0
"2090",2008-06-26,NA,NA,0,0
"2091",2008-06-27,NA,NA,0,0
"2092",2008-06-30,NA,NA,0,0
"2093",2008-07-01,NA,NA,0,0
"2094",2008-07-02,NA,NA,0,0
"2095",2008-07-03,NA,NA,0,0
"2096",2008-07-04,NA,NA,0,0
"2097",2008-07-07,NA,NA,0,0
"2098",2008-07-08,NA,NA,0,0
"2099",2008-07-09,NA,NA,0,0
"2100",2008-07-10,NA,NA,0,0
"2101",2008-07-11,NA,NA,0,0
"2102",2008-07-14,NA,NA,0,0
"2103",2008-07-15,NA,NA,0,0
"2104",2008-07-16,NA,NA,0,0
"2105",2008-07-17,NA,NA,0,0
"2106",2008-07-18,NA,NA,0,0
"2107",2008-07-21,NA,NA,0,0
"2108",2008-07-22,NA,NA,0,0
"2109",2008-07-23,NA,NA,0,0
"2110",2008-07-24,NA,NA,0,0
"2111",2008-07-25,NA,NA,0,0
"2112",2008-07-28,NA,NA,0,0
"2113",2008-07-29,NA,NA,0,0
"2114",2008-07-30,NA,NA,0,0
"2115",2008-07-31,NA,NA,0,0
"2116",2008-08-01,NA,NA,0,0
"2117",2008-08-04,NA,NA,0,0
"2118",2008-08-05,NA,NA,0,0
"2119",2008-08-06,NA,NA,0,0
"2120",2008-08-07,NA,NA,0,0
"2121",2008-08-08,NA,NA,0,0
"2122",2008-08-11,NA,NA,0,0
"2123",2008-08-12,NA,NA,0,0
"2124",2008-08-13,NA,NA,0,0
"2125",2008-08-14,NA,NA,0,0
"2126",2008-08-18,NA,NA,0,0
"2127",2008-08-19,NA,NA,0,0
"2128",2008-08-20,NA,NA,0,0
"2129",2008-08-21,NA,NA,0,0
"2130",2008-08-22,NA,NA,0,0
"2131",2008-08-25,NA,NA,0,0
"2132",2008-08-26,NA,NA,0,0
"2133",2008-08-27,NA,NA,0,0
"2134",2008-08-28,NA,NA,0,0
"2135",2008-08-29,NA,NA,0,0
"2136",2008-09-01,NA,NA,0,0
"2137",2008-09-02,NA,NA,0,0
"2138",2008-09-03,NA,NA,0,0
"2139",2008-09-04,NA,NA,0,0
"2140",2008-09-05,NA,NA,0,0
"2141",2008-09-08,NA,NA,0,0
"2142",2008-09-09,NA,NA,0,0
"2143",2008-09-10,NA,NA,0,0
"2144",2008-09-11,NA,NA,0,0
"2145",2008-09-12,NA,NA,0,0
"2146",2008-09-16,NA,NA,0,0
"2147",2008-09-17,NA,NA,0,0
"2148",2008-09-18,NA,NA,0,0
"2149",2008-09-19,NA,NA,0,0
"2150",2008-09-22,NA,NA,0,0
"2151",2008-09-23,NA,NA,0,0
"2152",2008-09-24,NA,NA,0,0
"2153",2008-09-25,NA,NA,0,0
"2154",2008-09-26,NA,NA,0,0
"2155",2008-09-29,NA,NA,0,0
"2156",2008-09-30,NA,NA,0,0
"2157",2008-10-01,NA,NA,0,0
"2158",2008-10-02,NA,NA,0,0
"2159",2008-10-06,NA,NA,0,0
"2160",2008-10-07,NA,NA,0,0
"2161",2008-10-08,NA,NA,0,0
"2162",2008-10-09,NA,NA,0,0
"2163",2008-10-10,NA,NA,0,0
"2164",2008-10-13,NA,NA,0,0
"2165",2008-10-14,NA,NA,0,0
"2166",2008-10-15,NA,NA,0,0
"2167",2008-10-16,NA,NA,0,0
"2168",2008-10-17,NA,NA,0,0
"2169",2008-10-20,NA,NA,0,0
"2170",2008-10-21,NA,NA,0,0
"2171",2008-10-22,NA,NA,0,0
"2172",2008-10-23,NA,NA,0,0
"2173",2008-10-24,NA,NA,0,0
"2174",2008-10-27,NA,NA,0,0
"2175",2008-10-28,NA,NA,0,0
"2176",2008-10-29,NA,NA,0,0
"2177",2008-10-30,NA,NA,0,0
"2178",2008-10-31,NA,NA,0,0
"2179",2008-11-03,NA,NA,0,0
"2180",2008-11-04,NA,NA,0,0
"2181",2008-11-05,NA,NA,0,0
"2182",2008-11-06,NA,NA,0,0
"2183",2008-11-07,NA,NA,0,0
"2184",2008-11-10,NA,NA,0,0
"2185",2008-11-11,NA,NA,0,0
"2186",2008-11-12,NA,NA,0,0
"2187",2008-11-13,NA,NA,0,0
"2188",2008-11-14,NA,NA,0,0
"2189",2008-11-17,NA,NA,0,0
"2190",2008-11-18,NA,NA,0,0
"2191",2008-11-19,NA,NA,0,0
"2192",2008-11-20,NA,NA,0,0
"2193",2008-11-21,NA,NA,0,0
"2194",2008-11-24,NA,NA,0,0
"2195",2008-11-25,NA,NA,0,0
"2196",2008-11-26,NA,NA,0,0
"2197",2008-11-27,NA,NA,0,0
"2198",2008-11-28,NA,NA,0,0
"2199",2008-12-01,NA,NA,0,0
"2200",2008-12-02,NA,NA,0,0
"2201",2008-12-03,NA,NA,0,0
"2202",2008-12-04,NA,NA,0,0
"2203",2008-12-05,NA,NA,0,0
"2204",2008-12-08,NA,NA,0,0
"2205",2008-12-09,NA,NA,0,0
"2206",2008-12-10,NA,NA,0,0
"2207",2008-12-11,NA,NA,0,0
"2208",2008-12-12,NA,NA,0,0
"2209",2008-12-15,NA,NA,0,0
"2210",2008-12-16,NA,NA,0,0
"2211",2008-12-17,NA,NA,0,0
"2212",2008-12-18,NA,NA,0,0
"2213",2008-12-19,NA,NA,0,0
"2214",2008-12-22,NA,NA,0,0
"2215",2008-12-23,NA,NA,0,0
"2216",2008-12-24,NA,NA,0,0
"2217",2008-12-26,NA,NA,0,0
"2218",2008-12-29,NA,NA,0,0
"2219",2008-12-30,NA,NA,0,0
"2220",2009-01-02,NA,NA,0,0
"2221",2009-01-05,NA,NA,0,0
"2222",2009-01-06,NA,NA,0,0
"2223",2009-01-07,NA,NA,0,0
"2224",2009-01-08,NA,NA,0,0
"2225",2009-01-09,NA,NA,0,0
"2226",2009-01-12,NA,NA,0,0
"2227",2009-01-13,NA,NA,0,0
"2228",2009-01-14,NA,NA,0,0
"2229",2009-01-15,NA,NA,0,0
"2230",2009-01-16,NA,NA,0,0
"2231",2009-01-19,NA,NA,0,0
"2232",2009-01-20,NA,NA,0,0
"2233",2009-01-21,NA,NA,0,0
"2234",2009-01-22,NA,NA,0,0
"2235",2009-01-23,NA,NA,0,0
"2236",2009-01-28,NA,NA,0,0
"2237",2009-01-29,NA,NA,0,0
"2238",2009-01-30,NA,NA,0,0
"2239",2009-02-02,NA,NA,0,0
"2240",2009-02-03,NA,NA,0,0
"2241",2009-02-04,NA,NA,0,0
"2242",2009-02-05,NA,NA,0,0
"2243",2009-02-06,NA,NA,0,0
"2244",2009-02-09,NA,NA,0,0
"2245",2009-02-10,NA,NA,0,0
"2246",2009-02-11,NA,NA,0,0
"2247",2009-02-12,NA,NA,0,0
"2248",2009-02-13,NA,NA,0,0
"2249",2009-02-16,NA,NA,0,0
"2250",2009-02-17,NA,NA,0,0
"2251",2009-02-18,NA,NA,0,0
"2252",2009-02-19,NA,NA,0,0
"2253",2009-02-20,NA,NA,0,0
"2254",2009-02-23,NA,NA,0,0
"2255",2009-02-24,NA,NA,0,0
"2256",2009-02-25,NA,NA,0,0
"2257",2009-02-26,NA,NA,0,0
"2258",2009-02-27,NA,NA,0,0
"2259",2009-03-02,NA,NA,0,0
"2260",2009-03-03,NA,NA,0,0
"2261",2009-03-04,NA,NA,0,0
"2262",2009-03-05,NA,NA,0,0
"2263",2009-03-06,NA,NA,0,0
"2264",2009-03-09,NA,NA,0,0
"2265",2009-03-10,NA,NA,0,0
"2266",2009-03-11,NA,NA,0,0
"2267",2009-03-12,NA,NA,0,0
"2268",2009-03-13,NA,NA,0,0
"2269",2009-03-16,NA,NA,0,0
"2270",2009-03-17,NA,NA,0,0
"2271",2009-03-18,NA,NA,0,0
"2272",2009-03-19,NA,NA,0,0
"2273",2009-03-20,NA,NA,0,0
"2274",2009-03-23,NA,NA,0,0
"2275",2009-03-24,NA,NA,0,0
"2276",2009-03-25,NA,NA,0,0
"2277",2009-03-26,NA,NA,0,0
"2278",2009-03-27,NA,NA,0,0
"2279",2009-03-30,NA,NA,0,0
"2280",2009-03-31,NA,NA,0,0
"2281",2009-04-01,NA,NA,0,0
"2282",2009-04-02,NA,NA,0,0
"2283",2009-04-03,NA,NA,0,0
"2284",2009-04-06,NA,NA,0,0
"2285",2009-04-07,NA,NA,0,0
"2286",2009-04-08,NA,NA,0,0
"2287",2009-04-09,NA,NA,0,0
"2288",2009-04-10,NA,NA,0,0
"2289",2009-04-13,NA,NA,0,0
"2290",2009-04-14,NA,NA,0,0
"2291",2009-04-15,NA,NA,0,0
"2292",2009-04-16,NA,NA,0,0
"2293",2009-04-17,NA,NA,0,0
"2294",2009-04-20,NA,NA,0,0
"2295",2009-04-21,NA,NA,0,0
"2296",2009-04-22,NA,NA,0,0
"2297",2009-04-23,NA,NA,0,0
"2298",2009-04-24,NA,NA,0,0
"2299",2009-04-27,NA,NA,0,0
"2300",2009-04-28,NA,NA,0,0
"2301",2009-04-29,NA,NA,0,0
"2302",2009-04-30,NA,NA,0,0
"2303",2009-05-04,NA,NA,0,0
"2304",2009-05-06,NA,NA,0,0
"2305",2009-05-07,NA,NA,0,0
"2306",2009-05-08,NA,NA,0,0
"2307",2009-05-11,NA,NA,0,0
"2308",2009-05-12,NA,NA,0,0
"2309",2009-05-13,NA,NA,0,0
"2310",2009-05-14,NA,NA,0,0
"2311",2009-05-15,NA,NA,0,0
"2312",2009-05-18,NA,NA,0,0
"2313",2009-05-19,NA,NA,0,0
"2314",2009-05-20,NA,NA,0,0
"2315",2009-05-21,NA,NA,0,0
"2316",2009-05-22,NA,NA,0,0
"2317",2009-05-25,NA,NA,0,0
"2318",2009-05-26,NA,NA,0,0
"2319",2009-05-27,NA,NA,0,0
"2320",2009-05-28,NA,NA,0,0
"2321",2009-05-29,NA,NA,0,0
"2322",2009-06-01,NA,NA,0,0
"2323",2009-06-02,NA,NA,0,0
"2324",2009-06-03,NA,NA,0,0
"2325",2009-06-04,NA,NA,0,0
"2326",2009-06-05,NA,NA,0,0
"2327",2009-06-08,NA,NA,0,0
"2328",2009-06-09,NA,NA,0,0
"2329",2009-06-10,NA,NA,0,0
"2330",2009-06-11,NA,NA,0,0
"2331",2009-06-12,NA,NA,0,0
"2332",2009-06-15,NA,NA,0,0
"2333",2009-06-16,NA,NA,0,0
"2334",2009-06-17,NA,NA,0,0
"2335",2009-06-18,NA,NA,0,0
"2336",2009-06-19,NA,NA,0,0
"2337",2009-06-22,NA,NA,0,0
"2338",2009-06-23,NA,NA,0,0
"2339",2009-06-24,NA,NA,0,0
"2340",2009-06-25,NA,NA,0,0
"2341",2009-06-26,NA,NA,0,0
"2342",2009-06-29,NA,NA,0,0
"2343",2009-06-30,NA,NA,0,0
"2344",2009-07-01,NA,NA,0,0
"2345",2009-07-02,NA,NA,0,0
"2346",2009-07-03,NA,NA,0,0
"2347",2009-07-06,NA,NA,0,0
"2348",2009-07-07,NA,NA,0,0
"2349",2009-07-08,NA,NA,0,0
"2350",2009-07-09,NA,NA,0,0
"2351",2009-07-10,NA,NA,0,0
"2352",2009-07-13,NA,NA,0,0
"2353",2009-07-14,NA,NA,0,0
"2354",2009-07-15,NA,NA,0,0
"2355",2009-07-16,NA,NA,0,0
"2356",2009-07-17,NA,NA,0,0
"2357",2009-07-20,NA,NA,0,0
"2358",2009-07-21,NA,NA,0,0
"2359",2009-07-22,NA,NA,0,0
"2360",2009-07-23,NA,NA,0,0
"2361",2009-07-24,NA,NA,0,0
"2362",2009-07-27,NA,NA,0,0
"2363",2009-07-28,NA,NA,0,0
"2364",2009-07-29,NA,NA,0,0
"2365",2009-07-30,NA,NA,0,0
"2366",2009-07-31,NA,NA,0,0
"2367",2009-08-03,NA,NA,0,0
"2368",2009-08-04,NA,NA,0,0
"2369",2009-08-05,NA,NA,0,0
"2370",2009-08-06,NA,NA,0,0
"2371",2009-08-07,NA,NA,0,0
"2372",2009-08-10,NA,NA,0,0
"2373",2009-08-11,NA,NA,0,0
"2374",2009-08-12,NA,NA,0,0
"2375",2009-08-13,NA,NA,0,0
"2376",2009-08-14,NA,NA,0,0
"2377",2009-08-17,NA,NA,0,0
"2378",2009-08-18,NA,NA,0,0
"2379",2009-08-19,NA,NA,0,0
"2380",2009-08-20,NA,NA,0,0
"2381",2009-08-21,NA,NA,0,0
"2382",2009-08-24,NA,NA,0,0
"2383",2009-08-25,NA,NA,0,0
"2384",2009-08-26,NA,NA,0,0
"2385",2009-08-27,NA,NA,0,0
"2386",2009-08-28,NA,NA,0,0
"2387",2009-08-31,NA,NA,0,0
"2388",2009-09-01,NA,NA,0,0
"2389",2009-09-02,NA,NA,0,0
"2390",2009-09-03,NA,NA,0,0
"2391",2009-09-04,NA,NA,0,0
"2392",2009-09-07,NA,NA,0,0
"2393",2009-09-08,NA,NA,0,0
"2394",2009-09-09,NA,NA,0,0
"2395",2009-09-10,NA,NA,0,0
"2396",2009-09-11,NA,NA,0,0
"2397",2009-09-14,NA,NA,0,0
"2398",2009-09-15,NA,NA,0,0
"2399",2009-09-16,NA,NA,0,0
"2400",2009-09-17,NA,NA,0,0
"2401",2009-09-18,NA,NA,0,0
"2402",2009-09-21,NA,NA,0,0
"2403",2009-09-22,NA,NA,0,0
"2404",2009-09-23,NA,NA,0,0
"2405",2009-09-24,NA,NA,0,0
"2406",2009-09-25,NA,NA,0,0
"2407",2009-09-28,NA,NA,0,0
"2408",2009-09-29,NA,NA,0,0
"2409",2009-09-30,NA,NA,0,0
"2410",2009-10-01,NA,NA,0,0
"2411",2009-10-05,NA,NA,0,0
"2412",2009-10-06,NA,NA,0,0
"2413",2009-10-07,NA,NA,0,0
"2414",2009-10-08,NA,NA,0,0
"2415",2009-10-09,NA,NA,0,0
"2416",2009-10-12,NA,NA,0,0
"2417",2009-10-13,NA,NA,0,0
"2418",2009-10-14,NA,NA,0,0
"2419",2009-10-15,NA,NA,0,0
"2420",2009-10-16,NA,NA,0,0
"2421",2009-10-19,NA,NA,0,0
"2422",2009-10-20,NA,NA,0,0
"2423",2009-10-21,NA,NA,0,0
"2424",2009-10-22,NA,NA,0,0
"2425",2009-10-23,NA,NA,0,0
"2426",2009-10-26,NA,NA,0,0
"2427",2009-10-27,NA,NA,0,0
"2428",2009-10-28,NA,NA,0,0
"2429",2009-10-29,NA,NA,0,0
"2430",2009-10-30,NA,NA,0,0
"2431",2009-11-02,NA,NA,0,0
"2432",2009-11-03,NA,NA,0,0
"2433",2009-11-04,NA,NA,0,0
"2434",2009-11-05,NA,NA,0,0
"2435",2009-11-06,NA,NA,0,0
"2436",2009-11-09,NA,NA,0,0
"2437",2009-11-10,NA,NA,0,0
"2438",2009-11-11,NA,NA,0,0
"2439",2009-11-12,NA,NA,0,0
"2440",2009-11-13,NA,NA,0,0
"2441",2009-11-16,NA,NA,0,0
"2442",2009-11-17,NA,NA,0,0
"2443",2009-11-18,NA,NA,0,0
"2444",2009-11-19,NA,NA,0,0
"2445",2009-11-20,NA,NA,0,0
"2446",2009-11-23,NA,NA,0,0
"2447",2009-11-24,NA,NA,0,0
"2448",2009-11-25,NA,NA,0,0
"2449",2009-11-26,NA,NA,0,0
"2450",2009-11-27,NA,NA,0,0
"2451",2009-11-30,NA,NA,0,0
"2452",2009-12-01,NA,NA,0,0
"2453",2009-12-02,NA,NA,0,0
"2454",2009-12-03,NA,NA,0,0
"2455",2009-12-04,NA,NA,0,0
"2456",2009-12-07,NA,NA,0,0
"2457",2009-12-08,NA,NA,0,0
"2458",2009-12-09,NA,NA,0,0
"2459",2009-12-10,NA,NA,0,0
"2460",2009-12-11,NA,NA,0,0
"2461",2009-12-14,NA,NA,0,0
"2462",2009-12-15,NA,NA,0,0
"2463",2009-12-16,NA,NA,0,0
"2464",2009-12-17,NA,NA,0,0
"2465",2009-12-18,NA,NA,0,0
"2466",2009-12-21,NA,NA,0,0
"2467",2009-12-22,NA,NA,0,0
"2468",2009-12-23,NA,NA,0,0
"2469",2009-12-24,NA,NA,0,0
"2470",2009-12-28,NA,NA,0,0
"2471",2009-12-29,NA,NA,0,0
"2472",2009-12-30,NA,NA,0,0
"2473",2010-01-04,NA,NA,0,0
"2474",2010-01-05,NA,NA,0,0
"2475",2010-01-06,NA,NA,0,0
"2476",2010-01-07,NA,NA,0,0
"2477",2010-01-08,NA,NA,0,0
"2478",2010-01-11,NA,NA,0,0
"2479",2010-01-12,NA,NA,0,0
"2480",2010-01-13,NA,NA,0,0
"2481",2010-01-14,NA,NA,0,0
"2482",2010-01-15,NA,NA,0,0
"2483",2010-01-18,NA,NA,0,0
"2484",2010-01-19,NA,NA,0,0
"2485",2010-01-20,NA,NA,0,0
"2486",2010-01-21,NA,NA,0,0
"2487",2010-01-22,NA,NA,0,0
"2488",2010-01-25,NA,NA,0,0
"2489",2010-01-26,NA,NA,0,0
"2490",2010-01-27,NA,NA,0,0
"2491",2010-01-28,NA,NA,0,0
"2492",2010-01-29,NA,NA,0,0
"2493",2010-02-01,NA,NA,0,0
"2494",2010-02-02,NA,NA,0,0
"2495",2010-02-03,NA,NA,0,0
"2496",2010-02-04,NA,NA,0,0
"2497",2010-02-05,NA,NA,0,0
"2498",2010-02-08,NA,NA,0,0
"2499",2010-02-09,NA,NA,0,0
"2500",2010-02-10,NA,NA,0,0
"2501",2010-02-11,NA,NA,0,0
"2502",2010-02-12,NA,NA,0,0
"2503",2010-02-16,NA,NA,0,0
"2504",2010-02-17,NA,NA,0,0
"2505",2010-02-18,NA,NA,0,0
"2506",2010-02-19,NA,NA,0,0
"2507",2010-02-22,NA,NA,0,0
"2508",2010-02-23,NA,NA,0,0
"2509",2010-02-24,NA,NA,0,0
"2510",2010-02-25,NA,NA,0,0
"2511",2010-02-26,NA,NA,0,0
"2512",2010-03-02,NA,NA,0,0
"2513",2010-03-03,NA,NA,0,0
"2514",2010-03-04,NA,NA,0,0
"2515",2010-03-05,NA,NA,0,0
"2516",2010-03-08,NA,NA,0,0
"2517",2010-03-09,NA,NA,0,0
"2518",2010-03-10,NA,NA,0,0
"2519",2010-03-11,NA,NA,0,0
"2520",2010-03-12,NA,NA,0,0
"2521",2010-03-15,NA,NA,0,0
"2522",2010-03-16,NA,NA,0,0
"2523",2010-03-17,NA,NA,0,0
"2524",2010-03-18,NA,NA,0,0
"2525",2010-03-19,NA,NA,0,0
"2526",2010-03-22,NA,NA,0,0
"2527",2010-03-23,NA,NA,0,0
"2528",2010-03-24,NA,NA,0,0
"2529",2010-03-25,NA,NA,0,0
"2530",2010-03-26,NA,NA,0,0
"2531",2010-03-29,NA,NA,0,0
"2532",2010-03-30,NA,NA,0,0
"2533",2010-03-31,NA,NA,0,0
"2534",2010-04-01,NA,NA,0,0
"2535",2010-04-02,NA,NA,0,0
"2536",2010-04-05,NA,NA,0,0
"2537",2010-04-06,NA,NA,0,0
"2538",2010-04-07,NA,NA,0,0
"2539",2010-04-08,NA,NA,0,0
"2540",2010-04-09,NA,NA,0,0
"2541",2010-04-12,NA,NA,0,0
"2542",2010-04-13,NA,NA,0,0
"2543",2010-04-14,NA,NA,0,0
"2544",2010-04-15,NA,NA,0,0
"2545",2010-04-16,NA,NA,0,0
"2546",2010-04-19,NA,NA,0,0
"2547",2010-04-20,NA,NA,0,0
"2548",2010-04-21,NA,NA,0,0
"2549",2010-04-22,NA,NA,0,0
"2550",2010-04-23,NA,NA,0,0
"2551",2010-04-26,NA,NA,0,0
"2552",2010-04-27,NA,NA,0,0
"2553",2010-04-28,NA,NA,0,0
"2554",2010-04-29,NA,NA,0,0
"2555",2010-04-30,NA,NA,0,0
"2556",2010-05-03,NA,NA,0,0
"2557",2010-05-04,NA,NA,0,0
"2558",2010-05-06,NA,NA,0,0
"2559",2010-05-07,NA,NA,0,0
"2560",2010-05-10,NA,NA,0,0
"2561",2010-05-11,NA,NA,0,0
"2562",2010-05-12,NA,NA,0,0
"2563",2010-05-13,NA,NA,0,0
"2564",2010-05-14,NA,NA,0,0
"2565",2010-05-17,NA,NA,0,0
"2566",2010-05-18,NA,NA,0,0
"2567",2010-05-19,NA,NA,0,0
"2568",2010-05-20,NA,NA,0,0
"2569",2010-05-24,NA,NA,0,0
"2570",2010-05-25,NA,NA,0,0
"2571",2010-05-26,NA,NA,0,0
"2572",2010-05-27,NA,NA,0,0
"2573",2010-05-28,NA,NA,0,0
"2574",2010-05-31,NA,NA,0,0
"2575",2010-06-01,NA,NA,0,0
"2576",2010-06-03,NA,NA,0,0
"2577",2010-06-04,NA,NA,0,0
"2578",2010-06-07,NA,NA,0,0
"2579",2010-06-08,NA,NA,0,0
"2580",2010-06-09,NA,NA,0,0
"2581",2010-06-10,NA,NA,0,0
"2582",2010-06-11,NA,NA,0,0
"2583",2010-06-14,NA,NA,0,0
"2584",2010-06-15,NA,NA,0,0
"2585",2010-06-16,NA,NA,0,0
"2586",2010-06-17,NA,NA,0,0
"2587",2010-06-18,NA,NA,0,0
"2588",2010-06-21,NA,NA,0,0
"2589",2010-06-22,NA,NA,0,0
"2590",2010-06-23,NA,NA,0,0
"2591",2010-06-24,NA,NA,0,0
"2592",2010-06-25,NA,NA,0,0
"2593",2010-06-28,NA,NA,0,0
"2594",2010-06-29,NA,NA,0,0
"2595",2010-06-30,NA,NA,0,0
"2596",2010-07-01,NA,NA,0,0
"2597",2010-07-02,NA,NA,0,0
"2598",2010-07-05,NA,NA,0,0
"2599",2010-07-06,NA,NA,0,0
"2600",2010-07-07,NA,NA,0,0
"2601",2010-07-08,NA,NA,0,0
"2602",2010-07-09,NA,NA,0,0
"2603",2010-07-12,NA,NA,0,0
"2604",2010-07-13,NA,NA,0,0
"2605",2010-07-14,NA,NA,0,0
"2606",2010-07-15,NA,NA,0,0
"2607",2010-07-16,NA,NA,0,0
"2608",2010-07-19,NA,NA,0,0
"2609",2010-07-20,NA,NA,0,0
"2610",2010-07-21,NA,NA,0,0
"2611",2010-07-22,NA,NA,0,0
"2612",2010-07-23,NA,NA,0,0
"2613",2010-07-26,NA,NA,0,0
"2614",2010-07-27,NA,NA,0,0
"2615",2010-07-28,NA,NA,0,0
"2616",2010-07-29,NA,NA,0,0
"2617",2010-07-30,NA,NA,0,0
"2618",2010-08-02,NA,NA,0,0
"2619",2010-08-03,NA,NA,0,0
"2620",2010-08-04,NA,NA,0,0
"2621",2010-08-05,NA,NA,0,0
"2622",2010-08-06,NA,NA,0,0
"2623",2010-08-09,NA,NA,0,0
"2624",2010-08-10,NA,NA,0,0
"2625",2010-08-11,NA,NA,0,0
"2626",2010-08-12,NA,NA,0,0
"2627",2010-08-13,NA,NA,0,0
"2628",2010-08-16,NA,NA,0,0
"2629",2010-08-17,NA,NA,0,0
"2630",2010-08-18,NA,NA,0,0
"2631",2010-08-19,NA,NA,0,0
"2632",2010-08-20,NA,NA,0,0
"2633",2010-08-23,NA,NA,0,0
"2634",2010-08-24,NA,NA,0,0
"2635",2010-08-25,NA,NA,0,0
"2636",2010-08-26,NA,NA,0,0
"2637",2010-08-27,NA,NA,0,0
"2638",2010-08-30,NA,NA,0,0
"2639",2010-08-31,NA,NA,0,0
"2640",2010-09-01,NA,NA,0,0
"2641",2010-09-02,NA,NA,0,0
"2642",2010-09-03,NA,NA,0,0
"2643",2010-09-06,NA,NA,0,0
"2644",2010-09-07,NA,NA,0,0
"2645",2010-09-08,NA,NA,0,0
"2646",2010-09-09,NA,NA,0,0
"2647",2010-09-10,NA,NA,0,0
"2648",2010-09-13,NA,NA,0,0
"2649",2010-09-14,NA,NA,0,0
"2650",2010-09-15,NA,NA,0,0
"2651",2010-09-16,NA,NA,0,0
"2652",2010-09-17,NA,NA,0,0
"2653",2010-09-20,NA,NA,0,0
"2654",2010-09-24,NA,NA,0,0
"2655",2010-09-27,NA,NA,0,0
"2656",2010-09-28,NA,NA,0,0
"2657",2010-09-29,NA,NA,0,0
"2658",2010-09-30,NA,NA,0,0
"2659",2010-10-01,NA,NA,0,0
"2660",2010-10-04,NA,NA,0,0
"2661",2010-10-05,NA,NA,0,0
"2662",2010-10-06,NA,NA,0,0
"2663",2010-10-07,NA,NA,0,0
"2664",2010-10-08,NA,NA,0,0
"2665",2010-10-11,NA,NA,0,0
"2666",2010-10-12,NA,NA,0,0
"2667",2010-10-13,NA,NA,0,0
"2668",2010-10-14,NA,NA,0,0
"2669",2010-10-15,NA,NA,0,0
"2670",2010-10-18,NA,NA,0,0
"2671",2010-10-19,NA,NA,0,0
"2672",2010-10-20,NA,NA,0,0
"2673",2010-10-21,NA,NA,0,0
"2674",2010-10-22,NA,NA,0,0
"2675",2010-10-25,NA,NA,0,0
"2676",2010-10-26,NA,NA,0,0
"2677",2010-10-27,NA,NA,0,0
"2678",2010-10-28,NA,NA,0,0
"2679",2010-10-29,NA,NA,0,0
"2680",2010-11-01,NA,NA,0,0
"2681",2010-11-02,NA,NA,0,0
"2682",2010-11-03,NA,NA,0,0
"2683",2010-11-04,NA,NA,0,0
"2684",2010-11-05,NA,NA,0,0
"2685",2010-11-08,NA,NA,0,0
"2686",2010-11-09,NA,NA,0,0
"2687",2010-11-10,NA,NA,0,0
"2688",2010-11-11,NA,NA,0,0
"2689",2010-11-12,NA,NA,0,0
"2690",2010-11-15,NA,NA,0,0
"2691",2010-11-16,NA,NA,0,0
"2692",2010-11-17,NA,NA,0,0
"2693",2010-11-18,NA,NA,0,0
"2694",2010-11-19,NA,NA,0,0
"2695",2010-11-22,NA,NA,0,0
"2696",2010-11-23,NA,NA,0,0
"2697",2010-11-24,NA,NA,0,0
"2698",2010-11-25,NA,NA,0,0
"2699",2010-11-26,NA,NA,0,0
"2700",2010-11-29,NA,NA,0,0
"2701",2010-11-30,NA,NA,0,0
"2702",2010-12-01,NA,NA,0,0
"2703",2010-12-02,NA,NA,0,0
"2704",2010-12-03,NA,NA,0,0
"2705",2010-12-06,NA,NA,0,0
"2706",2010-12-07,NA,NA,0,0
"2707",2010-12-08,NA,NA,0,0
"2708",2010-12-09,NA,NA,0,0
"2709",2010-12-10,NA,NA,0,0
"2710",2010-12-13,NA,NA,0,0
"2711",2010-12-14,NA,NA,0,0
"2712",2010-12-15,NA,NA,0,0
"2713",2010-12-16,NA,NA,0,0
"2714",2010-12-17,NA,NA,0,0
"2715",2010-12-20,NA,NA,0,0
"2716",2010-12-21,NA,NA,0,0
"2717",2010-12-22,NA,NA,0,0
"2718",2010-12-23,NA,NA,0,0
"2719",2010-12-24,NA,NA,0,0
"2720",2010-12-27,NA,NA,0,0
"2721",2010-12-28,NA,NA,0,0
"2722",2010-12-29,NA,NA,0,0
"2723",2010-12-30,NA,NA,0,0
"2724",2011-01-03,NA,NA,0,0
"2725",2011-01-04,NA,NA,0,0
"2726",2011-01-05,NA,NA,0,0
"2727",2011-01-06,NA,NA,0,0
"2728",2011-01-07,NA,NA,0,0
"2729",2011-01-10,NA,NA,0,0
"2730",2011-01-11,NA,NA,0,0
"2731",2011-01-12,NA,NA,0,0
"2732",2011-01-13,NA,NA,0,0
"2733",2011-01-14,NA,NA,0,0
"2734",2011-01-17,NA,NA,0,0
"2735",2011-01-18,NA,NA,0,0
"2736",2011-01-19,NA,NA,0,0
"2737",2011-01-20,NA,NA,0,0
"2738",2011-01-21,NA,NA,0,0
"2739",2011-01-24,NA,NA,0,0
"2740",2011-01-25,NA,NA,0,0
"2741",2011-01-26,NA,NA,0,0
"2742",2011-01-27,NA,NA,0,0
"2743",2011-01-28,NA,NA,0,0
"2744",2011-01-31,NA,NA,0,0
"2745",2011-02-01,NA,NA,0,0
"2746",2011-02-07,NA,NA,0,0
"2747",2011-02-08,NA,NA,0,0
"2748",2011-02-09,NA,NA,0,0
"2749",2011-02-10,NA,NA,0,0
"2750",2011-02-11,NA,NA,0,0
"2751",2011-02-14,NA,NA,0,0
"2752",2011-02-15,NA,NA,0,0
"2753",2011-02-16,NA,NA,0,0
"2754",2011-02-17,NA,NA,0,0
"2755",2011-02-18,NA,NA,0,0
"2756",2011-02-21,NA,NA,0,0
"2757",2011-02-22,NA,NA,0,0
"2758",2011-02-23,NA,NA,0,0
"2759",2011-02-24,NA,NA,0,0
"2760",2011-02-25,NA,NA,0,0
"2761",2011-02-28,NA,NA,0,0
"2762",2011-03-02,NA,NA,0,0
"2763",2011-03-03,NA,NA,0,0
"2764",2011-03-04,NA,NA,0,0
"2765",2011-03-07,NA,NA,0,0
"2766",2011-03-08,NA,NA,0,0
"2767",2011-03-09,NA,NA,0,0
"2768",2011-03-10,NA,NA,0,0
"2769",2011-03-11,NA,NA,0,0
"2770",2011-03-14,NA,NA,0,0
"2771",2011-03-15,NA,NA,0,0
"2772",2011-03-16,NA,NA,0,0
"2773",2011-03-17,NA,NA,0,0
"2774",2011-03-18,NA,NA,0,0
"2775",2011-03-21,NA,NA,0,0
"2776",2011-03-22,NA,NA,0,0
"2777",2011-03-23,NA,NA,0,0
"2778",2011-03-24,NA,NA,0,0
"2779",2011-03-25,NA,NA,0,0
"2780",2011-03-28,NA,NA,0,0
"2781",2011-03-29,NA,NA,0,0
"2782",2011-03-30,NA,NA,0,0
"2783",2011-03-31,NA,NA,0,0
"2784",2011-04-01,NA,NA,0,0
"2785",2011-04-04,NA,NA,0,0
"2786",2011-04-05,NA,NA,0,0
"2787",2011-04-06,NA,NA,0,0
"2788",2011-04-07,NA,NA,0,0
"2789",2011-04-08,NA,NA,0,0
"2790",2011-04-11,NA,NA,0,0
"2791",2011-04-12,NA,NA,0,0
"2792",2011-04-13,NA,NA,0,0
"2793",2011-04-14,NA,NA,0,0
"2794",2011-04-15,NA,NA,0,0
"2795",2011-04-18,NA,NA,0,0
"2796",2011-04-19,NA,NA,0,0
"2797",2011-04-20,NA,NA,0,0
"2798",2011-04-21,NA,NA,0,0
"2799",2011-04-22,NA,NA,0,0
"2800",2011-04-25,NA,NA,0,0
"2801",2011-04-26,NA,NA,0,0
"2802",2011-04-27,NA,NA,0,0
"2803",2011-04-28,NA,NA,0,0
"2804",2011-04-29,NA,NA,0,0
"2805",2011-05-02,NA,NA,0,0
"2806",2011-05-03,NA,NA,0,0
"2807",2011-05-04,NA,NA,0,0
"2808",2011-05-06,NA,NA,0,0
"2809",2011-05-09,NA,NA,0,0
"2810",2011-05-11,NA,NA,0,0
"2811",2011-05-12,NA,NA,0,0
"2812",2011-05-13,NA,NA,0,0
"2813",2011-05-16,NA,NA,0,0
"2814",2011-05-17,NA,NA,0,0
"2815",2011-05-18,NA,NA,0,0
"2816",2011-05-19,NA,NA,0,0
"2817",2011-05-20,NA,NA,0,0
"2818",2011-05-23,NA,NA,0,0
"2819",2011-05-24,NA,NA,0,0
"2820",2011-05-25,NA,NA,0,0
"2821",2011-05-26,NA,NA,0,0
"2822",2011-05-27,NA,NA,0,0
"2823",2011-05-30,NA,NA,0,0
"2824",2011-05-31,NA,NA,0,0
"2825",2011-06-01,NA,NA,0,0
"2826",2011-06-02,NA,NA,0,0
"2827",2011-06-03,NA,NA,0,0
"2828",2011-06-07,NA,NA,0,0
"2829",2011-06-08,NA,NA,0,0
"2830",2011-06-09,NA,NA,0,0
"2831",2011-06-10,NA,NA,0,0
"2832",2011-06-13,NA,NA,0,0
"2833",2011-06-14,NA,NA,0,0
"2834",2011-06-15,NA,NA,0,0
"2835",2011-06-16,NA,NA,0,0
"2836",2011-06-17,NA,NA,0,0
"2837",2011-06-20,NA,NA,0,0
"2838",2011-06-21,NA,NA,0,0
"2839",2011-06-22,NA,NA,0,0
"2840",2011-06-23,NA,NA,0,0
"2841",2011-06-24,NA,NA,0,0
"2842",2011-06-27,NA,NA,0,0
"2843",2011-06-28,NA,NA,0,0
"2844",2011-06-29,NA,NA,0,0
"2845",2011-06-30,NA,NA,0,0
"2846",2011-07-01,NA,NA,0,0
"2847",2011-07-04,NA,NA,0,0
"2848",2011-07-05,NA,NA,0,0
"2849",2011-07-06,NA,NA,0,0
"2850",2011-07-07,NA,NA,0,0
"2851",2011-07-08,NA,NA,0,0
"2852",2011-07-11,NA,NA,0,0
"2853",2011-07-12,NA,NA,0,0
"2854",2011-07-13,NA,NA,0,0
"2855",2011-07-14,NA,NA,0,0
"2856",2011-07-15,NA,NA,0,0
"2857",2011-07-18,NA,NA,0,0
"2858",2011-07-19,NA,NA,0,0
"2859",2011-07-20,NA,NA,0,0
"2860",2011-07-21,NA,NA,0,0
"2861",2011-07-22,NA,NA,0,0
"2862",2011-07-25,NA,NA,0,0
"2863",2011-07-26,NA,NA,0,0
"2864",2011-07-27,NA,NA,0,0
"2865",2011-07-28,NA,NA,0,0
"2866",2011-07-29,NA,NA,0,0
"2867",2011-08-01,NA,NA,0,0
"2868",2011-08-02,NA,NA,0,0
"2869",2011-08-03,NA,NA,0,0
"2870",2011-08-04,NA,NA,0,0
"2871",2011-08-05,NA,NA,0,0
"2872",2011-08-08,NA,NA,0,0
"2873",2011-08-09,NA,NA,0,0
"2874",2011-08-10,NA,NA,0,0
"2875",2011-08-11,NA,NA,0,0
"2876",2011-08-12,NA,NA,0,0
"2877",2011-08-16,NA,NA,0,0
"2878",2011-08-17,NA,NA,0,0
"2879",2011-08-18,NA,NA,0,0
"2880",2011-08-19,NA,NA,0,0
"2881",2011-08-22,NA,NA,0,0
"2882",2011-08-23,NA,NA,0,0
"2883",2011-08-24,NA,NA,0,0
"2884",2011-08-25,NA,NA,0,0
"2885",2011-08-26,NA,NA,0,0
"2886",2011-08-29,NA,NA,0,0
"2887",2011-08-30,NA,NA,0,0
"2888",2011-08-31,NA,NA,0,0
"2889",2011-09-01,NA,NA,0,0
"2890",2011-09-02,NA,NA,0,0
"2891",2011-09-05,NA,NA,0,0
"2892",2011-09-06,NA,NA,0,0
"2893",2011-09-07,NA,NA,0,0
"2894",2011-09-08,NA,NA,0,0
"2895",2011-09-09,NA,NA,0,0
"2896",2011-09-14,NA,NA,0,0
"2897",2011-09-15,NA,NA,0,0
"2898",2011-09-16,NA,NA,0,0
"2899",2011-09-19,NA,NA,0,0
"2900",2011-09-20,NA,NA,0,0
"2901",2011-09-21,NA,NA,0,0
"2902",2011-09-22,NA,NA,0,0
"2903",2011-09-23,NA,NA,0,0
"2904",2011-09-26,NA,NA,0,0
"2905",2011-09-27,NA,NA,0,0
"2906",2011-09-28,NA,NA,0,0
"2907",2011-09-29,NA,NA,0,0
"2908",2011-09-30,NA,NA,0,0
"2909",2011-10-04,NA,NA,0,0
"2910",2011-10-05,NA,NA,0,0
"2911",2011-10-06,NA,NA,0,0
"2912",2011-10-07,NA,NA,0,0
"2913",2011-10-10,NA,NA,0,0
"2914",2011-10-11,NA,NA,0,0
"2915",2011-10-12,NA,NA,0,0
"2916",2011-10-13,NA,NA,0,0
"2917",2011-10-14,NA,NA,0,0
"2918",2011-10-17,NA,NA,0,0
"2919",2011-10-18,NA,NA,0,0
"2920",2011-10-19,NA,NA,0,0
"2921",2011-10-20,NA,NA,0,0
"2922",2011-10-21,NA,NA,0,0
"2923",2011-10-24,NA,NA,0,0
"2924",2011-10-25,NA,NA,0,0
"2925",2011-10-26,NA,NA,0,0
"2926",2011-10-27,NA,NA,0,0
"2927",2011-10-28,NA,NA,0,0
"2928",2011-10-31,NA,NA,0,0
"2929",2011-11-01,NA,NA,0,0
"2930",2011-11-02,NA,NA,0,0
"2931",2011-11-03,NA,NA,0,0
"2932",2011-11-04,NA,NA,0,0
"2933",2011-11-07,NA,NA,0,0
"2934",2011-11-08,NA,NA,0,0
"2935",2011-11-09,NA,NA,0,0
"2936",2011-11-10,NA,NA,0,0
"2937",2011-11-11,NA,NA,0,0
"2938",2011-11-14,NA,NA,0,0
"2939",2011-11-15,NA,NA,0,0
"2940",2011-11-16,NA,NA,0,0
"2941",2011-11-17,NA,NA,0,0
"2942",2011-11-18,NA,NA,0,0
"2943",2011-11-21,NA,NA,0,0
"2944",2011-11-22,NA,NA,0,0
"2945",2011-11-23,NA,NA,0,0
"2946",2011-11-24,NA,NA,0,0
"2947",2011-11-25,NA,NA,0,0
"2948",2011-11-28,NA,NA,0,0
"2949",2011-11-29,NA,NA,0,0
"2950",2011-11-30,NA,NA,0,0
"2951",2011-12-01,NA,NA,0,0
"2952",2011-12-02,NA,NA,0,0
"2953",2011-12-05,NA,NA,0,0
"2954",2011-12-06,NA,NA,0,0
"2955",2011-12-07,NA,NA,0,0
"2956",2011-12-08,NA,NA,0,0
"2957",2011-12-09,NA,NA,0,0
"2958",2011-12-12,NA,NA,0,0
"2959",2011-12-13,NA,NA,0,0
"2960",2011-12-14,NA,NA,0,0
"2961",2011-12-15,NA,NA,0,0
"2962",2011-12-16,NA,NA,0,0
"2963",2011-12-19,NA,NA,0,0
"2964",2011-12-20,NA,NA,0,0
"2965",2011-12-21,NA,NA,0,0
"2966",2011-12-22,NA,NA,0,0
"2967",2011-12-23,NA,NA,0,0
"2968",2011-12-26,NA,NA,0,0
"2969",2011-12-27,NA,NA,0,0
"2970",2011-12-28,NA,NA,0,0
"2971",2011-12-29,NA,NA,0,0
"2972",2012-01-02,NA,NA,0,0
"2973",2012-01-03,NA,NA,0,0
"2974",2012-01-04,NA,NA,0,0
"2975",2012-01-05,NA,NA,0,0
"2976",2012-01-06,NA,NA,0,0
"2977",2012-01-09,NA,NA,0,0
"2978",2012-01-10,NA,NA,0,0
"2979",2012-01-11,NA,NA,0,0
"2980",2012-01-12,NA,NA,0,0
"2981",2012-01-13,NA,NA,0,0
"2982",2012-01-16,NA,NA,0,0
"2983",2012-01-17,NA,NA,0,0
"2984",2012-01-18,NA,NA,0,0
"2985",2012-01-19,NA,NA,0,0
"2986",2012-01-20,NA,NA,0,0
"2987",2012-01-25,NA,NA,0,0
"2988",2012-01-26,NA,NA,0,0
"2989",2012-01-27,NA,NA,0,0
"2990",2012-01-30,NA,NA,0,0
"2991",2012-01-31,NA,NA,0,0
"2992",2012-02-01,NA,NA,0,0
"2993",2012-02-02,NA,NA,0,0
"2994",2012-02-03,NA,NA,0,0
"2995",2012-02-06,NA,NA,0,0
"2996",2012-02-07,NA,NA,0,0
"2997",2012-02-08,NA,NA,0,0
"2998",2012-02-09,NA,NA,0,0
"2999",2012-02-10,NA,NA,0,0
"3000",2012-02-13,NA,NA,0,0
"3001",2012-02-14,NA,NA,0,0
"3002",2012-02-15,NA,NA,0,0
"3003",2012-02-16,NA,NA,0,0
"3004",2012-02-17,NA,NA,0,0
"3005",2012-02-20,NA,NA,0,0
"3006",2012-02-21,NA,NA,0,0
"3007",2012-02-22,NA,NA,0,0
"3008",2012-02-23,NA,NA,0,0
"3009",2012-02-24,NA,NA,0,0
"3010",2012-02-27,NA,NA,0,0
"3011",2012-02-28,NA,NA,0,0
"3012",2012-02-29,NA,NA,0,0
"3013",2012-03-02,NA,NA,0,0
"3014",2012-03-05,NA,NA,0,0
"3015",2012-03-06,NA,NA,0,0
"3016",2012-03-07,NA,NA,0,0
"3017",2012-03-08,NA,NA,0,0
"3018",2012-03-09,NA,NA,0,0
"3019",2012-03-12,NA,NA,0,0
"3020",2012-03-13,NA,NA,0,0
"3021",2012-03-14,NA,NA,0,0
"3022",2012-03-15,NA,NA,0,0
"3023",2012-03-16,NA,NA,0,0
"3024",2012-03-19,NA,NA,0,0
"3025",2012-03-20,NA,NA,0,0
"3026",2012-03-21,NA,NA,0,0
"3027",2012-03-22,NA,NA,0,0
"3028",2012-03-23,NA,NA,0,0
"3029",2012-03-26,NA,NA,0,0
"3030",2012-03-27,NA,NA,0,0
"3031",2012-03-28,NA,NA,0,0
"3032",2012-03-29,NA,NA,0,0
"3033",2012-03-30,NA,NA,0,0
"3034",2012-04-02,NA,NA,0,0
"3035",2012-04-03,NA,NA,0,0
"3036",2012-04-04,NA,NA,0,0
"3037",2012-04-05,NA,NA,0,0
"3038",2012-04-06,NA,NA,0,0
"3039",2012-04-09,NA,NA,0,0
"3040",2012-04-10,NA,NA,0,0
"3041",2012-04-12,NA,NA,0,0
"3042",2012-04-13,NA,NA,0,0
"3043",2012-04-16,NA,NA,0,0
"3044",2012-04-17,NA,NA,0,0
"3045",2012-04-18,NA,NA,0,0
"3046",2012-04-19,NA,NA,0,0
"3047",2012-04-20,NA,NA,0,0
"3048",2012-04-23,NA,NA,0,0
"3049",2012-04-24,NA,NA,0,0
"3050",2012-04-25,NA,NA,0,0
"3051",2012-04-26,NA,NA,0,0
"3052",2012-04-27,NA,NA,0,0
"3053",2012-04-30,NA,NA,0,0
"3054",2012-05-02,NA,NA,0,0
"3055",2012-05-03,NA,NA,0,0
"3056",2012-05-04,NA,NA,0,0
"3057",2012-05-07,NA,NA,0,0
"3058",2012-05-08,NA,NA,0,0
"3059",2012-05-09,NA,NA,0,0
"3060",2012-05-10,NA,NA,0,0
"3061",2012-05-11,NA,NA,0,0
"3062",2012-05-14,NA,NA,0,0
"3063",2012-05-15,NA,NA,0,0
"3064",2012-05-16,NA,NA,0,0
"3065",2012-05-17,NA,NA,0,0
"3066",2012-05-18,NA,NA,0,0
"3067",2012-05-21,NA,NA,0,0
"3068",2012-05-22,NA,NA,0,0
"3069",2012-05-23,NA,NA,0,0
"3070",2012-05-24,NA,NA,0,0
"3071",2012-05-25,NA,NA,0,0
"3072",2012-05-29,NA,NA,0,0
"3073",2012-05-30,NA,NA,0,0
"3074",2012-05-31,NA,NA,0,0
"3075",2012-06-01,NA,NA,0,0
"3076",2012-06-04,NA,NA,0,0
"3077",2012-06-05,NA,NA,0,0
"3078",2012-06-07,NA,NA,0,0
"3079",2012-06-08,NA,NA,0,0
"3080",2012-06-11,NA,NA,0,0
"3081",2012-06-12,NA,NA,0,0
"3082",2012-06-13,NA,NA,0,0
"3083",2012-06-14,NA,NA,0,0
"3084",2012-06-15,NA,NA,0,0
"3085",2012-06-18,NA,NA,0,0
"3086",2012-06-19,NA,NA,0,0
"3087",2012-06-20,NA,NA,0,0
"3088",2012-06-21,NA,NA,0,0
"3089",2012-06-22,NA,NA,0,0
"3090",2012-06-25,NA,NA,0,0
"3091",2012-06-26,NA,NA,0,0
"3092",2012-06-27,NA,NA,0,0
"3093",2012-06-28,NA,NA,0,0
"3094",2012-06-29,NA,NA,0,0
"3095",2012-07-02,NA,NA,0,0
"3096",2012-07-03,NA,NA,0,0
"3097",2012-07-04,NA,NA,0,0
"3098",2012-07-05,NA,NA,0,0
"3099",2012-07-06,NA,NA,0,0
"3100",2012-07-09,NA,NA,0,0
"3101",2012-07-10,NA,NA,0,0
"3102",2012-07-11,NA,NA,0,0
"3103",2012-07-12,NA,NA,0,0
"3104",2012-07-13,NA,NA,0,0
"3105",2012-07-16,NA,NA,0,0
"3106",2012-07-17,NA,NA,0,0
"3107",2012-07-18,NA,NA,0,0
"3108",2012-07-19,NA,NA,0,0
"3109",2012-07-20,NA,NA,0,0
"3110",2012-07-23,NA,NA,0,0
"3111",2012-07-24,NA,NA,0,0
"3112",2012-07-25,NA,NA,0,0
"3113",2012-07-26,NA,NA,0,0
"3114",2012-07-27,NA,NA,0,0
"3115",2012-07-30,NA,NA,0,0
"3116",2012-07-31,NA,NA,0,0
"3117",2012-08-01,NA,NA,0,0
"3118",2012-08-02,NA,NA,0,0
"3119",2012-08-03,NA,NA,0,0
"3120",2012-08-06,NA,NA,0,0
"3121",2012-08-07,NA,NA,0,0
"3122",2012-08-08,NA,NA,0,0
"3123",2012-08-09,NA,NA,0,0
"3124",2012-08-10,NA,NA,0,0
"3125",2012-08-13,NA,NA,0,0
"3126",2012-08-14,NA,NA,0,0
"3127",2012-08-16,NA,NA,0,0
"3128",2012-08-17,NA,NA,0,0
"3129",2012-08-20,NA,NA,0,0
"3130",2012-08-21,NA,NA,0,0
"3131",2012-08-22,NA,NA,0,0
"3132",2012-08-23,NA,NA,0,0
"3133",2012-08-24,NA,NA,0,0
"3134",2012-08-27,NA,NA,0,0
"3135",2012-08-28,NA,NA,0,0
"3136",2012-08-29,NA,NA,0,0
"3137",2012-08-30,NA,NA,0,0
"3138",2012-08-31,NA,NA,0,0
"3139",2012-09-03,NA,NA,0,0
"3140",2012-09-04,NA,NA,0,0
"3141",2012-09-05,NA,NA,0,0
"3142",2012-09-06,NA,NA,0,0
"3143",2012-09-07,NA,NA,0,0
"3144",2012-09-10,NA,NA,0,0
"3145",2012-09-11,NA,NA,0,0
"3146",2012-09-12,NA,NA,0,0
"3147",2012-09-13,NA,NA,0,0
"3148",2012-09-14,NA,NA,0,0
"3149",2012-09-17,NA,NA,0,0
"3150",2012-09-18,NA,NA,0,0
"3151",2012-09-19,NA,NA,0,0
"3152",2012-09-20,NA,NA,0,0
"3153",2012-09-21,NA,NA,0,0
"3154",2012-09-24,NA,NA,0,0
"3155",2012-09-25,NA,NA,0,0
"3156",2012-09-26,NA,NA,0,0
"3157",2012-09-27,NA,NA,0,0
"3158",2012-09-28,NA,NA,0,0
"3159",2012-10-02,NA,NA,0,0
"3160",2012-10-04,NA,NA,0,0
"3161",2012-10-05,NA,NA,0,0
"3162",2012-10-08,NA,NA,0,0
"3163",2012-10-09,NA,NA,0,0
"3164",2012-10-10,NA,NA,0,0
"3165",2012-10-11,NA,NA,0,0
"3166",2012-10-12,NA,NA,0,0
"3167",2012-10-15,NA,NA,0,0
"3168",2012-10-16,NA,NA,0,0
"3169",2012-10-17,NA,NA,0,0
"3170",2012-10-18,NA,NA,0,0
"3171",2012-10-19,NA,NA,0,0
"3172",2012-10-22,NA,NA,0,0
"3173",2012-10-23,NA,NA,0,0
"3174",2012-10-24,NA,NA,0,0
"3175",2012-10-25,NA,NA,0,0
"3176",2012-10-26,NA,NA,0,0
"3177",2012-10-29,NA,NA,0,0
"3178",2012-10-30,NA,NA,0,0
"3179",2012-10-31,NA,NA,0,0
"3180",2012-11-01,NA,NA,0,0
"3181",2012-11-02,NA,NA,0,0
"3182",2012-11-05,NA,NA,0,0
"3183",2012-11-06,NA,NA,0,0
"3184",2012-11-07,NA,NA,0,0
"3185",2012-11-08,NA,NA,0,0
"3186",2012-11-09,NA,NA,0,0
"3187",2012-11-12,NA,NA,0,0
"3188",2012-11-13,NA,NA,0,0
"3189",2012-11-14,NA,NA,0,0
"3190",2012-11-15,NA,NA,0,0
"3191",2012-11-16,NA,NA,0,0
"3192",2012-11-19,NA,NA,0,0
"3193",2012-11-20,NA,NA,0,0
"3194",2012-11-21,NA,NA,0,0
"3195",2012-11-22,NA,NA,0,0
"3196",2012-11-23,NA,NA,0,0
"3197",2012-11-26,NA,NA,0,0
"3198",2012-11-27,NA,NA,0,0
"3199",2012-11-28,NA,NA,0,0
"3200",2012-11-29,NA,NA,0,0
"3201",2012-11-30,NA,NA,0,0
"3202",2012-12-03,NA,NA,0,0
"3203",2012-12-04,NA,NA,0,0
"3204",2012-12-05,NA,NA,0,0
"3205",2012-12-06,NA,NA,0,0
"3206",2012-12-07,NA,NA,0,0
"3207",2012-12-10,NA,NA,0,0
"3208",2012-12-11,NA,NA,0,0
"3209",2012-12-12,NA,NA,0,0
"3210",2012-12-13,NA,NA,0,0
"3211",2012-12-14,NA,NA,0,0
"3212",2012-12-17,NA,NA,0,0
"3213",2012-12-18,NA,NA,0,0
"3214",2012-12-20,NA,NA,0,0
"3215",2012-12-21,NA,NA,0,0
"3216",2012-12-24,NA,NA,0,0
"3217",2012-12-26,NA,NA,0,0
"3218",2012-12-27,NA,NA,0,0
"3219",2012-12-28,NA,NA,0,0
"3220",2013-01-02,NA,NA,0,0
"3221",2013-01-03,NA,NA,0,0
"3222",2013-01-04,NA,NA,0,0
"3223",2013-01-07,NA,NA,0,0
"3224",2013-01-08,NA,NA,0,0
"3225",2013-01-09,NA,NA,0,0
"3226",2013-01-10,NA,NA,0,0
"3227",2013-01-11,NA,NA,0,0
"3228",2013-01-14,NA,NA,0,0
"3229",2013-01-15,NA,NA,0,0
"3230",2013-01-16,NA,NA,0,0
"3231",2013-01-17,NA,NA,0,0
"3232",2013-01-18,NA,NA,0,0
"3233",2013-01-21,NA,NA,0,0
"3234",2013-01-22,NA,NA,0,0
"3235",2013-01-23,NA,NA,0,0
"3236",2013-01-24,NA,NA,0,0
"3237",2013-01-25,NA,NA,0,0
"3238",2013-01-28,NA,NA,0,0
"3239",2013-01-29,NA,NA,0,0
"3240",2013-01-30,NA,NA,0,0
"3241",2013-01-31,NA,NA,0,0
"3242",2013-02-01,NA,NA,0,0
"3243",2013-02-04,NA,NA,0,0
"3244",2013-02-05,NA,NA,0,0
"3245",2013-02-06,NA,NA,0,0
"3246",2013-02-07,NA,NA,0,0
"3247",2013-02-08,NA,NA,0,0
"3248",2013-02-12,NA,NA,0,0
"3249",2013-02-13,NA,NA,0,0
"3250",2013-02-14,NA,NA,0,0
"3251",2013-02-15,NA,NA,0,0
"3252",2013-02-18,NA,NA,0,0
"3253",2013-02-19,NA,NA,0,0
"3254",2013-02-20,NA,NA,0,0
"3255",2013-02-21,NA,NA,0,0
"3256",2013-02-22,NA,NA,0,0
"3257",2013-02-25,NA,NA,0,0
"3258",2013-02-26,NA,NA,0,0
"3259",2013-02-27,NA,NA,0,0
"3260",2013-02-28,NA,NA,0,0
"3261",2013-03-04,NA,NA,0,0
"3262",2013-03-05,NA,NA,0,0
"3263",2013-03-06,NA,NA,0,0
"3264",2013-03-07,NA,NA,0,0
"3265",2013-03-08,NA,NA,0,0
"3266",2013-03-11,NA,NA,0,0
"3267",2013-03-12,NA,NA,0,0
"3268",2013-03-13,NA,NA,0,0
"3269",2013-03-14,NA,NA,0,0
"3270",2013-03-15,NA,NA,0,0
"3271",2013-03-18,NA,NA,0,0
"3272",2013-03-19,NA,NA,0,0
"3273",2013-03-20,NA,NA,0,0
"3274",2013-03-21,NA,NA,0,0
"3275",2013-03-22,NA,NA,0,0
"3276",2013-03-25,NA,NA,0,0
"3277",2013-03-26,NA,NA,0,0
"3278",2013-03-27,NA,NA,0,0
"3279",2013-03-28,NA,NA,0,0
"3280",2013-03-29,NA,NA,0,0
"3281",2013-04-01,NA,NA,0,0
"3282",2013-04-02,NA,NA,0,0
"3283",2013-04-03,NA,NA,0,0
"3284",2013-04-04,NA,NA,0,0
"3285",2013-04-05,NA,NA,0,0
"3286",2013-04-08,NA,NA,0,0
"3287",2013-04-09,NA,NA,0,0
"3288",2013-04-10,NA,NA,0,0
"3289",2013-04-11,NA,NA,0,0
"3290",2013-04-12,NA,NA,0,0
"3291",2013-04-15,NA,NA,0,0
"3292",2013-04-16,NA,NA,0,0
"3293",2013-04-17,NA,NA,0,0
"3294",2013-04-18,NA,NA,0,0
"3295",2013-04-19,NA,NA,0,0
"3296",2013-04-22,NA,NA,0,0
"3297",2013-04-23,NA,NA,0,0
"3298",2013-04-24,NA,NA,0,0
"3299",2013-04-25,NA,NA,0,0
"3300",2013-04-26,NA,NA,0,0
"3301",2013-04-29,NA,NA,0,0
"3302",2013-04-30,NA,NA,0,0
"3303",2013-05-02,NA,NA,0,0
"3304",2013-05-03,NA,NA,0,0
"3305",2013-05-06,NA,NA,0,0
"3306",2013-05-07,NA,NA,0,0
"3307",2013-05-08,NA,NA,0,0
"3308",2013-05-09,NA,NA,0,0
"3309",2013-05-10,NA,NA,0,0
"3310",2013-05-13,NA,NA,0,0
"3311",2013-05-14,NA,NA,0,0
"3312",2013-05-15,NA,NA,0,0
"3313",2013-05-16,NA,NA,0,0
"3314",2013-05-20,NA,NA,0,0
"3315",2013-05-21,NA,NA,0,0
"3316",2013-05-22,NA,NA,0,0
"3317",2013-05-23,NA,NA,0,0
"3318",2013-05-24,NA,NA,0,0
"3319",2013-05-27,NA,NA,0,0
"3320",2013-05-28,NA,NA,0,0
"3321",2013-05-29,NA,NA,0,0
"3322",2013-05-30,NA,NA,0,0
"3323",2013-05-31,NA,NA,0,0
"3324",2013-06-03,NA,NA,0,0
"3325",2013-06-04,NA,NA,0,0
"3326",2013-06-05,NA,NA,0,0
"3327",2013-06-07,NA,NA,0,0
"3328",2013-06-10,NA,NA,0,0
"3329",2013-06-11,NA,NA,0,0
"3330",2013-06-12,NA,NA,0,0
"3331",2013-06-13,NA,NA,0,0
"3332",2013-06-14,NA,NA,0,0
"3333",2013-06-17,NA,NA,0,0
"3334",2013-06-18,NA,NA,0,0
"3335",2013-06-19,NA,NA,0,0
"3336",2013-06-20,NA,NA,0,0
"3337",2013-06-21,NA,NA,0,0
"3338",2013-06-24,NA,NA,0,0
"3339",2013-06-25,NA,NA,0,0
"3340",2013-06-26,NA,NA,0,0
"3341",2013-06-27,NA,NA,0,0
"3342",2013-06-28,NA,NA,0,0
"3343",2013-07-01,NA,NA,0,0
"3344",2013-07-02,NA,NA,0,0
"3345",2013-07-03,NA,NA,0,0
"3346",2013-07-04,NA,NA,0,0
"3347",2013-07-05,NA,NA,0,0
"3348",2013-07-08,NA,NA,0,0
"3349",2013-07-09,NA,NA,0,0
"3350",2013-07-10,NA,NA,0,0
"3351",2013-07-11,NA,NA,0,0
"3352",2013-07-12,NA,NA,0,0
"3353",2013-07-15,NA,NA,0,0
"3354",2013-07-16,NA,NA,0,0
"3355",2013-07-17,NA,NA,0,0
"3356",2013-07-18,NA,NA,0,0
"3357",2013-07-19,NA,NA,0,0
"3358",2013-07-22,NA,NA,0,0
"3359",2013-07-23,NA,NA,0,0
"3360",2013-07-24,NA,NA,0,0
"3361",2013-07-25,NA,NA,0,0
"3362",2013-07-26,NA,NA,0,0
"3363",2013-07-29,NA,NA,0,0
"3364",2013-07-30,NA,NA,0,0
"3365",2013-07-31,NA,NA,0,0
"3366",2013-08-01,NA,NA,0,0
"3367",2013-08-02,NA,NA,0,0
"3368",2013-08-05,NA,NA,0,0
"3369",2013-08-06,NA,NA,0,0
"3370",2013-08-07,NA,NA,0,0
"3371",2013-08-08,NA,NA,0,0
"3372",2013-08-09,NA,NA,0,0
"3373",2013-08-12,NA,NA,0,0
"3374",2013-08-13,NA,NA,0,0
"3375",2013-08-14,NA,NA,0,0
"3376",2013-08-16,NA,NA,0,0
"3377",2013-08-19,NA,NA,0,0
"3378",2013-08-20,NA,NA,0,0
"3379",2013-08-21,NA,NA,0,0
"3380",2013-08-22,NA,NA,0,0
"3381",2013-08-23,NA,NA,0,0
"3382",2013-08-26,NA,NA,0,0
"3383",2013-08-27,NA,NA,0,0
"3384",2013-08-28,NA,NA,0,0
"3385",2013-08-29,NA,NA,0,0
"3386",2013-08-30,NA,NA,0,0
"3387",2013-09-02,NA,NA,0,0
"3388",2013-09-03,NA,NA,0,0
"3389",2013-09-04,NA,NA,0,0
"3390",2013-09-05,NA,NA,0,0
"3391",2013-09-06,NA,NA,0,0
"3392",2013-09-09,NA,NA,0,0
"3393",2013-09-10,NA,NA,0,0
"3394",2013-09-11,NA,NA,0,0
"3395",2013-09-12,NA,NA,0,0
"3396",2013-09-13,NA,NA,0,0
"3397",2013-09-16,NA,NA,0,0
"3398",2013-09-17,NA,NA,0,0
"3399",2013-09-23,NA,NA,0,0
"3400",2013-09-24,NA,NA,0,0
"3401",2013-09-25,NA,NA,0,0
"3402",2013-09-26,NA,NA,0,0
"3403",2013-09-27,NA,NA,0,0
"3404",2013-09-30,NA,NA,0,0
"3405",2013-10-01,NA,NA,0,0
"3406",2013-10-02,NA,NA,0,0
"3407",2013-10-04,NA,NA,0,0
"3408",2013-10-07,NA,NA,0,0
"3409",2013-10-08,NA,NA,0,0
"3410",2013-10-10,NA,NA,0,0
"3411",2013-10-11,NA,NA,0,0
"3412",2013-10-14,NA,NA,0,0
"3413",2013-10-15,NA,NA,0,0
"3414",2013-10-16,NA,NA,0,0
"3415",2013-10-17,NA,NA,0,0
"3416",2013-10-18,NA,NA,0,0
"3417",2013-10-21,NA,NA,0,0
"3418",2013-10-22,NA,NA,0,0
"3419",2013-10-23,NA,NA,0,0
"3420",2013-10-24,NA,NA,0,0
"3421",2013-10-25,NA,NA,0,0
"3422",2013-10-28,NA,NA,0,0
"3423",2013-10-29,NA,NA,0,0
"3424",2013-10-30,NA,NA,0,0
"3425",2013-10-31,NA,NA,0,0
"3426",2013-11-01,NA,NA,0,0
"3427",2013-11-04,NA,NA,0,0
"3428",2013-11-05,NA,NA,0,0
"3429",2013-11-06,NA,NA,0,0
"3430",2013-11-07,NA,NA,0,0
"3431",2013-11-08,NA,NA,0,0
"3432",2013-11-11,NA,NA,0,0
"3433",2013-11-12,NA,NA,0,0
"3434",2013-11-13,NA,NA,0,0
"3435",2013-11-14,NA,NA,0,0
"3436",2013-11-15,NA,NA,0,0
"3437",2013-11-18,NA,NA,0,0
"3438",2013-11-19,NA,NA,0,0
"3439",2013-11-20,NA,NA,0,0
"3440",2013-11-21,NA,NA,0,0
"3441",2013-11-22,NA,NA,0,0
"3442",2013-11-25,NA,NA,0,0
"3443",2013-11-26,NA,NA,0,0
"3444",2013-11-27,NA,NA,0,0
"3445",2013-11-28,NA,NA,0,0
"3446",2013-11-29,NA,NA,0,0
"3447",2013-12-02,NA,NA,0,0
"3448",2013-12-03,NA,NA,0,0
"3449",2013-12-04,NA,NA,0,0
"3450",2013-12-05,NA,NA,0,0
"3451",2013-12-06,NA,NA,0,0
"3452",2013-12-09,NA,NA,0,0
"3453",2013-12-10,NA,NA,0,0
"3454",2013-12-11,NA,NA,0,0
"3455",2013-12-12,NA,NA,0,0
"3456",2013-12-13,NA,NA,0,0
"3457",2013-12-16,NA,NA,0,0
"3458",2013-12-17,NA,NA,0,0
"3459",2013-12-18,NA,NA,0,0
"3460",2013-12-19,NA,NA,0,0
"3461",2013-12-20,NA,NA,0,0
"3462",2013-12-23,NA,NA,0,0
"3463",2013-12-24,NA,NA,0,0
"3464",2013-12-26,NA,NA,0,0
"3465",2013-12-27,NA,NA,0,0
"3466",2013-12-30,NA,NA,0,0
"3467",2014-01-02,NA,NA,0,0
"3468",2014-01-03,NA,NA,0,0
"3469",2014-01-06,NA,NA,0,0
"3470",2014-01-07,NA,NA,0,0
"3471",2014-01-08,NA,NA,0,0
"3472",2014-01-09,NA,NA,0,0
"3473",2014-01-10,NA,NA,0,0
"3474",2014-01-13,NA,NA,0,0
"3475",2014-01-14,NA,NA,0,0
"3476",2014-01-15,NA,NA,0,0
"3477",2014-01-16,NA,NA,0,0
"3478",2014-01-17,NA,NA,0,0
"3479",2014-01-20,NA,NA,0,0
"3480",2014-01-21,NA,NA,0,0
"3481",2014-01-22,NA,NA,0,0
"3482",2014-01-23,NA,NA,0,0
"3483",2014-01-24,NA,NA,0,0
"3484",2014-01-27,NA,NA,0,0
"3485",2014-01-28,NA,NA,0,0
"3486",2014-01-29,NA,NA,0,0
"3487",2014-02-03,NA,NA,0,0
"3488",2014-02-04,NA,NA,0,0
"3489",2014-02-05,NA,NA,0,0
"3490",2014-02-06,NA,NA,0,0
"3491",2014-02-07,NA,NA,0,0
"3492",2014-02-10,NA,NA,0,0
"3493",2014-02-11,NA,NA,0,0
"3494",2014-02-12,NA,NA,0,0
"3495",2014-02-13,NA,NA,0,0
"3496",2014-02-14,NA,NA,0,0
"3497",2014-02-17,NA,NA,0,0
"3498",2014-02-18,NA,NA,0,0
"3499",2014-02-19,NA,NA,0,0
"3500",2014-02-20,NA,NA,0,0
"3501",2014-02-21,NA,NA,0,0
"3502",2014-02-24,NA,NA,0,0
"3503",2014-02-25,NA,NA,0,0
"3504",2014-02-26,NA,NA,0,0
"3505",2014-02-27,NA,NA,0,0
"3506",2014-02-28,NA,NA,0,0
"3507",2014-03-03,NA,NA,0,0
"3508",2014-03-04,NA,NA,0,0
"3509",2014-03-05,NA,NA,0,0
"3510",2014-03-06,NA,NA,0,0
"3511",2014-03-07,NA,NA,0,0
"3512",2014-03-10,NA,NA,0,0
"3513",2014-03-11,NA,NA,0,0
"3514",2014-03-12,NA,NA,0,0
"3515",2014-03-13,NA,NA,0,0
"3516",2014-03-14,NA,NA,0,0
"3517",2014-03-17,NA,NA,0,0
"3518",2014-03-18,NA,NA,0,0
"3519",2014-03-19,NA,NA,0,0
"3520",2014-03-20,NA,NA,0,0
"3521",2014-03-21,NA,NA,0,0
"3522",2014-03-24,NA,NA,0,0
"3523",2014-03-25,NA,NA,0,0
"3524",2014-03-26,NA,NA,0,0
"3525",2014-03-27,NA,NA,0,0
"3526",2014-03-28,NA,NA,0,0
"3527",2014-03-31,NA,NA,0,0
"3528",2014-04-01,NA,NA,0,0
"3529",2014-04-02,NA,NA,0,0
"3530",2014-04-03,NA,NA,0,0
"3531",2014-04-04,NA,NA,0,0
"3532",2014-04-07,NA,NA,0,0
"3533",2014-04-08,NA,NA,0,0
"3534",2014-04-09,NA,NA,0,0
"3535",2014-04-10,NA,NA,0,0
"3536",2014-04-11,NA,NA,0,0
"3537",2014-04-14,NA,NA,0,0
"3538",2014-04-15,NA,NA,0,0
"3539",2014-04-16,NA,NA,0,0
"3540",2014-04-17,NA,NA,0,0
"3541",2014-04-18,NA,NA,0,0
"3542",2014-04-21,NA,NA,0,0
"3543",2014-04-22,NA,NA,0,0
"3544",2014-04-23,NA,NA,0,0
"3545",2014-04-24,NA,NA,0,0
"3546",2014-04-25,NA,NA,0,0
"3547",2014-04-28,NA,NA,0,0
"3548",2014-04-29,NA,NA,0,0
"3549",2014-04-30,NA,NA,0,0
"3550",2014-05-02,NA,NA,0,0
"3551",2014-05-07,NA,NA,0,0
"3552",2014-05-08,NA,NA,0,0
"3553",2014-05-09,NA,NA,0,0
"3554",2014-05-12,NA,NA,0,0
"3555",2014-05-13,NA,NA,0,0
"3556",2014-05-14,NA,NA,0,0
"3557",2014-05-15,NA,NA,0,0
"3558",2014-05-16,NA,NA,0,0
"3559",2014-05-19,NA,NA,0,0
"3560",2014-05-20,NA,NA,0,0
"3561",2014-05-21,NA,NA,0,0
"3562",2014-05-22,NA,NA,0,0
"3563",2014-05-23,NA,NA,0,0
"3564",2014-05-26,NA,NA,0,0
"3565",2014-05-27,NA,NA,0,0
"3566",2014-05-28,NA,NA,0,0
"3567",2014-05-29,NA,NA,0,0
"3568",2014-05-30,NA,NA,0,0
"3569",2014-06-02,NA,NA,0,0
"3570",2014-06-03,NA,NA,0,0
"3571",2014-06-05,NA,NA,0,0
"3572",2014-06-09,NA,NA,0,0
"3573",2014-06-10,NA,NA,0,0
"3574",2014-06-11,NA,NA,0,0
"3575",2014-06-12,NA,NA,0,0
"3576",2014-06-13,NA,NA,0,0
"3577",2014-06-16,NA,NA,0,0
"3578",2014-06-17,NA,NA,0,0
"3579",2014-06-18,NA,NA,0,0
"3580",2014-06-19,NA,NA,0,0
"3581",2014-06-20,NA,NA,0,0
"3582",2014-06-23,NA,NA,0,0
"3583",2014-06-24,NA,NA,0,0
"3584",2014-06-25,NA,NA,0,0
"3585",2014-06-26,NA,NA,0,0
"3586",2014-06-27,NA,NA,0,0
"3587",2014-06-30,NA,NA,0,0
"3588",2014-07-01,NA,NA,0,0
"3589",2014-07-02,NA,NA,0,0
"3590",2014-07-03,NA,NA,0,0
"3591",2014-07-04,NA,NA,0,0
"3592",2014-07-07,NA,NA,0,0
"3593",2014-07-08,NA,NA,0,0
"3594",2014-07-09,NA,NA,0,0
"3595",2014-07-10,NA,NA,0,0
"3596",2014-07-11,NA,NA,0,0
"3597",2014-07-14,NA,NA,0,0
"3598",2014-07-15,NA,NA,0,0
"3599",2014-07-16,NA,NA,0,0
"3600",2014-07-17,NA,NA,0,0
"3601",2014-07-18,NA,NA,0,0
"3602",2014-07-21,NA,NA,0,0
"3603",2014-07-22,NA,NA,0,0
"3604",2014-07-23,NA,NA,0,0
"3605",2014-07-24,NA,NA,0,0
"3606",2014-07-25,NA,NA,0,0
"3607",2014-07-28,NA,NA,0,0
"3608",2014-07-29,NA,NA,0,0
"3609",2014-07-30,NA,NA,0,0
"3610",2014-07-31,NA,NA,0,0
"3611",2014-08-01,NA,NA,0,0
"3612",2014-08-04,NA,NA,0,0
"3613",2014-08-05,NA,NA,0,0
"3614",2014-08-06,NA,NA,0,0
"3615",2014-08-07,NA,NA,0,0
"3616",2014-08-08,NA,NA,0,0
"3617",2014-08-11,NA,NA,0,0
"3618",2014-08-12,NA,NA,0,0
"3619",2014-08-13,NA,NA,0,0
"3620",2014-08-14,NA,NA,0,0
"3621",2014-08-18,NA,NA,0,0
"3622",2014-08-19,NA,NA,0,0
"3623",2014-08-20,NA,NA,0,0
"3624",2014-08-21,NA,NA,0,0
"3625",2014-08-22,NA,NA,0,0
"3626",2014-08-25,NA,NA,0,0
"3627",2014-08-26,NA,NA,0,0
"3628",2014-08-27,NA,NA,0,0
"3629",2014-08-28,NA,NA,0,0
"3630",2014-08-29,NA,NA,0,0
"3631",2014-09-01,NA,NA,0,0
"3632",2014-09-02,NA,NA,0,0
"3633",2014-09-03,NA,NA,0,0
"3634",2014-09-04,NA,NA,0,0
"3635",2014-09-05,NA,NA,0,0
"3636",2014-09-11,NA,NA,0,0
"3637",2014-09-12,NA,NA,0,0
"3638",2014-09-15,NA,NA,0,0
"3639",2014-09-16,NA,NA,0,0
"3640",2014-09-17,NA,NA,0,0
"3641",2014-09-18,NA,NA,0,0
"3642",2014-09-19,NA,NA,0,0
"3643",2014-09-22,NA,NA,0,0
"3644",2014-09-23,NA,NA,0,0
"3645",2014-09-24,NA,NA,0,0
"3646",2014-09-25,NA,NA,0,0
"3647",2014-09-26,NA,NA,0,0
"3648",2014-09-29,NA,NA,0,0
"3649",2014-09-30,NA,NA,0,0
"3650",2014-10-01,NA,NA,0,0
"3651",2014-10-02,NA,NA,0,0
"3652",2014-10-06,NA,NA,0,0
"3653",2014-10-07,NA,NA,0,0
"3654",2014-10-08,NA,NA,0,0
"3655",2014-10-10,NA,NA,0,0
"3656",2014-10-13,NA,NA,0,0
"3657",2014-10-14,NA,NA,0,0
"3658",2014-10-15,NA,NA,0,0
"3659",2014-10-16,NA,NA,0,0
"3660",2014-10-17,NA,NA,0,0
"3661",2014-10-20,NA,NA,0,0
"3662",2014-10-21,NA,NA,0,0
"3663",2014-10-22,NA,NA,0,0
"3664",2014-10-23,NA,NA,0,0
"3665",2014-10-24,NA,NA,0,0
"3666",2014-10-27,NA,NA,0,0
"3667",2014-10-28,NA,NA,0,0
"3668",2014-10-29,NA,NA,0,0
"3669",2014-10-30,NA,NA,0,0
"3670",2014-10-31,NA,NA,0,0
"3671",2014-11-03,NA,NA,0,0
"3672",2014-11-04,NA,NA,0,0
"3673",2014-11-05,NA,NA,0,0
"3674",2014-11-06,NA,NA,0,0
"3675",2014-11-07,NA,NA,0,0
"3676",2014-11-10,NA,NA,0,0
"3677",2014-11-11,NA,NA,0,0
"3678",2014-11-12,NA,NA,0,0
"3679",2014-11-13,NA,NA,0,0
"3680",2014-11-14,NA,NA,0,0
"3681",2014-11-17,NA,NA,0,0
"3682",2014-11-18,NA,NA,0,0
"3683",2014-11-19,NA,NA,0,0
"3684",2014-11-20,NA,NA,0,0
"3685",2014-11-21,NA,NA,0,0
"3686",2014-11-24,NA,NA,0,0
"3687",2014-11-25,NA,NA,0,0
"3688",2014-11-26,NA,NA,0,0
"3689",2014-11-27,NA,NA,0,0
"3690",2014-11-28,NA,NA,0,0
"3691",2014-12-01,NA,NA,0,0
"3692",2014-12-02,NA,NA,0,0
"3693",2014-12-03,NA,NA,0,0
"3694",2014-12-04,NA,NA,0,0
"3695",2014-12-05,NA,NA,0,0
"3696",2014-12-08,NA,NA,0,0
"3697",2014-12-09,NA,NA,0,0
"3698",2014-12-10,NA,NA,0,0
"3699",2014-12-11,NA,NA,0,0
"3700",2014-12-12,NA,NA,0,0
"3701",2014-12-15,NA,NA,0,0
"3702",2014-12-16,NA,NA,0,0
"3703",2014-12-17,NA,NA,0,0
"3704",2014-12-18,NA,NA,0,0
"3705",2014-12-19,NA,NA,0,0
"3706",2014-12-22,NA,NA,0,0
"3707",2014-12-23,NA,NA,0,0
"3708",2014-12-24,NA,NA,0,0
"3709",2014-12-26,NA,NA,0,0
"3710",2014-12-29,NA,NA,0,0
"3711",2014-12-30,NA,NA,0,0
"3712",2015-01-02,NA,NA,0,0
"3713",2015-01-05,NA,NA,0,0
"3714",2015-01-06,NA,NA,0,0
"3715",2015-01-07,NA,NA,0,0
"3716",2015-01-08,NA,NA,0,0
"3717",2015-01-09,NA,NA,0,0
"3718",2015-01-12,NA,NA,0,0
"3719",2015-01-13,NA,NA,0,0
"3720",2015-01-14,NA,NA,0,0
"3721",2015-01-15,NA,NA,0,0
"3722",2015-01-16,NA,NA,0,0
"3723",2015-01-19,NA,NA,0,0
"3724",2015-01-20,NA,NA,0,0
"3725",2015-01-21,NA,NA,0,0
"3726",2015-01-22,NA,NA,0,0
"3727",2015-01-23,NA,NA,0,0
"3728",2015-01-26,NA,NA,0,0
"3729",2015-01-27,NA,NA,0,0
"3730",2015-01-28,NA,NA,0,0
"3731",2015-01-29,NA,NA,0,0
"3732",2015-01-30,NA,NA,0,0
"3733",2015-02-02,NA,NA,0,0
"3734",2015-02-03,NA,NA,0,0
"3735",2015-02-04,NA,NA,0,0
"3736",2015-02-05,NA,NA,0,0
"3737",2015-02-06,NA,NA,0,0
"3738",2015-02-09,NA,NA,0,0
"3739",2015-02-10,NA,NA,0,0
"3740",2015-02-11,NA,NA,0,0
"3741",2015-02-12,NA,NA,0,0
"3742",2015-02-13,NA,NA,0,0
"3743",2015-02-16,NA,NA,0,0
"3744",2015-02-17,NA,NA,0,0
"3745",2015-02-23,NA,NA,0,0
"3746",2015-02-24,NA,NA,0,0
"3747",2015-02-25,NA,NA,0,0
"3748",2015-02-26,NA,NA,0,0
"3749",2015-02-27,NA,NA,0,0
"3750",2015-03-02,NA,NA,0,0
"3751",2015-03-03,NA,NA,0,0
"3752",2015-03-04,NA,NA,0,0
"3753",2015-03-05,NA,NA,0,0
"3754",2015-03-06,NA,NA,0,0
"3755",2015-03-09,NA,NA,0,0
"3756",2015-03-10,NA,NA,0,0
"3757",2015-03-11,NA,NA,0,0
"3758",2015-03-12,NA,NA,0,0
"3759",2015-03-13,NA,NA,0,0
"3760",2015-03-16,NA,NA,0,0
"3761",2015-03-17,NA,NA,0,0
"3762",2015-03-18,NA,NA,0,0
"3763",2015-03-19,NA,NA,0,0
"3764",2015-03-20,NA,NA,0,0
"3765",2015-03-23,NA,NA,0,0
"3766",2015-03-24,NA,NA,0,0
"3767",2015-03-25,NA,NA,0,0
"3768",2015-03-26,NA,NA,0,0
"3769",2015-03-27,NA,NA,0,0
"3770",2015-03-30,NA,NA,0,0
"3771",2015-03-31,NA,NA,0,0
"3772",2015-04-01,NA,NA,0,0
"3773",2015-04-02,NA,NA,0,0
"3774",2015-04-03,NA,NA,0,0
"3775",2015-04-06,NA,NA,0,0
"3776",2015-04-07,NA,NA,0,0
"3777",2015-04-08,NA,NA,0,0
"3778",2015-04-09,NA,NA,0,0
"3779",2015-04-10,NA,NA,0,0
"3780",2015-04-13,NA,NA,0,0
"3781",2015-04-14,NA,NA,0,0
"3782",2015-04-15,NA,NA,0,0
"3783",2015-04-16,NA,NA,0,0
"3784",2015-04-17,NA,NA,0,0
"3785",2015-04-20,NA,NA,0,0
"3786",2015-04-21,NA,NA,0,0
"3787",2015-04-22,NA,NA,0,0
"3788",2015-04-23,NA,NA,0,0
"3789",2015-04-24,NA,NA,0,0
"3790",2015-04-27,NA,NA,0,0
"3791",2015-04-28,NA,NA,0,0
"3792",2015-04-29,NA,NA,0,0
"3793",2015-04-30,NA,NA,0,0
"3794",2015-05-04,NA,NA,0,0
"3795",2015-05-06,NA,NA,0,0
"3796",2015-05-07,NA,NA,0,0
"3797",2015-05-08,NA,NA,0,0
"3798",2015-05-11,NA,NA,0,0
"3799",2015-05-12,NA,NA,0,0
"3800",2015-05-13,NA,NA,0,0
"3801",2015-05-14,NA,NA,0,0
"3802",2015-05-15,NA,NA,0,0
"3803",2015-05-18,NA,NA,0,0
"3804",2015-05-19,NA,NA,0,0
"3805",2015-05-20,NA,NA,0,0
"3806",2015-05-21,NA,NA,0,0
"3807",2015-05-22,NA,NA,0,0
"3808",2015-05-26,NA,NA,0,0
"3809",2015-05-27,NA,NA,0,0
"3810",2015-05-28,NA,NA,0,0
"3811",2015-05-29,NA,NA,0,0
"3812",2015-06-01,NA,NA,0,0
"3813",2015-06-02,NA,NA,0,0
"3814",2015-06-03,NA,NA,0,0
"3815",2015-06-04,NA,NA,0,0
"3816",2015-06-05,NA,NA,0,0
"3817",2015-06-08,NA,NA,0,0
"3818",2015-06-09,NA,NA,0,0
"3819",2015-06-10,NA,NA,0,0
"3820",2015-06-11,NA,NA,0,0
"3821",2015-06-12,NA,NA,0,0
"3822",2015-06-15,NA,NA,0,0
"3823",2015-06-16,NA,NA,0,0
"3824",2015-06-17,NA,NA,0,0
"3825",2015-06-18,NA,NA,0,0
"3826",2015-06-19,NA,NA,0,0
"3827",2015-06-22,NA,NA,0,0
"3828",2015-06-23,NA,NA,0,0
"3829",2015-06-24,NA,NA,0,0
"3830",2015-06-25,NA,NA,0,0
"3831",2015-06-26,NA,NA,0,0
"3832",2015-06-29,NA,NA,0,0
"3833",2015-06-30,NA,NA,0,0
"3834",2015-07-01,NA,NA,0,0
"3835",2015-07-02,NA,NA,0,0
"3836",2015-07-03,NA,NA,0,0
"3837",2015-07-06,NA,NA,0,0
"3838",2015-07-07,NA,NA,0,0
"3839",2015-07-08,NA,NA,0,0
"3840",2015-07-09,NA,NA,0,0
"3841",2015-07-10,NA,NA,0,0
"3842",2015-07-13,NA,NA,0,0
"3843",2015-07-14,NA,NA,0,0
"3844",2015-07-15,NA,NA,0,0
"3845",2015-07-16,NA,NA,0,0
"3846",2015-07-17,NA,NA,0,0
"3847",2015-07-20,NA,NA,0,0
"3848",2015-07-21,NA,NA,0,0
"3849",2015-07-22,NA,NA,0,0
"3850",2015-07-23,NA,NA,0,0
"3851",2015-07-24,NA,NA,0,0
"3852",2015-07-27,NA,NA,0,0
"3853",2015-07-28,NA,NA,0,0
"3854",2015-07-29,NA,NA,0,0
"3855",2015-07-30,NA,NA,0,0
"3856",2015-07-31,NA,NA,0,0
"3857",2015-08-03,NA,NA,0,0
"3858",2015-08-04,NA,NA,0,0
"3859",2015-08-05,NA,NA,0,0
"3860",2015-08-06,NA,NA,0,0
"3861",2015-08-07,NA,NA,0,0
"3862",2015-08-10,NA,NA,0,0
"3863",2015-08-11,NA,NA,0,0
"3864",2015-08-12,NA,NA,0,0
"3865",2015-08-13,NA,NA,0,0
"3866",2015-08-17,NA,NA,0,0
"3867",2015-08-18,NA,NA,0,0
"3868",2015-08-19,NA,NA,0,0
"3869",2015-08-20,NA,NA,0,0
"3870",2015-08-21,NA,NA,0,0
"3871",2015-08-24,NA,NA,0,0
"3872",2015-08-25,NA,NA,0,0
"3873",2015-08-26,NA,NA,0,0
"3874",2015-08-27,NA,NA,0,0
"3875",2015-08-28,NA,NA,0,0
"3876",2015-08-31,NA,NA,0,0
"3877",2015-09-01,NA,NA,0,0
"3878",2015-09-02,NA,NA,0,0
"3879",2015-09-03,NA,NA,0,0
"3880",2015-09-04,NA,NA,0,0
"3881",2015-09-07,NA,NA,0,0
"3882",2015-09-08,NA,NA,0,0
"3883",2015-09-09,NA,NA,0,0
"3884",2015-09-10,NA,NA,0,0
"3885",2015-09-11,NA,NA,0,0
"3886",2015-09-14,NA,NA,0,0
"3887",2015-09-15,NA,NA,0,0
"3888",2015-09-16,NA,NA,0,0
"3889",2015-09-17,NA,NA,0,0
"3890",2015-09-18,NA,NA,0,0
"3891",2015-09-21,NA,NA,0,0
"3892",2015-09-22,NA,NA,0,0
"3893",2015-09-23,NA,NA,0,0
"3894",2015-09-24,NA,NA,0,0
"3895",2015-09-25,NA,NA,0,0
"3896",2015-09-30,NA,NA,0,0
"3897",2015-10-01,NA,NA,0,0
"3898",2015-10-02,NA,NA,0,0
"3899",2015-10-05,NA,NA,0,0
"3900",2015-10-06,NA,NA,0,0
"3901",2015-10-07,NA,NA,0,0
"3902",2015-10-08,NA,NA,0,0
"3903",2015-10-12,NA,NA,0,0
"3904",2015-10-13,NA,NA,0,0
"3905",2015-10-14,NA,NA,0,0
"3906",2015-10-15,NA,NA,0,0
"3907",2015-10-16,NA,NA,0,0
"3908",2015-10-19,NA,NA,0,0
"3909",2015-10-20,NA,NA,0,0
"3910",2015-10-21,NA,NA,0,0
"3911",2015-10-22,NA,NA,0,0
"3912",2015-10-23,NA,NA,0,0
"3913",2015-10-26,NA,NA,0,0
"3914",2015-10-27,NA,NA,0,0
"3915",2015-10-28,NA,NA,0,0
"3916",2015-10-29,NA,NA,0,0
"3917",2015-10-30,NA,NA,0,0
"3918",2015-11-02,NA,NA,0,0
"3919",2015-11-03,NA,NA,0,0
"3920",2015-11-04,NA,NA,0,0
"3921",2015-11-05,NA,NA,0,0
"3922",2015-11-06,NA,NA,0,0
"3923",2015-11-09,NA,NA,0,0
"3924",2015-11-10,NA,NA,0,0
"3925",2015-11-11,NA,NA,0,0
"3926",2015-11-12,NA,NA,0,0
"3927",2015-11-13,NA,NA,0,0
"3928",2015-11-16,NA,NA,0,0
"3929",2015-11-17,NA,NA,0,0
"3930",2015-11-18,NA,NA,0,0
"3931",2015-11-19,NA,NA,0,0
"3932",2015-11-20,NA,NA,0,0
"3933",2015-11-23,NA,NA,0,0
"3934",2015-11-24,NA,NA,0,0
"3935",2015-11-25,NA,NA,0,0
"3936",2015-11-26,NA,NA,0,0
"3937",2015-11-27,NA,NA,0,0
"3938",2015-11-30,NA,NA,0,0
"3939",2015-12-01,NA,NA,0,0
"3940",2015-12-02,NA,NA,0,0
"3941",2015-12-03,NA,NA,0,0
"3942",2015-12-04,NA,NA,0,0
"3943",2015-12-07,NA,NA,0,0
"3944",2015-12-08,NA,NA,0,0
"3945",2015-12-09,NA,NA,0,0
"3946",2015-12-10,NA,NA,0,0
"3947",2015-12-11,NA,NA,0,0
"3948",2015-12-14,NA,NA,0,0
"3949",2015-12-15,NA,NA,0,0
"3950",2015-12-16,NA,NA,0,0
"3951",2015-12-17,NA,NA,0,0
"3952",2015-12-18,NA,NA,0,0
"3953",2015-12-21,NA,NA,0,0
"3954",2015-12-22,NA,NA,0,0
"3955",2015-12-23,NA,NA,0,0
"3956",2015-12-24,NA,NA,0,0
"3957",2015-12-28,NA,NA,0,0
"3958",2015-12-29,NA,NA,0,0
"3959",2015-12-30,NA,NA,0,0
"3960",2016-01-04,NA,NA,0,0
"3961",2016-01-05,NA,NA,0,0
"3962",2016-01-06,NA,NA,0,0
"3963",2016-01-07,NA,NA,0,0
"3964",2016-01-08,NA,NA,0,0
"3965",2016-01-11,NA,NA,0,0
"3966",2016-01-12,NA,NA,0,0
"3967",2016-01-13,NA,NA,0,0
"3968",2016-01-14,NA,NA,0,0
"3969",2016-01-15,NA,NA,0,0
"3970",2016-01-18,NA,NA,0,0
"3971",2016-01-19,NA,NA,0,0
"3972",2016-01-20,NA,NA,0,0
"3973",2016-01-21,NA,NA,0,0
"3974",2016-01-22,NA,NA,0,0
"3975",2016-01-25,NA,NA,0,0
"3976",2016-01-26,NA,NA,0,0
"3977",2016-01-27,NA,NA,0,0
"3978",2016-01-28,NA,NA,0,0
"3979",2016-01-29,NA,NA,0,0
"3980",2016-02-01,NA,NA,0,0
"3981",2016-02-02,NA,NA,0,0
"3982",2016-02-03,NA,NA,0,0
"3983",2016-02-04,NA,NA,0,0
"3984",2016-02-05,169927,24000,-225272,-18439
"3985",2016-02-11,144084,20350,-5512,38430
"3986",2016-02-12,141959,20050,2597,16438
"3987",2016-02-15,138419,19550,-39293,11843
"3988",2016-02-16,142668,20150,28405,-104725
"3989",2016-02-17,149748,21150,-17854,-9235
"3990",2016-02-18,155766,22000,-3754,746
"3991",2016-02-19,164616,23250,95613,-71311
"3992",2016-02-22,161784,22850,3459,-23717
"3993",2016-02-23,166032,23450,16070,-15088
"3994",2016-02-24,157536,22250,1810,-3306
"3995",2016-02-25,151518,21400,22659,-23083
"3996",2016-02-26,154350,21800,17707,7951
"3997",2016-02-29,151164,21350,6075,-4947
"3998",2016-03-02,153288,21650,26201,-15926
"3999",2016-03-03,152226,21500,14646,-26450
"4000",2016-03-04,147270,20800,22978,-66987
"4001",2016-03-07,144438,20400,64293,-103481
"4002",2016-03-08,141605,20000,3571,-313896
"4003",2016-03-09,141605,20000,51235,-561554
"4004",2016-03-10,165678,23400,65538,-211043
"4005",2016-03-11,176299,24900,2245,249229
"4006",2016-03-14,168510,23800,-72779,1018
"4007",2016-03-15,173467,24500,66124,-12814
"4008",2016-03-16,165324,23350,-4323,-40897
"4009",2016-03-17,172051,24300,109683,-61730
"4010",2016-03-18,175237,24750,15961,8628
"4011",2016-03-21,168510,23800,3331,-70862
"4012",2016-03-22,172051,24300,-7550,-7653
"4013",2016-03-23,184087,26000,14207,2148
"4014",2016-03-24,182671,25800,-10564,-23051
"4015",2016-03-25,173467,24500,16955,-2343
"4016",2016-03-28,172405,24350,-940,-4556
"4017",2016-03-29,168865,23850,-11848,-3310
"4018",2016-03-30,168510,23800,-40710,-7913
"4019",2016-03-31,168156,23750,-6061,-2035
"4020",2016-04-01,173467,24500,36134,4490
"4021",2016-04-04,174175,24600,14599,-2573
"4022",2016-04-05,169927,24000,-1379,-3258
"4023",2016-04-06,163908,23150,-33874,939
"4024",2016-04-07,164616,23250,3350,1120
"4025",2016-04-08,162492,22950,-77590,695
"4026",2016-04-11,159660,22550,40467,32180
"4027",2016-04-12,185149,26150,37709,11599
"4028",2016-04-14,182671,25800,227922,-69386
"4029",2016-04-15,176653,24950,-15997,-8454
"4030",2016-04-18,182317,25750,968,28883
"4031",2016-04-19,179839,25400,1767,879
"4032",2016-04-20,185503,26200,79423,-42
"4033",2016-04-21,193999,27400,10030,-16386
"4034",2016-04-22,196832,27800,30440,-29285
"4035",2016-04-25,197186,27850,52863,-31962
"4036",2016-04-26,196478,27750,20290,-19004
"4037",2016-04-27,198248,28000,81246,-11232
"4038",2016-04-28,197186,27850,58443,-84638
"4039",2016-04-29,191521,27050,-4231,9797
"4040",2016-05-02,191521,27050,-1632,2266
"4041",2016-05-03,194708,27500,57004,-27147
"4042",2016-05-04,199310,28150,11017,-5566
"4043",2016-05-09,196478,27750,67310,-40541
"4044",2016-05-10,207806,29350,71336,-69447
"4045",2016-05-11,205328,29000,-12146,-76897
"4046",2016-05-12,206036,29100,23239,-46255
"4047",2016-05-13,207098,29250,106338,-60664
"4048",2016-05-16,197186,27850,-15808,-55876
"4049",2016-05-17,202142,28550,68960,-29865
"4050",2016-05-18,198248,28000,27424,-43568
"4051",2016-05-19,189397,26750,10405,-65651
"4052",2016-05-20,187273,26450,16439,-23758
"4053",2016-05-23,183733,25950,6152,-53771
"4054",2016-05-24,188689,26650,61339,-75455
"4055",2016-05-25,191521,27050,70617,-88159
"4056",2016-05-26,191167,27000,64803,-40239
"4057",2016-05-27,201080,28400,74266,-62664
"4058",2016-05-30,205328,29000,52349,-6081
"4059",2016-05-31,200726,28350,-41323,-4464
"4060",2016-06-01,203558,28750,54213,5
"4061",2016-06-02,204266,28850,11961,-8183
"4062",2016-06-03,201434,28450,8517,-7337
"4063",2016-06-07,203558,28750,-5432,-25007
"4064",2016-06-08,217010,30650,-39834,-34846
"4065",2016-06-09,209576,29600,29373,-30077
"4066",2016-06-10,205328,29000,27864,-21645
"4067",2016-06-13,206390,29150,17714,-46349
"4068",2016-06-14,202850,28650,27180,-39886
"4069",2016-06-15,198248,28000,73584,-49549
"4070",2016-06-16,193645,27350,4643,-27318
"4071",2016-06-17,193645,27350,2324,-30358
"4072",2016-06-20,191875,27100,8483,-20362
"4073",2016-06-21,200018,28250,-24268,-65588
"4074",2016-06-22,198602,28050,-19470,-52840
"4075",2016-06-23,200018,28250,28077,8503
"4076",2016-06-24,191167,27000,43358,-6681
"4077",2016-06-27,188335,26600,-51015,-1414
"4078",2016-06-28,190459,26900,-10012,34789
"4079",2016-06-29,195770,27650,21344,-1415
"4080",2016-06-30,194708,27500,-8430,2061
"4081",2016-07-01,196832,27800,-14874,-5323
"4082",2016-07-04,196478,27750,0,-336
"4083",2016-07-05,191521,27050,-57167,-3423
"4084",2016-07-06,183379,25900,-72513,15084
"4085",2016-07-07,189043,26700,-7952,8503
"4086",2016-07-08,185503,26200,5508,1302
"4087",2016-07-11,190459,26900,-72,7952
"4088",2016-07-12,188689,26650,9904,12311
"4089",2016-07-13,185857,26250,3764,3132
"4090",2016-07-14,196124,27700,24645,9501
"4091",2016-07-15,192583,27200,-36020,-9640
"4092",2016-07-18,190459,26900,-32517,12355
"4093",2016-07-19,196124,27700,59347,5112
"4094",2016-07-20,197894,27950,35712,11113
"4095",2016-07-21,196478,27750,-6974,12695
"4096",2016-07-22,192229,27150,-9917,16139
"4097",2016-07-25,187627,26500,-27119,3455
"4098",2016-07-26,187627,26500,-228,1870
"4099",2016-07-27,187627,26500,4626,5542
"4100",2016-07-28,185503,26200,-1302,2156
"4101",2016-07-29,185503,26200,-22152,-133
"4102",2016-08-01,180547,25500,-13362,-1963
"4103",2016-08-02,177361,25050,-5070,4035
"4104",2016-08-03,173467,24500,1019,-28025
"4105",2016-08-04,176653,24950,-409,3012
"4106",2016-08-05,176299,24900,2930,-1795
"4107",2016-08-08,180901,25550,-1992,370
"4108",2016-08-09,177715,25100,7796,1998
"4109",2016-08-10,181963,25700,-5591,-1126
"4110",2016-08-11,178423,25200,-2557,-8818
"4111",2016-08-12,176653,24950,-1691,-1020
"4112",2016-08-16,173467,24500,-1383,6277
"4113",2016-08-17,176653,24950,46289,342
"4114",2016-08-18,174529,24650,-2056,-4720
"4115",2016-08-19,170635,24100,-376,3845
"4116",2016-08-22,167802,23700,19111,1114
"4117",2016-08-23,163200,23050,-18628,-6383
"4118",2016-08-24,157890,22300,-30302,-9497
"4119",2016-08-25,155412,21950,16686,-59314
"4120",2016-08-26,155058,21900,-23273,22570
"4121",2016-08-29,154704,21850,16076,25
"4122",2016-08-30,157182,22200,-2363,9707
"4123",2016-08-31,153996,21750,2554,-14354
"4124",2016-09-01,156828,22150,0,-646
"4125",2016-09-02,156474,22100,-3505,-12291
"4126",2016-09-05,156120,22050,-354,2886
"4127",2016-09-06,156120,22050,-13983,-4319
"4128",2016-09-07,160722,22700,-740,10084
"4129",2016-09-08,158598,22400,6762,-16714
"4130",2016-09-09,158952,22450,-1263,-1868
"4131",2016-09-12,156474,22100,2524,-2366
"4132",2016-09-13,156120,22050,-11289,-13667
"4133",2016-09-19,152580,21550,-1641,-22153
"4134",2016-09-20,152226,21500,-1046,-13667
"4135",2016-09-21,153288,21650,-558,-14290
"4136",2016-09-22,157536,22250,-361,7323
"4137",2016-09-23,160722,22700,12954,-7102
"4138",2016-09-26,159306,22500,-2462,-1284
"4139",2016-09-27,161430,22800,18531,-5123
"4140",2016-09-28,162846,23000,24208,-1966
"4141",2016-09-29,169219,23900,17919,402
"4142",2016-09-30,167802,23700,3239,-10929
"4143",2016-10-04,167802,23700,18785,-3291
"4144",2016-10-05,168156,23750,-3521,-4251
"4145",2016-10-06,169573,23950,1507,-323
"4146",2016-10-07,169927,24000,-319,-489
"4147",2016-10-10,170281,24050,-2263,-602
"4148",2016-10-11,172051,24300,-4754,11630
"4149",2016-10-12,179131,25300,61765,-7227
"4150",2016-10-13,175945,24850,967,-23733
"4151",2016-10-14,176653,24950,41545,-12527
"4152",2016-10-17,171343,24200,-129,-26513
"4153",2016-10-18,170989,24150,236,13291
"4154",2016-10-19,162492,22950,-21890,-17516
"4155",2016-10-20,162846,23000,-20986,8594
"4156",2016-10-21,158598,22400,-1186,3178
"4157",2016-10-24,163908,23150,4057,-2528
"4158",2016-10-25,161430,22800,-671,-2648
"4159",2016-10-26,160722,22700,2200,-3039
"4160",2016-10-27,164616,23250,18109,-6420
"4161",2016-10-28,169927,24000,9442,5250
"4162",2016-10-31,168510,23800,-21,-10562
"4163",2016-11-01,164970,23300,-5987,882
"4164",2016-11-02,157536,22250,-9071,-2136
"4165",2016-11-03,157890,22300,-4484,1275
"4166",2016-11-04,159660,22550,-1853,907
"4167",2016-11-07,164616,23250,15385,4897
"4168",2016-11-08,169927,24000,-7130,-1817
"4169",2016-11-09,166740,23550,37113,-14
"4170",2016-11-10,169219,23900,12349,-2556
"4171",2016-11-11,170635,24100,2391,4851
"4172",2016-11-14,168156,23750,-12871,-3480
"4173",2016-11-15,164616,23250,-469,4705
"4174",2016-11-16,164616,23250,-16213,3025
"4175",2016-11-17,165324,23350,1683,5777
"4176",2016-11-18,162492,22950,-11544,-135
"4177",2016-11-21,160368,22650,-1140,-743
"4178",2016-11-22,160014,22600,4311,1530
"4179",2016-11-23,156120,22050,-14953,-6899
"4180",2016-11-24,146916,20750,-10873,281
"4181",2016-11-25,146208,20650,-11948,262
"4182",2016-11-28,145854,20600,6101,-5801
"4183",2016-11-29,146916,20750,-343,-1021
"4184",2016-11-30,147624,20850,1058,-6330
"4185",2016-12-01,149748,21150,-4778,3737
"4186",2016-12-02,150456,21250,-7732,7905
"4187",2016-12-05,147270,20800,-780,-2937
"4188",2016-12-06,150456,21250,5807,2054
"4189",2016-12-07,151164,21350,9018,-3334
"4190",2016-12-08,151518,21400,1660,70
"4191",2016-12-09,155766,22000,2570,5709
"4192",2016-12-12,158244,22350,17849,-1302
"4193",2016-12-13,157890,22300,-93,3006
"4194",2016-12-14,157536,22250,-805,-2345
"4195",2016-12-15,155058,21900,-13682,-7391
"4196",2016-12-16,153996,21750,608,-2170
"4197",2016-12-19,150456,21250,-1021,-7341
"4198",2016-12-20,147978,20900,-2166,-11142
"4199",2016-12-21,147270,20800,-27130,-8841
"4200",2016-12-22,141605,20000,-71441,-15570
"4201",2016-12-23,142313,20100,-18532,-3192
"4202",2016-12-26,143376,20250,984,-9595
"4203",2016-12-27,142313,20100,-15569,-5320
"4204",2016-12-28,145500,20550,5750,-4746
"4205",2016-12-29,145146,20500,-3680,-2936
"4206",2017-01-02,141605,20000,-37489,-15056
"4207",2017-01-03,141605,20000,-66707,-2481
"4208",2017-01-04,147270,20800,-1014,33033
"4209",2017-01-05,150456,21250,5323,23390
"4210",2017-01-06,150810,21300,-4256,7756
"4211",2017-01-09,145500,20550,-6550,-2031
"4212",2017-01-10,142313,20100,-9091,-7851
"4213",2017-01-11,143022,20200,-6068,-2236
"4214",2017-01-12,143022,20200,312,-4466
"4215",2017-01-13,143730,20300,3217,1092
"4216",2017-01-16,143022,20200,-4574,-6611
"4217",2017-01-17,141605,20000,-21338,384
"4218",2017-01-18,137357,19400,-3937,-14981
"4219",2017-01-19,139127,19650,-7720,-4945
"4220",2017-01-20,138419,19550,-14679,-1175
"4221",2017-01-23,136295,19250,-14180,-1596
"4222",2017-01-24,135941,19200,-4196,-2178
"4223",2017-01-25,134879,19050,-3649,-603
"4224",2017-01-26,138773,19600,5363,2971
"4225",2017-01-31,138419,19550,-5369,-2062
"4226",2017-02-01,139481,19700,-1434,-413
"4227",2017-02-02,134525,19000,-92419,-4370
"4228",2017-02-03,133109,18800,-2608,-3570
"4229",2017-02-06,130985,18500,-405,1026
"4230",2017-02-07,131339,18550,-249,-1380
"4231",2017-02-08,131693,18600,3423,887
"4232",2017-02-09,130277,18400,-32956,2592
"4233",2017-02-10,141605,20000,53900,5017
"4234",2017-02-13,145854,20600,33240,-5737
"4235",2017-02-14,146208,20650,6909,8800
"4236",2017-02-15,144084,20350,6820,-481
"4237",2017-02-16,142668,20150,1510,3786
"4238",2017-02-17,141251,19950,-15725,8989
"4239",2017-02-20,140189,19800,-21229,7714
"4240",2017-02-21,141605,20000,1311,2246
"4241",2017-02-22,145854,20600,-12529,18829
"4242",2017-02-23,143376,20250,-18621,4564
"4243",2017-02-24,142313,20100,360,1998
"4244",2017-02-27,143730,20300,3914,-1716
"4245",2017-02-28,140897,19900,-19928,-3197
"4246",2017-03-02,137357,19400,-13522,-4603
"4247",2017-03-03,133463,18850,-15259,-636
"4248",2017-03-06,134525,19000,-17817,-1075
"4249",2017-03-07,133817,18900,-4781,-4269
"4250",2017-03-08,135587,19150,18796,-30921
"4251",2017-03-09,141605,20000,6658,-84692
"4252",2017-03-10,144792,20450,-963,3485
"4253",2017-03-13,142313,20100,-24528,-2184
"4254",2017-03-14,140543,19850,-38310,-21730
"4255",2017-03-15,140897,19900,-25866,-868
"4256",2017-03-16,139835,19750,-14354,-762
"4257",2017-03-17,144438,20400,-48301,4167
"4258",2017-03-20,147624,20850,14640,963
"4259",2017-03-21,149040,21050,19678,-8561
"4260",2017-03-22,148332,20950,-1791,2520
"4261",2017-03-23,150102,21200,17689,-515
"4262",2017-03-24,149748,21150,3503,-13314
"4263",2017-03-27,146562,20700,15168,-9780
"4264",2017-03-28,155412,21950,-7497,51430
"4265",2017-03-29,153288,21650,-25699,-22251
"4266",2017-03-30,151164,21350,3040,-7540
"4267",2017-03-31,152934,21600,4556,11090
"4268",2017-04-03,153642,21700,9330,1514
"4269",2017-04-04,153642,21700,22095,4424
"4270",2017-04-05,153642,21700,-37069,2590
"4271",2017-04-06,151518,21400,17271,677
"4272",2017-04-07,151164,21350,1002,-572
"4273",2017-04-10,150810,21300,52010,-24789
"4274",2017-04-11,150810,21300,21234,-22492
"4275",2017-04-12,148332,20950,-3233,-3182
"4276",2017-04-13,152580,21550,48815,-13344
"4277",2017-04-14,153996,21750,28660,25202
"4278",2017-04-17,156474,22100,16324,11731
"4279",2017-04-18,161430,22800,94025,21528
"4280",2017-04-19,166386,23500,59526,1830
"4281",2017-04-20,165678,23400,81344,-39145
"4282",2017-04-21,166386,23500,-45782,15299
"4283",2017-04-24,164970,23300,23160,-44242
"4284",2017-04-25,163908,23150,2589,-14270
"4285",2017-04-26,162492,22950,-3278,-6016
"4286",2017-04-27,162846,23000,19025,-6392
"4287",2017-04-28,158598,22400,43254,330
"4288",2017-05-02,157890,22300,9311,-1393
"4289",2017-05-04,158598,22400,4889,-5056
"4290",2017-05-08,159306,22500,-569,-29557
"4291",2017-05-10,158598,22400,-2267,-2094
"4292",2017-05-11,155412,21950,-6975,-18545
"4293",2017-05-12,162138,22900,4622,-18625
"4294",2017-05-15,168156,23750,-4732,-135
"4295",2017-05-16,169219,23900,-17260,-25164
"4296",2017-05-17,168510,23800,-11579,-27703
"4297",2017-05-18,171697,24250,24937,-34977
"4298",2017-05-19,179839,25400,56716,20586
"4299",2017-05-22,180193,25450,33872,-10192
"4300",2017-05-23,175237,24750,-3602,-1081
"4301",2017-05-24,175237,24750,9138,11053
"4302",2017-05-25,171343,24200,-16987,-3868
"4303",2017-05-26,172405,24350,-14169,6353
"4304",2017-05-29,169927,24000,-11518,3976
"4305",2017-05-30,167802,23700,-32833,12869
"4306",2017-05-31,175237,24750,-77797,-3524
"4307",2017-06-01,173467,24500,-26565,-28811
"4308",2017-06-02,173113,24450,-10243,-14496
"4309",2017-06-05,178423,25200,-36011,-5837
"4310",2017-06-07,175945,24850,-55462,-47658
"4311",2017-06-08,174883,24700,-15861,9346
"4312",2017-06-09,175945,24850,-14743,13228
"4313",2017-06-12,176653,24950,-7811,2340
"4314",2017-06-13,186919,26400,46401,49755
"4315",2017-06-14,190459,26900,-10300,-34613
"4316",2017-06-15,186565,26350,-13235,-12463
"4317",2017-06-16,181255,25600,-19804,-2413
"4318",2017-06-19,184795,26100,10484,18833
"4319",2017-06-20,179839,25400,0,-11667
"4320",2017-06-21,175945,24850,33,-9623
"4321",2017-06-22,176653,24950,-3145,-4266
"4322",2017-06-23,180547,25500,1423,1631
"4323",2017-06-26,177715,25100,0,-14246
"4324",2017-06-27,179485,25350,-25748,-1168
"4325",2017-06-28,172051,24300,-11094,-20107
"4326",2017-06-29,172051,24300,-3400,3728
"4327",2017-06-30,175591,24800,21623,2954
"4328",2017-07-03,176653,24950,-5873,-1161
"4329",2017-07-04,172759,24400,-10363,200
"4330",2017-07-05,173113,24450,-9776,9801
"4331",2017-07-06,176299,24900,4407,366
"4332",2017-07-07,174883,24700,-12,-8194
"4333",2017-07-10,173467,24500,4596,-4940
"4334",2017-07-11,168510,23800,12927,3386
"4335",2017-07-12,169573,23950,2420,6294
"4336",2017-07-13,170989,24150,5164,-468
"4337",2017-07-14,170635,24100,0,-10548
"4338",2017-07-17,165678,23400,-19736,-2104
"4339",2017-07-18,166032,23450,12727,752
"4340",2017-07-19,164970,23300,-34290,8786
"4341",2017-07-20,172051,24300,2314,15290
"4342",2017-07-21,172051,24300,0,-7086
"4343",2017-07-24,177715,25100,6850,4963
"4344",2017-07-25,174529,24650,653,-4811
"4345",2017-07-26,177361,25050,9735,231
"4346",2017-07-27,188335,26600,-34221,-1847
"4347",2017-07-28,183379,25900,-10453,-25444
"4348",2017-07-31,178423,25200,3627,4294
"4349",2017-08-01,175237,24750,-5937,18170
"4350",2017-08-02,172759,24400,0,7535
"4351",2017-08-03,170281,24050,20171,8112
"4352",2017-08-04,185857,26250,84971,-22928
"4353",2017-08-07,188689,26650,-64892,-4623
"4354",2017-08-08,200018,28250,10676,-28553
"4355",2017-08-09,198602,28050,41473,4742
"4356",2017-08-10,196478,27750,-47135,-22531
"4357",2017-08-11,196832,27800,-74928,38941
"4358",2017-08-14,198248,28000,14209,6299
"4359",2017-08-16,205328,29000,31043,11102
"4360",2017-08-17,204266,28850,-24223,-32171
"4361",2017-08-18,200018,28250,-15794,-14313
"4362",2017-08-21,197894,27950,-34401,-18972
"4363",2017-08-22,194708,27500,-18531,3363
"4364",2017-08-23,200372,28300,-2835,31834
"4365",2017-08-24,209576,29600,18941,41985
"4366",2017-08-25,213116,30100,-84304,41287
"4367",2017-08-28,213824,30200,12582,-44447
"4368",2017-08-29,213470,30150,-6280,-18821
"4369",2017-08-30,211700,29900,-5505,1935
"4370",2017-08-31,209576,29600,-12413,2790
"4371",2017-09-01,204266,28850,-69909,38028
"4372",2017-09-04,198248,28000,825,40402
"4373",2017-09-05,193645,27350,-53697,29802
"4374",2017-09-06,198248,28000,638,33642
"4375",2017-09-07,198248,28000,8907,2738
"4376",2017-09-08,192937,27250,-4322,-8285
"4377",2017-09-11,191875,27100,17296,39029
"4378",2017-09-12,193999,27400,-672,-3987
"4379",2017-09-13,182317,25750,-21624,7654
"4380",2017-09-14,189043,26700,-3722,27599
"4381",2017-09-15,191167,27000,46255,4103
"4382",2017-09-18,189751,26800,-45370,5917
"4383",2017-09-19,183379,25900,-55848,31373
"4384",2017-09-20,184795,26100,-27576,31532
"4385",2017-09-21,182671,25800,-23192,2215
"4386",2017-09-22,178069,25150,-17862,18706
"4387",2017-09-25,175945,24850,-22445,49846
"4388",2017-09-26,183733,25950,14789,8924
"4389",2017-09-27,182317,25750,-51423,-42253
"4390",2017-09-28,180547,25500,-16923,-2184
"4391",2017-09-29,181609,25650,-7351,2266
"4392",2017-10-10,173467,24500,-17127,-28914
"4393",2017-10-11,182671,25800,46545,-40467
"4394",2017-10-12,181609,25650,-31957,-38123
"4395",2017-10-13,169927,24000,-85966,-3820
"4396",2017-10-16,166386,23500,-6909,43104
"4397",2017-10-17,167448,23650,5904,11803
"4398",2017-10-18,164970,23300,-47,9694
"4399",2017-10-19,165678,23400,1731,3842
"4400",2017-10-20,170281,24050,20881,-17113
"4401",2017-10-23,168156,23750,-8261,-15574
"4402",2017-10-24,170635,24100,642,7220
"4403",2017-10-25,172759,24400,-5515,-18154
"4404",2017-10-26,170635,24100,6,-14814
"4405",2017-10-27,168865,23850,-4421,-3126
"4406",2017-10-30,170635,24100,-5087,25873
"4407",2017-10-31,173113,24450,5614,-9056
"4408",2017-11-01,169927,24000,3004,-16215
"4409",2017-11-02,167802,23700,-38,-1724
"4410",2017-11-03,165678,23400,-112,-5409
"4411",2017-11-06,165678,23400,13112,-2143
"4412",2017-11-07,164970,23300,-700,-7131
"4413",2017-11-08,161784,22850,5717,-3636
"4414",2017-11-09,166386,23500,31,9408
"4415",2017-11-10,168865,23850,16906,-11505
"4416",2017-11-13,170989,24150,-1483,-29758
"4417",2017-11-14,169573,23950,-3274,4726
"4418",2017-11-15,173467,24500,-39509,-33016
"4419",2017-11-16,170989,24150,-59882,-4381
"4420",2017-11-17,166032,23450,-6961,-13510
"4421",2017-11-20,165324,23350,-5420,-12085
"4422",2017-11-21,166740,23550,2803,-15521
"4423",2017-11-22,163200,23050,-29879,-17121
"4424",2017-11-23,161430,22800,-7283,-2661
"4425",2017-11-24,165324,23350,43158,-14046
"4426",2017-11-27,170635,24100,57071,-105849
"4427",2017-11-28,168510,23800,18632,-18779
"4428",2017-11-29,175237,24750,-29387,-44095
"4429",2017-11-30,170989,24150,-3302,-45381
"4430",2017-12-01,169573,23950,-2492,-4256
"4431",2017-12-04,168510,23800,7969,-12027
"4432",2017-12-05,169927,24000,-8314,-17198
"4433",2017-12-06,169219,23900,729,-18963
"4434",2017-12-07,166386,23500,5767,-17866
"4435",2017-12-08,164970,23300,1081,-10587
"4436",2017-12-11,164262,23200,1817,5126
"4437",2017-12-12,161784,22850,1614,-9696
"4438",2017-12-13,162492,22950,5789,-22719
"4439",2017-12-14,164970,23300,6938,-35284
"4440",2017-12-15,164262,23200,1279,-22347
"4441",2017-12-18,167094,23600,13822,-18342
"4442",2017-12-19,166386,23500,12926,-35985
"4443",2017-12-20,163200,23050,648,5525
"4444",2017-12-21,157182,22200,-1301,-9218
"4445",2017-12-22,156474,22100,-13022,17506
"4446",2017-12-26,156120,22050,3889,-6332
"4447",2017-12-27,160722,22700,-4170,12366
"4448",2017-12-28,165678,23400,15860,-21897
"4449",2018-01-02,166032,23450,-3244,13725
"4450",2018-01-03,165324,23350,-5144,-8637
"4451",2018-01-04,172405,24350,53618,-32895
"4452",2018-01-05,170635,24100,-25057,-20203
"4453",2018-01-08,166740,23550,-6221,-9986
"4454",2018-01-09,166386,23500,139,-1392
"4455",2018-01-10,163200,23050,-8168,-6308
"4456",2018-01-11,165324,23350,-7266,-2869
"4457",2018-01-12,162492,22950,-5493,-18534
"4458",2018-01-15,160722,22700,183,-7336
"4459",2018-01-16,163200,23050,-2204,14578
"4460",2018-01-17,165678,23400,-41622,-13818
"4461",2018-01-18,166740,23550,-24745,-32410
"4462",2018-01-19,168510,23800,-25583,5683
"4463",2018-01-22,170635,24100,572,-16009
"4464",2018-01-23,172051,24300,-86145,-55851
"4465",2018-01-24,174175,24600,-4860,5204
"4466",2018-01-25,175237,24750,6377,-23204
"4467",2018-01-26,175945,24850,97,396
"4468",2018-01-29,178423,25200,3498,-3889
"4469",2018-01-30,176299,24900,-33957,-6537
"4470",2018-01-31,177715,25100,98,-59293
"4471",2018-02-01,180547,25500,0,-36354
"4472",2018-02-02,177715,25100,-1937,-21955
"4473",2018-02-05,169927,24000,440,-34890
"4474",2018-02-06,172759,24400,98515,12437
"4475",2018-02-07,180193,25450,281700,-70043
"4476",2018-02-08,188335,26600,66895,-66343
"4477",2018-02-09,193645,27350,162790,-64738
"4478",2018-02-12,194708,27500,-26577,-85576
"4479",2018-02-13,194353,27450,59040,-22077
"4480",2018-02-14,190459,26900,-153800,2510
"4481",2018-02-19,197186,27850,35071,52284
"4482",2018-02-20,196832,27800,65001,-46648
"4483",2018-02-21,202142,28550,165708,31688
"4484",2018-02-22,198248,28000,15166,-62037
"4485",2018-02-23,193645,27350,-741,11421
"4486",2018-02-26,188689,26650,-2260,67910
"4487",2018-02-27,193999,27400,23839,14330
"4488",2018-02-28,189043,26700,2413,-20734
"4489",2018-03-02,184441,26050,4239,21400
"4490",2018-03-05,176653,24950,-27379,38353
"4491",2018-03-06,181255,25600,-251,14785
"4492",2018-03-07,180193,25450,19549,-7337
"4493",2018-03-08,182671,25800,5634,-2675
"4494",2018-03-09,179839,25400,-6377,2481
"4495",2018-03-12,180193,25450,36332,13002
"4496",2018-03-13,185503,26200,26,-4869
"4497",2018-03-14,178423,25200,-17580,-35641
"4498",2018-03-15,181255,25600,4434,-13815
"4499",2018-03-16,183025,25850,67694,-9832
"4500",2018-03-19,182317,25750,38539,7010
"4501",2018-03-20,180901,25550,37553,-25791
"4502",2018-03-21,187273,26450,63495,4467
"4503",2018-03-22,186565,26350,-24600,-37867
"4504",2018-03-23,174883,24700,-7451,-44147
"4505",2018-03-26,176653,24950,-6250,-8494
"4506",2018-03-27,175591,24800,21121,1418
"4507",2018-03-28,174529,24650,-3772,-16249
"4508",2018-03-29,176653,24950,9438,-3905
"4509",2018-03-30,177007,25000,20930,2519
"4510",2018-04-02,173821,24550,216,-2638
"4511",2018-04-03,172759,24400,3570,1370
"4512",2018-04-04,169573,23950,-9742,-7256
"4513",2018-04-05,168510,23800,15916,-1005
"4514",2018-04-06,167802,23700,19453,10550
"4515",2018-04-09,166740,23550,0,11390
"4516",2018-04-10,167802,23700,25706,-966
"4517",2018-04-11,168865,23850,9875,71
"4518",2018-04-12,167802,23700,-4401,3518
"4519",2018-04-13,170989,24150,6564,-1981
"4520",2018-04-16,172405,24350,29191,-7197
"4521",2018-04-17,177361,25050,33104,29322
"4522",2018-04-18,174175,24600,-7235,-26719
"4523",2018-04-19,170635,24100,22976,-8331
"4524",2018-04-20,172051,24300,2100,443
"4525",2018-04-23,171697,24250,-8150,-20131
"4526",2018-04-24,170635,24100,-43557,-25825
"4527",2018-04-25,166740,23550,-5865,-18638
"4528",2018-04-26,166032,23450,-9439,-11857
"4529",2018-04-27,158244,22350,-55737,-10943
"4530",2018-04-30,154704,21850,-27779,-7815
"4531",2018-05-02,156828,22150,-4127,1776
"4532",2018-05-03,156120,22050,-2417,-3232
"4533",2018-05-04,152580,21550,-46143,-8367
"4534",2018-05-08,154350,21800,14569,-8743
"4535",2018-05-09,155058,21900,-15878,-14091
"4536",2018-05-10,156120,22050,587,-18298
"4537",2018-05-11,157536,22250,8782,-5903
"4538",2018-05-14,153996,21750,-3063,-25119
"4539",2018-05-15,153288,21650,-8628,-17325
"4540",2018-05-16,147978,20900,-35395,4347
"4541",2018-05-17,149748,21150,-14108,8155
"4542",2018-05-18,153642,21700,12870,13956
"4543",2018-05-21,154350,21800,-8135,-8090
"4544",2018-05-23,152580,21550,-5471,464
"4545",2018-05-24,151518,21400,-5984,-5355
"4546",2018-05-25,151518,21400,-945,-2022
"4547",2018-05-28,148686,21000,-16382,-2946
"4548",2018-05-29,150102,21200,2841,-3168
"4549",2018-05-30,150102,21200,41945,-10707
"4550",2018-05-31,160368,22650,81590,11273
"4551",2018-06-01,157890,22300,29052,-63047
"4552",2018-06-04,162138,22900,91363,-62615
"4553",2018-06-05,162846,23000,33417,-25190
"4554",2018-06-07,164262,23200,4428,-10114
"4555",2018-06-08,162492,22950,3183,-4187
"4556",2018-06-11,163200,23050,13349,-19365
"4557",2018-06-12,166032,23450,55546,-1503
"4558",2018-06-14,164616,23250,35210,-584
"4559",2018-06-15,164262,23200,38113,2053
"4560",2018-06-18,160722,22700,42539,-5858
"4561",2018-06-19,152226,21500,-1397,-13425
"4562",2018-06-20,157182,22200,30625,9622
"4563",2018-06-21,151164,21350,-16190,1312
"4564",2018-06-22,153288,21650,-12060,1450
"4565",2018-06-25,155766,22000,5480,-2949
"4566",2018-06-26,155766,22000,0,2415
"4567",2018-06-27,157182,22200,17469,-3690
"4568",2018-06-28,152580,21550,-5607,-2876
"4569",2018-06-29,151872,21450,3669,-83
"4570",2018-07-02,151164,21350,5812,-4711
"4571",2018-07-03,158952,22450,29336,-1918
"4572",2018-07-04,164970,23300,29982,-675
"4573",2018-07-05,164616,23250,282,-24488
"4574",2018-07-06,164262,23200,-10357,-14238
"4575",2018-07-09,161076,22750,-33459,3690
"4576",2018-07-10,153996,21750,-137293,-13362
"4577",2018-07-11,151518,21400,-45199,8656
"4578",2018-07-12,153642,21700,-64570,8697
"4579",2018-07-13,162846,23000,-22661,24736
"4580",2018-07-16,161430,22800,-20468,7787
"4581",2018-07-17,166740,23550,42088,14408
"4582",2018-07-18,169573,23950,20476,95
"4583",2018-07-19,165324,23350,10779,-4213
"4584",2018-07-20,169927,24000,20495,17594
"4585",2018-07-23,161430,22800,-8979,-20829
"4586",2018-07-24,164262,23200,14126,11606
"4587",2018-07-25,162492,22950,-18139,563
"4588",2018-07-26,162846,23000,-49043,-2613
"4589",2018-07-27,164262,23200,-37892,10004
"4590",2018-07-30,164616,23250,-15618,4219
"4591",2018-07-31,162138,22900,-29436,-8679
"4592",2018-08-01,166386,23500,-27401,11810
"4593",2018-08-02,162846,23000,-18872,-19922
"4594",2018-08-03,163554,23100,-14304,4265
"4595",2018-08-06,161784,22850,-11822,-4417
"4596",2018-08-07,162492,22950,-13156,-9802
"4597",2018-08-08,161430,22800,-12880,-2712
"4598",2018-08-09,158952,22450,-5392,-5668
"4599",2018-08-10,153996,21750,-44869,-3316
"4600",2018-08-13,143730,20300,-114438,-14214
"4601",2018-08-14,146208,20650,-18188,-13176
"4602",2018-08-16,145146,20500,-114230,7854
"4603",2018-08-17,144084,20350,-58507,-18951
"4604",2018-08-20,145146,20500,-18330,-2607
"4605",2018-08-21,148332,20950,-6960,2217
"4606",2018-08-22,147270,20800,-6161,-2711
"4607",2018-08-23,147624,20850,-1163,2447
"4608",2018-08-24,147624,20850,-6548,-3965
"4609",2018-08-27,146916,20750,-20951,4770
"4610",2018-08-28,151518,21400,46915,-2172
"4611",2018-08-29,156828,22150,24148,33904
"4612",2018-08-30,158598,22400,34834,-653
"4613",2018-08-31,155412,21950,-24150,7983
"4614",2018-09-03,153642,21700,-6058,999
"4615",2018-09-04,151164,21350,-56796,10300
"4616",2018-09-05,152226,21500,27239,10652
"4617",2018-09-06,160368,22650,55021,75185
"4618",2018-09-07,162846,23000,57186,-12057
"4619",2018-09-10,166032,23450,84253,-9466
"4620",2018-09-11,164262,23200,15523,3178
"4621",2018-09-12,166386,23500,73609,-11650
"4622",2018-09-13,161430,22800,-37533,-13351
"4623",2018-09-14,158598,22400,-44721,26672
"4624",2018-09-17,156120,22050,-26323,-1411
"4625",2018-09-18,157890,22300,31638,-8872
"4626",2018-09-19,159306,22500,22535,-7447
"4627",2018-09-20,154350,21800,-5329,-53881
"4628",2018-09-21,155058,21900,9308,3474
"4629",2018-09-27,154350,21800,-24593,1301
"4630",2018-09-28,151164,21350,-16026,-9097
"4631",2018-10-01,149748,21150,-6984,-1614
"4632",2018-10-02,147270,20800,-35193,-5869
"4633",2018-10-04,142313,20100,-570,2489
"4634",2018-10-05,144438,20400,1000,-1224
"4635",2018-10-08,145854,20600,-3621,-4963
"4636",2018-10-10,143022,20200,-6283,-19854
"4637",2018-10-11,129569,18300,-86858,-8405
"4638",2018-10-12,130985,18500,-6386,33282
"4639",2018-10-15,130985,18500,4742,1817
"4640",2018-10-16,132755,18750,-1227,5515
"4641",2018-10-17,131339,18550,-25802,-9677
"4642",2018-10-18,129215,18250,-24396,6310
"4643",2018-10-19,128861,18200,-32178,26054
"4644",2018-10-22,128153,18100,-17776,4462
"4645",2018-10-23,121781,17200,-11527,2934
"4646",2018-10-24,120011,16950,-5095,11077
"4647",2018-10-25,119657,16900,-13357,25186
"4648",2018-10-26,118595,16750,2002,-3764
"4649",2018-10-29,112222,15850,-13722,-11433
"4650",2018-10-30,116116,16400,-19760,25737
"4651",2018-10-31,113284,16000,-6630,6089
"4652",2018-11-01,115054,16250,10860,-4777
"4653",2018-11-02,132401,18700,33046,-42987
"4654",2018-11-05,134879,19050,67557,-21492
"4655",2018-11-06,134525,19000,54636,-16754
"4656",2018-11-07,133817,18900,7757,-4901
"4657",2018-11-08,139835,19750,78878,-8276
"4658",2018-11-09,139835,19750,32226,-1399
"4659",2018-11-12,146208,20650,46511,-3716
"4660",2018-11-13,144438,20400,37068,-10502
"4661",2018-11-14,144792,20450,5507,-11829
"4662",2018-11-15,144084,20350,4542,-6391
"4663",2018-11-16,137711,19450,-14947,4078
"4664",2018-11-19,142668,20150,47107,-3530
"4665",2018-11-20,155766,22000,18098,28292
"4666",2018-11-21,161076,22750,72165,-8387
"4667",2018-11-22,157182,22200,99060,22856
"4668",2018-11-23,157890,22300,48619,28493
"4669",2018-11-26,156120,22050,58603,-24664
"4670",2018-11-27,156120,22050,-95945,-12813
"4671",2018-11-28,168865,23850,117423,-61126
"4672",2018-11-29,189043,26700,473995,71385
"4673",2018-11-30,178069,25150,-89713,-77981
"4674",2018-12-03,185149,26150,156701,35079
"4675",2018-12-04,187981,26550,52441,-18444
"4676",2018-12-05,191521,27050,131501,-31248
"4677",2018-12-06,180193,25450,-34895,43669
"4678",2018-12-07,191167,27000,131643,80804
"4679",2018-12-10,186919,26400,60211,-36556
"4680",2018-12-11,178777,25250,-76352,32753
"4681",2018-12-12,185857,26250,13955,45856
"4682",2018-12-13,185857,26250,15429,-10026
"4683",2018-12-14,186565,26350,19728,-11882
"4684",2018-12-17,180193,25450,-73865,5228
"4685",2018-12-18,175945,24850,-31534,76023
"4686",2018-12-19,177715,25100,15750,32479
"4687",2018-12-20,176299,24900,-4326,22372
"4688",2018-12-21,175945,24850,21083,-6365
"4689",2018-12-24,168865,23850,-12258,6386
"4690",2018-12-26,167802,23700,26166,42733
"4691",2018-12-27,171343,24200,1273,-21202
"4692",2018-12-28,184087,26000,67386,-987
"4693",2019-01-02,180547,25500,-10578,-27225
"4694",2019-01-03,177715,25100,-44155,-12697
"4695",2019-01-04,168156,23750,-176559,25970
"4696",2019-01-07,179131,25300,36037,51808
"4697",2019-01-08,189043,26700,56070,72541
"4698",2019-01-09,188689,26650,-31891,-2397
"4699",2019-01-10,186211,26300,-9838,-6794
"4700",2019-01-11,195062,27550,71138,-19433
"4701",2019-01-14,199664,28200,284697,-43235
"4702",2019-01-15,203204,28700,209534,25786
"4703",2019-01-16,203204,28700,-19189,23153
"4704",2019-01-17,201080,28400,38398,-11516
"4705",2019-01-18,202142,28550,38523,-5078
"4706",2019-01-21,200372,28300,65644,-5721
"4707",2019-01-22,200372,28300,16903,-31258
"4708",2019-01-23,199310,28150,37420,16282
"4709",2019-01-24,199310,28150,-17203,28428
"4710",2019-01-25,198956,28100,10559,9548
"4711",2019-01-28,194353,27450,-74635,45224
"4712",2019-01-29,189751,26800,-52659,89478
"4713",2019-01-30,187273,26450,-38405,84392
"4714",2019-01-31,183025,25850,-35643,88925
"4715",2019-02-01,181609,25650,-82115,-14319
"4716",2019-02-07,187981,26550,11005,36900
"4717",2019-02-08,180901,25550,-85246,-27119
"4718",2019-02-11,186919,26400,13700,19129
"4719",2019-02-12,180901,25550,-82323,-7387
"4720",2019-02-13,187627,26500,53064,62230
"4721",2019-02-14,187627,26500,40075,-52232
"4722",2019-02-15,180901,25550,-151766,-38110
"4723",2019-02-18,175237,24750,-110566,50332
"4724",2019-02-19,178423,25200,-38891,61881
"4725",2019-02-20,179131,25300,-155596,1493
"4726",2019-02-21,170635,24100,-341231,50875
"4727",2019-02-22,171697,24250,23210,-1605
"4728",2019-02-25,171697,24250,4840,24044
"4729",2019-02-26,172759,24400,-31019,-39315
"4730",2019-02-27,166740,23550,-122838,-37195
"4731",2019-02-28,160368,22650,-112867,14898
"4732",2019-03-04,168156,23750,15635,41607
"4733",2019-03-05,171697,24250,157306,-95511
"4734",2019-03-06,180547,25500,209985,-80163
"4735",2019-03-07,181255,25600,132137,-44883
"4736",2019-03-08,179131,25300,31203,-31418
"4737",2019-03-11,173821,24550,-85200,-64751
"4738",2019-03-12,175591,24800,-39193,6361
"4739",2019-03-13,177007,25000,16117,10674
"4740",2019-03-14,179839,25400,72835,8142
"4741",2019-03-15,173113,24450,-51012,-84366
"4742",2019-03-18,173113,24450,-51825,43025
"4743",2019-03-19,192229,27150,218653,62226
"4744",2019-03-20,208514,29450,530855,843
"4745",2019-03-21,204620,28900,61043,-35206
"4746",2019-03-22,205682,29050,511,-39978
"4747",2019-03-25,189043,26700,-96702,32171
"4748",2019-03-26,194353,27450,122545,-5289
"4749",2019-03-27,198248,28000,218278,-55722
"4750",2019-03-28,199310,28150,147289,-85640
"4751",2019-03-29,204974,28950,121336,-29366
"4752",2019-04-01,210284,29700,115349,-76100
"4753",2019-04-02,204620,28900,-15506,-16502
"4754",2019-04-03,199310,28150,-47058,57952
"4755",2019-04-04,201434,28450,63330,4349
"4756",2019-04-05,200372,28300,-7936,-16953
"4757",2019-04-08,195770,27650,-91066,-16812
"4758",2019-04-09,191167,27000,-304932,105453
"4759",2019-04-10,192583,27200,-59128,-1096
"4760",2019-04-11,191875,27100,8431,-41198
"4761",2019-04-12,198956,28100,109329,-29927
"4762",2019-04-15,196832,27800,11233,-94146
"4763",2019-04-16,190813,26950,-60644,-9656
"4764",2019-04-17,194353,27450,5685,-858
"4765",2019-04-18,188335,26600,-8880,-94136
"4766",2019-04-19,190459,26900,-12958,3094
"4767",2019-04-22,228339,32250,430227,169020
"4768",2019-04-23,224091,31650,118210,-38347
"4769",2019-04-24,215594,30450,-127129,-54920
"4770",2019-04-25,212762,30050,96106,-29877
"4771",2019-04-26,207452,29300,36087,-20880
"4772",2019-04-29,212054,29950,9790,7568
"4773",2019-04-30,210638,29750,-3242,-24826
"4774",2019-05-02,215948,30500,6106,-45473
"4775",2019-05-03,221613,31300,23163,-3971
"4776",2019-05-07,213470,30150,-7339,-46284
"4777",2019-05-08,209930,29650,-824,11558
"4778",2019-05-09,200372,28300,-14811,-4398
"4779",2019-05-10,198602,28050,-36825,29567
"4780",2019-05-13,193645,27350,-42686,6881
"4781",2019-05-14,198248,28000,-34514,37010
"4782",2019-05-15,206390,29150,12423,10713
"4783",2019-05-16,195062,27550,-87270,-58874
"4784",2019-05-17,188335,26600,-137617,-42169
"4785",2019-05-20,181255,25600,-196718,5612
"4786",2019-05-21,191167,27000,-47295,99833
"4787",2019-05-22,198956,28100,77165,4026
"4788",2019-05-23,195062,27550,56356,-96614
"4789",2019-05-24,193291,27300,-44512,-17484
"4790",2019-05-27,197186,27850,42487,-7242
"4791",2019-05-28,199664,28200,12879,-31583
"4792",2019-05-29,199664,28200,4416,574
"4793",2019-05-30,204620,28900,22063,-40424
"4794",2019-05-31,201434,28450,-25221,-14885
"4795",2019-06-03,204620,28900,26043,1486
"4796",2019-06-04,219134,30950,67107,104465
"4797",2019-06-05,245331,34650,-6265,418612
"4798",2019-06-07,254536,35950,-38030,528833
"4799",2019-06-10,254890,36000,-69329,201672
"4800",2019-06-11,248164,35050,-106822,119899
"4801",2019-06-12,246394,34800,-123684,151538
"4802",2019-06-13,246039,34750,-31354,67477
"4803",2019-06-14,247456,34950,60546,-65799
"4804",2019-06-17,257722,36400,112303,7803
"4805",2019-06-18,246394,34800,98516,-72052
"4806",2019-06-19,247102,34900,-24614,48415
"4807",2019-06-20,261970,37000,222479,-27192
"4808",2019-06-21,260554,36800,108235,-131066
"4809",2019-06-24,261970,37000,48342,-64813
"4810",2019-06-25,257368,36350,18946,-45546
"4811",2019-06-26,260200,36750,16058,6298
"4812",2019-06-27,264448,37350,65152,-18641
"4813",2019-06-28,257368,36350,36043,-22244
"4814",2019-07-01,250288,35350,-131078,150773
"4815",2019-07-02,248872,35150,-29099,66606
"4816",2019-07-03,249934,35300,-43618,-9484
"4817",2019-07-04,249934,35300,-19281,-16135
"4818",2019-07-05,237543,33550,-241391,-13182
"4819",2019-07-08,234711,33150,-73267,124861
"4820",2019-07-09,229755,32450,-89987,70840
"4821",2019-07-10,232941,32900,-22383,37209
"4822",2019-07-11,230817,32600,-27288,12435
"4823",2019-07-12,228693,32300,-47035,30138
"4824",2019-07-15,225507,31850,-34037,-6615
"4825",2019-07-16,219842,31050,-172419,75899
"4826",2019-07-17,219488,31000,9624,7517
"4827",2019-07-18,220536,30800,-14356,10899
"4828",2019-07-19,221968,31000,-25706,-46386
"4829",2019-07-22,219104,30600,-24744,7414
"4830",2019-07-23,218388,30500,-10391,-14040
"4831",2019-07-24,211944,29600,13299,-16869
"4832",2019-07-25,211944,29600,-774,-1634
"4833",2019-07-26,212302,29650,-46166,-3118
"4834",2019-07-29,205500,28700,-18567,-24465
"4835",2019-07-30,207648,29000,-93352,40471
"4836",2019-07-31,206932,28900,-10463,-4714
"4837",2019-08-01,208722,29150,86639,-120352
"4838",2019-08-02,214450,29950,17761,43643
"4839",2019-08-05,194043,27100,-30461,-195383
"4840",2019-08-06,193685,27050,35992,18482
"4841",2019-08-07,195475,27300,-69752,-6611
"4842",2019-08-08,205858,28750,31317,11552
"4843",2019-08-09,204068,28500,-30253,-34667
"4844",2019-08-12,204784,28600,-11990,-11285
"4845",2019-08-13,200488,28000,-8066,-14241
"4846",2019-08-14,205500,28700,-5875,8537
"4847",2019-08-16,195117,27250,-9202,-47729
"4848",2019-08-19,158958,22200,-213552,23466
"4849",2019-08-20,160748,22450,-218713,-114178
"4850",2019-08-21,167908,23450,9576,141606
"4851",2019-08-22,166834,23300,-56527,-13873
"4852",2019-08-23,167550,23400,-5651,56845
"4853",2019-08-26,157526,22000,-29722,9976
"4854",2019-08-27,161464,22550,1408,25311
"4855",2019-08-28,164328,22950,-24134,14233
"4856",2019-08-29,161106,22500,-31822,-18782
"4857",2019-08-30,164686,23000,-3011,12187
"4858",2019-09-02,170056,23750,8632,16675
"4859",2019-09-03,171489,23950,13183,-17766
"4860",2019-09-04,175069,24450,25222,16369
"4861",2019-09-05,174711,24400,1200,-32876
"4862",2019-09-06,172921,24150,-76002,-31000
"4863",2019-09-09,167550,23400,-186838,37400
"4864",2019-09-10,166476,23250,-116019,70822
"4865",2019-09-11,168266,23500,-29548,49570
"4866",2019-09-16,166834,23300,-50182,15513
"4867",2019-09-17,166118,23200,-8368,29785
"4868",2019-09-18,166476,23250,-3434,72781
"4869",2019-09-19,173279,24200,28874,18562
"4870",2019-09-20,175427,24500,-236,-79416
"4871",2019-09-23,171489,23950,-16565,-31652
"4872",2019-09-24,165402,23100,-48027,79562
"4873",2019-09-25,155020,21650,-149991,-106090
"4874",2019-09-26,155378,21700,-119633,31867
"4875",2019-09-27,154662,21600,-71622,2907
"4876",2019-09-30,153230,21400,-130003,39314
"4877",2019-10-01,158242,22100,2485,46786
"4878",2019-10-02,159674,22300,44091,27857
"4879",2019-10-04,158242,22100,10503,10299
"4880",2019-10-07,158600,22150,4810,9223
"4881",2019-10-08,161106,22500,6463,36564
"4882",2019-10-10,162180,22650,4275,-28075
"4883",2019-10-11,162180,22650,3224,-13646
"4884",2019-10-14,163254,22800,2172,3107
"4885",2019-10-15,162180,22650,2127,-66640
"4886",2019-10-16,162896,22750,-6230,35229
"4887",2019-10-17,151798,21200,-181021,-161692
"4888",2019-10-18,151798,21200,-47790,39536
"4889",2019-10-21,156094,21800,-29023,144343
"4890",2019-10-22,154304,21550,-82381,-7257
"4891",2019-10-23,156094,21800,4449,57283
"4892",2019-10-24,156094,21800,3814,-12699
"4893",2019-10-25,157526,22000,185,19791
"4894",2019-10-28,159316,22250,-2,46850
"4895",2019-10-29,160748,22450,209,-7941
"4896",2019-10-30,157526,22000,-29631,-56730
"4897",2019-10-31,177933,24850,1523,-68735
"4898",2019-11-01,179365,25050,64884,-203121
"4899",2019-11-04,179365,25050,5516,-118982
"4900",2019-11-05,180439,25200,24881,-78812
"4901",2019-11-06,182587,25500,14352,-81880
"4902",2019-11-07,182587,25500,40986,-27886
"4903",2019-11-08,186883,26100,-5656,-74428
"4904",2019-11-11,179365,25050,-478,-18558
"4905",2019-11-12,182587,25500,-8367,23167
"4906",2019-11-13,177575,24800,35567,-809
"4907",2019-11-14,184019,25700,10033,45485
"4908",2019-11-15,188315,26300,41088,-7058
"4909",2019-11-18,200488,28000,87740,24502
"4910",2019-11-19,204784,28600,214361,-67576
"4911",2019-11-20,228055,31850,329335,156558
"4912",2019-11-21,212302,29650,26030,-103692
"4913",2019-11-22,216598,30250,67905,-39969
"4914",2019-11-25,210870,29450,-56456,-74547
"4915",2019-11-26,208364,29100,-165946,18016
"4916",2019-11-27,215882,30150,91078,-2963
"4917",2019-11-28,207290,28950,-85593,-126366
"4918",2019-11-29,209080,29200,67917,23090
"4919",2019-12-02,213018,29750,1502,8852
"4920",2019-12-03,210512,29400,-10780,-11132
"4921",2019-12-04,219104,30600,40256,-117015
"4922",2019-12-05,219104,30600,103028,-114603
"4923",2019-12-06,235215,32850,334663,68270
"4924",2019-12-09,234857,32800,80079,-115362
"4925",2019-12-10,236647,33050,21142,-26871
"4926",2019-12-11,226623,31650,-11282,39306
"4927",2019-12-12,227697,31800,-50129,12192
"4928",2019-12-13,242733,33900,41606,203894
"4929",2019-12-16,238437,33300,-2970,-140867
"4930",2019-12-17,243449,34000,51876,-9484
"4931",2019-12-18,242375,33850,8960,-5600
"4932",2019-12-19,233783,32650,-47441,-38662
"4933",2019-12-20,235573,32900,-45741,78399
"4934",2019-12-23,227339,31750,-41385,27045
"4935",2019-12-24,233425,32600,93735,62005
"4936",2019-12-26,235573,32900,-8204,32494
"4937",2019-12-27,240585,33600,-5703,-20294
"4938",2019-12-30,242375,33850,154,8525
"4939",2020-01-02,241659,33750,-11698,-36290
"4940",2020-01-03,240227,33550,-6790,7602
"4941",2020-01-06,239153,33400,-833,94023
"4942",2020-01-07,240585,33600,-5095,26643
"4943",2020-01-08,228413,31900,-1926,96579
"4944",2020-01-09,249894,34900,33837,217166
"4945",2020-01-10,248887,34600,-31159,-85092
"4946",2020-01-13,249247,34650,-40388,34345
"4947",2020-01-14,258958,36000,84376,52674
"4948",2020-01-15,255721,35550,5965,-88061
"4949",2020-01-16,289170,40200,462650,327124
"4950",2020-01-17,292407,40650,154373,-40877
"4951",2020-01-20,284134,39500,-16400,-33334
"4952",2020-01-21,288091,40050,-6907,20398
"4953",2020-01-22,288810,40150,-79369,92561
"4954",2020-01-23,295284,41050,13159,52057
"4955",2020-01-28,288091,40050,-52101,214115
"4956",2020-01-29,301398,41900,109700,283993
"4957",2020-01-30,337724,46950,167577,735632
"4958",2020-01-31,324057,45050,-103728,-34100
"4959",2020-02-03,338084,47000,-20423,199534
"4960",2020-02-04,339163,47150,-44298,-28853
"4961",2020-02-05,322259,44800,-179591,-56965
"4962",2020-02-06,321539,44700,-47321,51741
"4963",2020-02-07,307872,42800,-181156,178907
"4964",2020-02-10,311109,43250,17382,-13901
"4965",2020-02-11,304995,42400,-115864,135018
"4966",2020-02-12,287371,39950,-76413,-70934
"4967",2020-02-13,280538,39000,-233066,64884
"4968",2020-02-14,298161,41450,233925,-180660
"4969",2020-02-17,298161,41450,118069,-229138
"4970",2020-02-18,303556,42200,252128,-437302
"4971",2020-02-19,291328,40500,-101074,-72829
"4972",2020-02-20,292047,40600,-29267,-4339
"4973",2020-02-21,287371,39950,-2562,93830
"4974",2020-02-24,277660,38600,-38065,183077
"4975",2020-02-25,283775,39450,-13580,25460
"4976",2020-02-26,275143,38250,-22828,21260
"4977",2020-02-27,266151,37000,-55516,100640
"4978",2020-02-28,249607,34700,-90749,227529
"4979",2020-03-02,255361,35500,17413,84525
"4980",2020-03-03,252844,35150,29569,-211216
"4981",2020-03-04,266870,37100,111254,-49608
"4982",2020-03-05,271186,37700,51458,-254688
"4983",2020-03-06,258958,36000,-39203,-141602
"4984",2020-03-09,243852,33900,22465,286888
"4985",2020-03-10,246010,34200,-42020,-439
"4986",2020-03-11,231264,32150,-87284,81994
"4987",2020-03-12,218675,30400,-109975,255818
"4988",2020-03-13,200692,27900,-80208,218153
"4989",2020-03-16,180191,25050,-4206,61902
"4990",2020-03-17,179112,24900,-76409,-21979
"4991",2020-03-18,165445,23000,-39680,-34287
"4992",2020-03-19,147462,20500,74524,-45891
"4993",2020-03-20,171919,23900,71495,-41467
"4994",2020-03-23,161129,22400,16789,-75677
"4995",2020-03-24,176235,24500,36349,-135946
"4996",2020-03-25,186665,25950,20455,-164221
"4997",2020-03-26,187025,26000,40522,-117264
"4998",2020-03-27,184867,25700,-14799,-53588
"4999",2020-03-30,198534,27600,23970,-155404
"5000",2020-03-31,194578,27050,-72965,-127719
"5001",2020-04-01,188823,26250,15965,-53213
"5002",2020-04-02,189543,26350,-30931,-44641
"5003",2020-04-03,200333,27850,-9577,-52868
"5004",2020-04-06,205728,28600,-1363,-103398
"5005",2020-04-07,208965,29050,-51812,-85073
"5006",2020-04-08,215079,29900,65977,-47922
"5007",2020-04-09,232702,32350,193721,-32739
"5008",2020-04-10,227307,31600,68177,-34833
"5009",2020-04-13,213640,29700,-18434,-45909
"5010",2020-04-14,219754,30550,10530,-7481
"5011",2020-04-16,223711,31100,5183,11846
"5012",2020-04-17,238817,33200,84782,41698
"5013",2020-04-20,237378,33000,46002,-61287
"5014",2020-04-21,251405,34950,-31949,37390
"5015",2020-04-22,254642,35400,-26754,-47570
"5016",2020-04-23,253923,35300,-99612,-20855
"5017",2020-04-24,244212,33950,-101412,-10500
"5018",2020-04-27,248168,34500,-45843,20188
"5019",2020-04-28,242054,33650,-59653,-3465
"5020",2020-04-29,246370,34250,-67605,58961
"5021",2020-05-04,250686,34850,16034,-5285
"5022",2020-05-06,258239,35900,85506,22834
"5023",2020-05-07,263993,36700,-16052,-45147
"5024",2020-05-08,261475,36350,-2786,22365
"5025",2020-05-11,251765,35000,-90938,2564
"5026",2020-05-12,249247,34650,-39495,38101
"5027",2020-05-13,252484,35100,3440,16888
"5028",2020-05-14,247089,34350,-5458,44918
"5029",2020-05-15,247089,34350,-3089,7800
"5030",2020-05-18,260396,36200,221605,201118
"5031",2020-05-19,264353,36750,138286,-102781
"5032",2020-05-20,275143,38250,200547,41777
"5033",2020-05-21,280897,39050,96975,-86612
"5034",2020-05-22,267949,37250,-175547,5439
"5035",2020-05-25,273704,38050,-43142,39273
"5036",2020-05-26,272625,37900,-10501,79604
"5037",2020-05-27,267230,37150,-54122,28469
"5038",2020-05-28,256440,35650,-108005,64586
"5039",2020-05-29,261835,36400,54468,36151
"5040",2020-06-01,266870,37100,34705,26055
"5041",2020-06-02,265432,36900,-8128,-30634
"5042",2020-06-03,296363,41200,136939,129390
"5043",2020-06-04,288450,40100,332410,-340201
"5044",2020-06-05,284854,39600,-145453,-62032
"5045",2020-06-08,276581,38450,-152899,-48503
"5046",2020-06-09,281617,39150,-143626,52800
"5047",2020-06-10,276222,38400,-25318,6180
"5048",2020-06-11,278380,38700,-22196,156407
"5049",2020-06-12,275862,38350,94613,177001
"5050",2020-06-15,248168,34500,-11133,2535
"5051",2020-06-16,257519,35800,-78060,28953
"5052",2020-06-17,254282,35350,-21825,1929
"5053",2020-06-18,254642,35400,97090,-143883
"5054",2020-06-19,249607,34700,-27616,-194547
"5055",2020-06-22,239536,33300,-104858,-131333
"5056",2020-06-23,238457,33150,-56420,13496
"5057",2020-06-24,247449,34400,51358,14430
"5058",2020-06-25,240975,33500,-13071,-13538
"5059",2020-06-26,239536,33300,-66816,-61455
"5060",2020-06-29,227307,31600,-62502,42457
"5061",2020-06-30,229825,31950,-49387,-19943
"5062",2020-07-01,229825,31950,-567,-8765
"5063",2020-07-02,236659,32900,-674,23896
"5064",2020-07-03,241334,33550,16447,26493
"5065",2020-07-06,242413,33700,11740,21638
"5066",2020-07-07,240255,33400,-2816,-13345
"5067",2020-07-08,236659,32900,13647,-4761
"5068",2020-07-09,242413,33700,-27224,69229
"5069",2020-07-10,235220,32700,-17141,-22124
"5070",2020-07-13,239536,33300,-27159,56155
"5071",2020-07-14,253563,35250,34128,110424
"5072",2020-07-15,254642,35400,-3595,-60765
"5073",2020-07-16,251765,35000,-1982,-30233
"5074",2020-07-17,253923,35300,-54420,-2672
"5075",2020-07-20,249247,34650,-14318,-24738
"5076",2020-07-21,247089,34350,-76430,3990
"5077",2020-07-22,248887,34600,-26642,-29347
"5078",2020-07-23,247808,34450,2556,-19532
"5079",2020-07-24,239176,33250,-88112,-57
"5080",2020-07-27,240615,33450,-4632,23319
"5081",2020-07-28,236659,32900,-87453,-28627
"5082",2020-07-29,238097,33100,5604,2233
"5083",2020-07-30,235220,32700,-41655,-3784
"5084",2020-07-31,230544,32050,-3987,75387
"5085",2020-08-03,228746,31800,205,-8860
"5086",2020-08-04,229825,31950,-2795,-22527
"5087",2020-08-05,228027,31700,-32877,-10685
"5088",2020-08-06,229465,31900,-103706,17395
"5089",2020-08-07,230544,32050,-1557,-4101
"5090",2020-08-10,227667,31650,-3219,-9413
"5091",2020-08-11,229106,31850,13181,32547
"5092",2020-08-12,226228,31450,-13022,-35306
"5093",2020-08-13,239176,33250,24598,40846
"5094",2020-08-14,234501,32600,-14403,-81919
"5095",2020-08-18,224430,31200,20478,-37944
"5096",2020-08-19,228746,31800,-868,-4419
"5097",2020-08-20,215798,30000,-4894,-70010
"5098",2020-08-21,217237,30200,0,-8512
"5099",2020-08-24,221912,30850,0,19137
"5100",2020-08-25,227667,31650,935,18440
"5101",2020-08-26,222991,31000,-22323,-26884
"5102",2020-08-27,218316,30350,618,-35485
"5103",2020-08-28,219035,30450,-114,15904
"5104",2020-08-31,216158,30050,-56292,13600
"5105",2020-09-01,217956,30300,4415,764
"5106",2020-09-02,229465,31900,4027,101308
"5107",2020-09-03,227307,31600,4427,-50629
"5108",2020-09-04,225869,31400,7068,1601
"5109",2020-09-07,224790,31250,11113,-10916
"5110",2020-09-08,228746,31800,15948,-8770
"5111",2020-09-09,226228,31450,2942,-76284
"5112",2020-09-10,238457,33150,-5774,9381
"5113",2020-09-11,234501,32600,-112725,-25999
"5114",2020-09-14,245291,34100,3013,52531
"5115",2020-09-15,247808,34450,-31438,-72425
"5116",2020-09-16,240615,33450,-6798,-30773
"5117",2020-09-17,237018,32950,-22199,8517
"5118",2020-09-18,235580,32750,-2992,-13274
"5119",2020-09-21,232343,32300,-14225,12410
"5120",2020-09-22,223711,31100,-16299,-11304
"5121",2020-09-23,223711,31100,-21197,35078
"5122",2020-09-24,217956,30300,7062,-13517
"5123",2020-09-25,221193,30750,6981,-8434
"5124",2020-09-28,226588,31500,21085,33061
"5125",2020-09-29,225149,31300,-14757,-11440
