"","date","MarketCap","Adj_Price","NetBuyAmount_Inst","NetBuyAmount_Frgn"
"3",2000-01-04,34730,1410,4417,0
"4",2000-01-05,29750,1207,-41861,0
"5",2000-01-06,28309,1149,-20674,0
"6",2000-01-07,30799,1250,617,0
"7",2000-01-10,32765,1330,-798,0
"8",2000-01-11,32109,1303,-8871,0
"9",2000-01-12,32502,1319,-2703,7375
"10",2000-01-13,34665,1407,7165,0
"11",2000-01-14,33551,1362,0,0
"12",2000-01-17,36041,1463,7734,0
"13",2000-01-18,35255,1431,285,0
"14",2000-01-19,33420,1356,1346,0
"15",2000-01-20,35124,1425,4395,0
"16",2000-01-21,35124,1425,931,0
"17",2000-01-24,36958,1500,6617,0
"18",2000-01-25,37417,1519,1429,0
"19",2000-01-26,39317,1596,5623,0
"20",2000-01-27,41939,1702,14090,0
"21",2000-01-28,41808,1697,766,0
"22",2000-01-31,41283,1675,410,0
"23",2000-02-01,40759,1654,1848,0
"24",2000-02-02,38793,1574,1625,0
"25",2000-02-03,39317,1596,0,0
"26",2000-02-07,41873,1699,0,0
"27",2000-02-08,37614,1527,0,0
"28",2000-02-09,40628,1649,-1588,0
"29",2000-02-10,38662,1569,0,0
"30",2000-02-11,33420,1356,-2601,0
"31",2000-02-14,33289,1351,-10953,0
"32",2000-02-15,33420,1356,-205,0
"33",2000-02-16,36041,1463,0,0
"34",2000-02-17,38007,1543,0,0
"35",2000-02-18,34927,1418,-31,0
"36",2000-02-21,33944,1378,-4291,0
"37",2000-02-22,34337,1394,-5212,0
"38",2000-02-23,34861,1415,-524,0
"39",2000-02-24,35189,1428,-595,0
"40",2000-02-25,35320,1433,0,0
"41",2000-02-28,34075,1383,-477,0
"42",2000-02-29,33551,1362,-7185,0
"43",2000-03-02,36434,1479,0,0
"44",2000-03-03,33682,1367,-708,0
"45",2000-03-06,36958,1500,-55,0
"46",2000-03-07,34796,1412,211,0
"47",2000-03-08,34403,1396,0,0
"48",2000-03-09,34861,1415,-15051,0
"49",2000-03-10,34992,1420,-1180,0
"50",2000-03-13,37089,1505,-15601,0
"51",2000-03-14,35124,1425,-28,0
"52",2000-03-15,36696,1489,3406,0
"53",2000-03-16,36696,1489,-8400,0
"54",2000-03-17,37745,1532,31900,0
"55",2000-03-20,36696,1489,-8954,0
"56",2000-03-21,36696,1489,-3648,0
"57",2000-03-22,35648,1447,-3935,-3440
"58",2000-03-23,34861,1415,0,0
"59",2000-03-24,34861,1415,-47722,0
"60",2000-03-27,34861,1415,-18006,0
"61",2000-03-28,35386,1436,-24415,0
"62",2000-03-29,33813,1372,-20115,0
"63",2000-03-30,32240,1308,8497,0
"64",2000-03-31,31454,1277,-504,0
"65",2000-04-03,29357,1191,-376,0
"66",2000-04-04,29750,1207,-196,0
"67",2000-04-06,28309,1149,-2501,0
"68",2000-04-07,29619,1202,-13310,0
"69",2000-04-10,30668,1245,-17095,0
"70",2000-04-11,30143,1223,-5047,0
"71",2000-04-12,29488,1197,-11774,0
"72",2000-04-14,29488,1197,-3415,0
"73",2000-04-17,25098,1019,-17892,0
"74",2000-04-18,25163,1021,-23945,0
"75",2000-04-19,25556,1037,-34863,0
"76",2000-04-20,24901,1011,-32014,0
"77",2000-04-21,27522,1117,-91634,0
"78",2000-04-24,29160,1183,-45205,0
"79",2000-04-25,27522,1117,172,0
"80",2000-04-26,25556,1037,0,0
"81",2000-04-27,26408,1072,8474,0
"82",2000-04-28,30340,1231,7927,0
"83",2000-05-02,30799,1250,-61552,0
"84",2000-05-03,33354,1354,-37117,-9175
"85",2000-05-04,31716,1287,-1505,0
"86",2000-05-08,30209,1226,-11758,0
"87",2000-05-09,31716,1287,-7187,0
"88",2000-05-10,30799,1250,0,0
"89",2000-05-12,28833,1170,690,0
"90",2000-05-15,28177,1144,2381,0
"91",2000-05-16,29488,1197,0,0
"92",2000-05-17,28177,1144,-3700,0
"93",2000-05-18,25949,1053,594,0
"94",2000-05-19,26212,1064,-2370,0
"95",2000-05-22,24246,984,-5871,0
"96",2000-05-23,23853,968,2718,0
"97",2000-05-24,24901,1011,708,0
"98",2000-05-25,26277,1066,-1370,0
"99",2000-05-26,24246,984,6566,0
"100",2000-05-29,26212,1064,5221,0
"101",2000-05-30,26539,1077,-3040,0
"102",2000-05-31,28177,1144,-3778,0
"103",2000-06-01,27391,1112,0,0
"104",2000-06-02,28112,1141,-1055,0
"105",2000-06-05,28833,1170,-270,0
"106",2000-06-07,28571,1160,4695,0
"107",2000-06-08,26343,1069,-10659,0
"108",2000-06-09,26343,1069,-24806,0
"109",2000-06-12,26343,1069,-369,0
"110",2000-06-13,24901,1011,-32220,0
"111",2000-06-14,26605,1080,3145,0
"112",2000-06-15,24901,1011,4928,0
"113",2000-06-16,24901,1011,1850,0
"114",2000-06-19,25491,1035,168,0
"115",2000-06-20,25818,1048,0,0
"116",2000-06-21,26081,1058,-174,0
"117",2000-06-22,25687,1043,0,0
"118",2000-06-23,25032,1016,0,0
"119",2000-06-26,25163,1021,0,0
"120",2000-06-27,25818,1048,-1103,0
"121",2000-06-28,25425,1032,292,0
"122",2000-06-29,27260,1106,5435,0
"123",2000-06-30,27260,1106,-1098,0
"124",2000-07-03,27522,1117,13966,0
"125",2000-07-04,27522,1117,12924,0
"126",2000-07-05,28702,1165,16607,0
"127",2000-07-06,28702,1165,-15621,0
"128",2000-07-07,28177,1144,519,0
"129",2000-07-10,30012,1218,-36960,0
"130",2000-07-11,28177,1144,5705,0
"131",2000-07-12,28440,1154,-4935,0
"132",2000-07-13,28243,1146,7990,0
"133",2000-07-14,28112,1141,13326,0
"134",2000-07-18,26605,1080,4125,0
"135",2000-07-19,25163,1021,7304,0
"136",2000-07-20,24508,995,468,0
"137",2000-07-21,25294,1027,290,0
"138",2000-07-24,24377,989,1135,0
"139",2000-07-25,24377,989,409,0
"140",2000-07-26,24770,1005,226,0
"141",2000-07-27,25163,1021,2807,0
"142",2000-07-28,24639,1000,0,0
"143",2000-07-31,24377,989,-2144,0
"144",2000-08-01,24508,995,-2729,0
"145",2000-08-02,24508,995,-16387,0
"146",2000-08-03,24508,995,0,0
"147",2000-08-04,24770,1005,1039,0
"148",2000-08-07,24442,992,1599,0
"149",2000-08-08,24639,1000,2534,0
"150",2000-08-09,24377,989,2678,0
"151",2000-08-10,24442,992,0,0
"152",2000-08-11,24704,1003,0,149
"153",2000-08-14,25425,1032,-1556,0
"154",2000-08-16,25425,1032,-291,0
"155",2000-08-17,25294,1027,-2385,0
"156",2000-08-18,25425,1032,8767,0
"157",2000-08-21,25032,1016,17229,0
"158",2000-08-22,25425,1032,1629,0
"159",2000-08-23,25163,1021,-135,0
"160",2000-08-24,25753,1045,5527,0
"161",2000-08-25,25425,1032,2079,0
"162",2000-08-28,25425,1032,194,0
"163",2000-08-29,26212,1064,0,0
"164",2000-08-30,26212,1064,-140,0
"165",2000-08-31,25818,1048,1588,630
"166",2000-09-01,25818,1048,0,1725
"167",2000-09-04,26212,1064,0,0
"168",2000-09-05,26212,1064,798,0
"169",2000-09-06,26474,1074,0,0
"170",2000-09-07,26212,1064,534,0
"171",2000-09-08,25818,1048,0,0
"172",2000-09-14,25818,1048,0,3879
"173",2000-09-15,25294,1027,0,2644
"174",2000-09-18,23590,957,4881,646
"175",2000-09-19,24246,984,2366,0
"176",2000-09-20,25556,1037,19,0
"177",2000-09-21,24246,984,777,0
"178",2000-09-22,22935,931,3268,0
"179",2000-09-25,23721,963,545,0
"180",2000-09-26,23590,957,5979,0
"181",2000-09-27,23721,963,1134,0
"182",2000-09-28,24115,979,2911,0
"183",2000-09-29,24901,1011,3246,0
"184",2000-10-02,24901,1011,0,0
"185",2000-10-04,25949,1053,0,0
"186",2000-10-05,24901,1011,-4047,0
"187",2000-10-06,24508,995,-4083,0
"188",2000-10-09,25163,1021,-20185,0
"189",2000-10-10,24770,1005,-249,0
"190",2000-10-11,24115,979,5613,0
"191",2000-10-12,23721,963,0,0
"192",2000-10-13,23459,952,1458,0
"193",2000-10-16,24377,989,2306,0
"194",2000-10-17,24639,1000,1900,0
"195",2000-10-18,24901,1011,-1741,0
"196",2000-10-19,25294,1027,-722,0
"197",2000-10-20,25229,1024,0,0
"198",2000-10-23,24967,1013,0,0
"199",2000-10-24,25556,1037,779,0
"200",2000-10-25,25425,1032,192,0
"201",2000-10-26,25163,1021,4803,0
"202",2000-10-27,24835,1008,285,0
"203",2000-10-30,24115,979,-920,0
"204",2000-10-31,24246,984,0,0
"205",2000-11-01,24770,1005,0,0
"206",2000-11-02,24246,984,648,0
"207",2000-11-03,24901,1011,0,0
"208",2000-11-06,24573,997,-19,0
"209",2000-11-07,24704,1003,822,0
"210",2000-11-08,24311,987,-342,0
"211",2000-11-09,24377,989,181,0
"212",2000-11-10,24049,976,0,0
"213",2000-11-13,23066,936,0,-1764
"214",2000-11-14,23263,944,0,0
"215",2000-11-15,22935,931,175,-90
"216",2000-11-16,23328,947,0,0
"217",2000-11-17,23066,936,0,-22110
"218",2000-11-20,23066,936,0,-598
"219",2000-11-21,22018,894,0,-1190
"220",2000-11-22,22280,904,-833,-323
"221",2000-11-23,22149,899,0,-5030
"222",2000-11-24,21625,878,0,0
"223",2000-11-27,21494,872,-17,-215
"224",2000-11-28,22149,899,-3415,-4458
"225",2000-11-29,22149,899,0,0
"226",2000-11-30,22149,899,0,0
"227",2000-12-01,22149,899,-601,0
"228",2000-12-04,22018,894,-9790,0
"229",2000-12-05,21887,888,0,0
"230",2000-12-06,21887,888,-17,0
"231",2000-12-07,21887,888,0,0
"232",2000-12-08,22018,894,0,0
"233",2000-12-11,22018,894,0,0
"234",2000-12-12,22280,904,-1025,0
"235",2000-12-13,22149,899,0,0
"236",2000-12-14,22280,904,0,0
"237",2000-12-15,22280,904,-13317,0
"238",2000-12-18,22280,904,0,0
"239",2000-12-19,21887,888,-119,0
"240",2000-12-20,21100,856,0,0
"241",2000-12-21,22018,894,0,0
"242",2000-12-22,21231,862,0,0
"243",2000-12-26,21559,875,0,0
"244",2001-01-02,22018,894,0,0
"245",2001-01-03,21887,888,0,0
"246",2001-01-04,22280,904,-2061,0
"247",2001-01-05,22214,902,0,0
"248",2001-01-08,22804,926,-12877,0
"249",2001-01-09,23197,941,0,0
"250",2001-01-10,22673,920,0,0
"251",2001-01-11,22739,923,0,0
"252",2001-01-12,22608,918,0,0
"253",2001-01-15,22542,915,0,0
"254",2001-01-16,22542,915,-34,0
"255",2001-01-17,22608,918,-7558,0
"256",2001-01-18,22214,902,0,0
"257",2001-01-19,22214,902,0,0
"258",2001-01-22,22214,902,-20221,0
"259",2001-01-26,21952,891,0,0
"260",2001-01-29,22411,910,0,0
"261",2001-01-30,22542,915,0,0
"262",2001-01-31,22542,915,0,0
"263",2001-02-01,22739,923,0,0
"264",2001-02-02,22542,915,0,0
"265",2001-02-05,21952,891,0,0
"266",2001-02-06,22280,904,-1734,0
"267",2001-02-07,22542,915,0,0
"268",2001-02-08,22804,926,0,0
"269",2001-02-09,22804,926,-51,0
"270",2001-02-12,22345,907,-768,0
"271",2001-02-13,22673,920,-494,0
"272",2001-02-14,26015,1056,-12760,0
"273",2001-02-15,26474,1074,-61,0
"274",2001-02-16,25098,1019,-9659,0
"275",2001-02-19,24377,989,-37,0
"276",2001-02-20,24639,1000,-95,0
"277",2001-02-21,24704,1003,-76,0
"278",2001-02-22,24377,989,588,0
"279",2001-02-23,24901,1011,-74,0
"280",2001-02-26,25294,1027,0,0
"281",2001-02-27,25294,1027,-96,0
"282",2001-02-28,25163,1021,-76,0
"283",2001-03-02,25032,1016,0,0
"284",2001-03-05,25032,1016,0,0
"285",2001-03-06,25163,1021,0,0
"286",2001-03-07,25556,1037,-9554,0
"287",2001-03-08,26998,1096,-16587,0
"288",2001-03-09,26932,1093,-3192,0
"289",2001-03-12,26212,1064,0,0
"290",2001-03-13,25687,1043,0,0
"291",2001-03-14,26605,1080,0,0
"292",2001-03-15,26277,1066,-40,0
"293",2001-03-16,27129,1101,-21,0
"294",2001-03-19,26998,1096,-1240,0
"295",2001-03-20,26670,1082,1015,0
"296",2001-03-21,26277,1066,-60,0
"297",2001-03-22,25753,1045,600,0
"298",2001-03-23,26081,1058,1452,0
"299",2001-03-26,26408,1072,491,0
"300",2001-03-27,25622,1040,2953,0
"301",2001-03-28,25687,1043,-2964,0
"302",2001-03-29,24901,1011,0,0
"303",2001-03-30,24377,989,0,0
"304",2001-04-02,23328,947,-72,0
"305",2001-04-03,23459,952,-2262,0
"306",2001-04-04,22804,926,0,0
"307",2001-04-06,22935,931,0,0
"308",2001-04-09,23590,957,-1279,0
"309",2001-04-10,23459,952,895,0
"310",2001-04-11,23525,955,0,0
"311",2001-04-12,23721,963,0,0
"312",2001-04-13,23328,947,0,0
"313",2001-04-16,22739,923,700,0
"314",2001-04-17,22804,926,0,0
"315",2001-04-18,23394,949,0,0
"316",2001-04-19,23525,955,-3649,0
"317",2001-04-20,23197,941,-4673,0
"318",2001-04-23,23263,944,-9408,0
"319",2001-04-24,23394,949,-4905,0
"320",2001-04-25,23394,949,0,0
"321",2001-04-26,23394,949,0,0
"322",2001-04-27,23525,955,0,0
"323",2001-04-30,24704,1003,0,0
"324",2001-05-02,24901,1011,1885,0
"325",2001-05-03,24901,1011,512,0
"326",2001-05-04,24901,1011,0,0
"327",2001-05-07,25949,1053,4588,0
"328",2001-05-08,26474,1074,2372,0
"329",2001-05-09,26081,1058,2254,0
"330",2001-05-10,27129,1101,-3090,0
"331",2001-05-11,27195,1104,-4364,0
"332",2001-05-14,26670,1082,0,0
"333",2001-05-15,27522,1117,5112,0
"334",2001-05-16,27522,1117,2134,0
"335",2001-05-17,28833,1170,10316,0
"336",2001-05-18,28440,1154,174,0
"337",2001-05-21,28177,1144,0,0
"338",2001-05-22,28177,1144,1111,0
"339",2001-05-23,27915,1133,798,0
"340",2001-05-24,29488,1197,1953,0
"341",2001-05-25,30143,1223,19255,0
"342",2001-05-28,30405,1234,9990,0
"343",2001-05-29,30668,1245,1949,0
"344",2001-05-30,32896,1335,-9648,0
"345",2001-05-31,33027,1340,22435,0
"346",2001-06-01,32109,1303,8568,0
"347",2001-06-04,30799,1250,2275,0
"348",2001-06-05,30930,1255,-3082,0
"349",2001-06-07,30602,1242,-1128,0
"350",2001-06-08,32109,1303,2724,0
"351",2001-06-11,32044,1300,1230,0
"352",2001-06-12,32044,1300,0,0
"353",2001-06-13,32044,1300,291,0
"354",2001-06-14,32044,1300,4895,0
"355",2001-06-15,31716,1287,832,0
"356",2001-06-18,32765,1330,-2682,0
"357",2001-06-19,32765,1330,16301,0
"358",2001-06-20,32109,1303,0,0
"359",2001-06-21,31454,1277,-146,0
"360",2001-06-22,31913,1295,2398,0
"361",2001-06-25,31061,1261,4432,0
"362",2001-06-26,29619,1202,4580,0
"363",2001-06-27,30668,1245,1545,0
"364",2001-06-28,30143,1223,184,0
"365",2001-06-29,30143,1223,-5233,0
"366",2001-07-02,28833,1170,-22,0
"367",2001-07-03,29619,1202,-4550,0
"368",2001-07-04,30143,1223,7603,0
"369",2001-07-05,30537,1239,-232,0
"370",2001-07-06,29750,1207,3187,0
"371",2001-07-09,29750,1207,14719,0
"372",2001-07-10,29685,1205,0,0
"373",2001-07-11,29554,1199,0,0
"374",2001-07-12,30012,1218,0,0
"375",2001-07-13,29488,1197,-603,0
"376",2001-07-16,29357,1191,1849,0
"377",2001-07-18,30078,1221,2101,0
"378",2001-07-19,28702,1165,586,0
"379",2001-07-20,28571,1160,0,0
"380",2001-07-23,27915,1133,2877,0
"381",2001-07-24,28177,1144,925,0
"382",2001-07-25,28177,1144,-9742,0
"383",2001-07-26,29226,1186,0,0
"384",2001-07-27,30143,1223,874,0
"385",2001-07-30,30012,1218,0,0
"386",2001-07-31,30012,1218,1145,0
"387",2001-08-01,30274,1229,0,0
"388",2001-08-02,29881,1213,-414,0
"389",2001-08-03,29357,1191,-667,0
"390",2001-08-06,28177,1144,-1242,0
"391",2001-08-07,27981,1136,-1674,0
"392",2001-08-08,29160,1183,134,0
"393",2001-08-09,28309,1149,43,0
"394",2001-08-10,29488,1197,1748,0
"395",2001-08-13,29619,1202,0,0
"396",2001-08-14,28309,1149,0,0
"397",2001-08-16,28833,1170,1100,0
"398",2001-08-17,29488,1197,518,0
"399",2001-08-20,29357,1191,-45,0
"400",2001-08-21,29488,1197,69,0
"401",2001-08-22,28702,1165,-11745,0
"402",2001-08-23,28505,1157,0,0
"403",2001-08-24,28767,1168,0,0
"404",2001-08-27,29488,1197,2250,0
"405",2001-08-28,29423,1194,696,0
"406",2001-08-29,28833,1170,2178,0
"407",2001-08-30,29291,1189,0,0
"408",2001-08-31,29488,1197,681,0
"409",2001-09-03,29095,1181,888,0
"410",2001-09-04,29488,1197,0,0
"411",2001-09-05,29226,1186,335,0
"412",2001-09-06,28833,1170,0,0
"413",2001-09-07,28177,1144,-2153,0
"414",2001-09-10,28833,1170,0,0
"415",2001-09-11,28309,1149,0,0
"416",2001-09-12,24901,1011,0,0
"417",2001-09-13,24901,1011,0,0
"418",2001-09-14,25556,1037,975,0
"419",2001-09-17,24246,984,851,0
"420",2001-09-18,25425,1032,0,0
"421",2001-09-19,26212,1064,375,0
"422",2001-09-20,25556,1037,195,0
"423",2001-09-21,26867,1090,-1329,0
"424",2001-09-24,26867,1090,0,0
"425",2001-09-25,25229,1024,0,0
"426",2001-09-26,24901,1011,741,0
"427",2001-09-27,24901,1011,1596,0
"428",2001-09-28,25556,1037,507,0
"429",2001-10-04,25687,1043,0,0
"430",2001-10-05,26212,1064,200,0
"431",2001-10-08,24901,1011,0,0
"432",2001-10-09,25818,1048,-975,0
"433",2001-10-10,26408,1072,20,0
"434",2001-10-11,25753,1045,-575,0
"435",2001-10-12,26081,1058,776,0
"436",2001-10-15,25818,1048,0,0
"437",2001-10-16,26081,1058,-116,0
"438",2001-10-17,25753,1045,-1668,0
"439",2001-10-18,25949,1053,396,0
"440",2001-10-19,25753,1045,0,0
"441",2001-10-22,25753,1045,-9282,0
"442",2001-10-23,26081,1058,0,0
"443",2001-10-24,26081,1058,-278,0
"444",2001-10-25,26015,1056,0,0
"445",2001-10-26,26146,1061,-3600,0
"446",2001-10-29,26605,1080,-5440,0
"447",2001-10-30,25949,1053,351,0
"448",2001-10-31,25687,1043,0,0
"449",2001-11-01,26212,1064,203,0
"450",2001-11-02,25622,1040,-882,0
"451",2001-11-05,25818,1048,-2176,0
"452",2001-11-06,26736,1085,-4520,0
"453",2001-11-07,26605,1080,-2532,0
"454",2001-11-08,27195,1104,-4985,0
"455",2001-11-09,27260,1106,0,0
"456",2001-11-12,27784,1128,-2130,0
"457",2001-11-13,28309,1149,-2140,0
"458",2001-11-14,28440,1154,-2125,0
"459",2001-11-15,28636,1162,0,0
"460",2001-11-16,28702,1165,2453,0
"461",2001-11-19,29160,1183,0,0
"462",2001-11-20,28833,1170,0,0
"463",2001-11-21,28833,1170,0,0
"464",2001-11-22,29226,1186,-4849,0
"465",2001-11-23,29357,1191,-4391,0
"466",2001-11-26,29226,1186,11178,0
"467",2001-11-27,29226,1186,-4287,0
"468",2001-11-28,28309,1149,3691,0
"469",2001-11-29,27981,1136,-64,0
"470",2001-11-30,28374,1152,1537,0
"471",2001-12-03,29226,1186,838,0
"472",2001-12-04,29488,1197,675,0
"473",2001-12-05,29357,1191,-8584,0
"474",2001-12-06,29291,1189,-4616,0
"475",2001-12-07,29029,1178,-8938,0
"476",2001-12-10,28374,1152,-3189,0
"477",2001-12-11,28833,1170,0,0
"478",2001-12-12,29029,1178,0,0
"479",2001-12-13,29488,1197,0,0
"480",2001-12-14,30799,1250,-826,0
"481",2001-12-17,30668,1245,-23,0
"482",2001-12-18,29685,1205,2165,0
"483",2001-12-19,29685,1205,2074,0
"484",2001-12-20,30012,1218,1138,0
"485",2001-12-21,30471,1237,0,0
"486",2001-12-24,30405,1234,-4388,0
"487",2001-12-26,30471,1237,-1165,0
"488",2001-12-27,30405,1234,0,0
"489",2001-12-28,30537,1239,-4667,0
"490",2002-01-02,30930,1255,0,0
"491",2002-01-03,31454,1277,-254,0
"492",2002-01-04,32109,1303,-6408,0
"493",2002-01-07,33944,1378,-26,0
"494",2002-01-08,33092,1343,0,0
"495",2002-01-09,34075,1383,-534,0
"496",2002-01-10,34141,1386,-26,0
"497",2002-01-11,34075,1383,-26,0
"498",2002-01-14,32961,1338,0,0
"499",2002-01-15,32437,1316,0,0
"500",2002-01-16,31716,1287,-125,0
"501",2002-01-17,30995,1258,0,0
"502",2002-01-18,30930,1255,-24,0
"503",2002-01-21,31192,1266,0,0
"504",2002-01-22,31257,1269,0,0
"505",2002-01-23,31913,1295,-235,0
"506",2002-01-24,32502,1319,0,0
"507",2002-01-25,32633,1324,0,0
"508",2002-01-28,32109,1303,-225,0
"509",2002-01-29,32765,1330,2200,0
"510",2002-01-30,33027,1340,0,0
"511",2002-01-31,34206,1388,-6501,0
"512",2002-02-01,33682,1367,-2490,0
"513",2002-02-04,34075,1383,-4316,0
"514",2002-02-05,33027,1340,0,0
"515",2002-02-06,34730,1410,0,0
"516",2002-02-07,33354,1354,0,0
"517",2002-02-08,33944,1378,-766,0
"518",2002-02-14,34468,1399,0,0
"519",2002-02-15,34337,1394,0,0
"520",2002-02-18,34075,1383,0,0
"521",2002-02-19,37810,1535,-280,0
"522",2002-02-20,36041,1463,935,0
"523",2002-02-21,35386,1436,-24,0
"524",2002-02-22,36238,1471,0,0
"525",2002-02-25,36631,1487,0,0
"526",2002-02-26,35844,1455,0,0
"527",2002-02-27,35779,1452,-188,0
"528",2002-02-28,36238,1471,0,0
"529",2002-03-04,37220,1511,0,0
"530",2002-03-05,37286,1513,0,0
"531",2002-03-06,36696,1489,-85,0
"532",2002-03-07,36172,1468,0,0
"533",2002-03-08,35517,1441,-9333,0
"534",2002-03-11,35648,1447,-7473,0
"535",2002-03-12,36434,1479,0,0
"536",2002-03-13,38203,1550,-2307,0
"537",2002-03-14,37417,1519,0,0
"538",2002-03-15,38990,1582,0,0
"539",2002-03-18,38662,1569,-791,0
"540",2002-03-19,39317,1596,5960,0
"541",2002-03-20,41021,1665,-31,0
"542",2002-03-21,42463,1723,0,0
"543",2002-03-22,43773,1777,-32,0
"544",2002-03-25,42594,1729,-33,0
"545",2002-03-26,42070,1707,0,0
"546",2002-03-27,42856,1739,0,0
"547",2002-03-28,42594,1729,0,0
"548",2002-03-29,42594,1729,0,0
"549",2002-04-01,41939,1702,0,0
"550",2002-04-02,40366,1638,-32,0
"551",2002-04-03,41218,1673,0,0
"552",2002-04-04,42463,1723,93,0
"553",2002-04-08,42856,1739,3056,0
"554",2002-04-09,40890,1660,0,0
"555",2002-04-10,40759,1654,0,0
"556",2002-04-11,40366,1638,0,0
"557",2002-04-12,39711,1612,0,0
"558",2002-04-15,39448,1601,-20279,0
"559",2002-04-16,39711,1612,-2257,0
"560",2002-04-17,39973,1622,0,0
"561",2002-04-18,40825,1657,0,0
"562",2002-04-19,41087,1667,0,0
"563",2002-04-22,39317,1596,0,0
"564",2002-04-23,38793,1574,0,0
"565",2002-04-24,37352,1516,0,0
"566",2002-04-25,35582,1444,0,0
"567",2002-04-26,35648,1447,0,0
"568",2002-04-29,35320,1433,0,0
"569",2002-04-30,35779,1452,0,0
"570",2002-05-02,37483,1521,0,0
"571",2002-05-03,37483,1521,1487,0
"572",2002-05-06,36041,1463,0,0
"573",2002-05-07,36696,1489,0,0
"574",2002-05-08,38662,1569,0,0
"575",2002-05-09,38269,1553,0,0
"576",2002-05-10,38269,1553,-6163,0
"577",2002-05-13,39317,1596,0,0
"578",2002-05-14,41873,1699,-7329,0
"579",2002-05-15,43642,1771,0,0
"580",2002-05-16,44429,1803,0,0
"581",2002-05-17,44167,1792,0,0
"582",2002-05-20,44822,1819,0,0
"583",2002-05-21,42070,1707,0,0
"584",2002-05-22,48360,1963,-17207,0
"585",2002-05-23,55569,2255,-9328,0
"586",2002-05-24,55569,2255,-3310,0
"587",2002-05-27,51113,2074,0,2005
"588",2002-05-28,58780,2386,-60861,0
"589",2002-05-29,57534,2335,-43247,0
"590",2002-05-30,52685,2138,0,0
"591",2002-05-31,51702,2098,0,0
"592",2002-06-03,50195,2037,0,0
"593",2002-06-04,53734,2181,-10701,0
"594",2002-06-05,53734,2181,0,0
"595",2002-06-07,52423,2128,0,0
"596",2002-06-10,53472,2170,0,0
"597",2002-06-11,52423,2128,0,0
"598",2002-06-12,52816,2144,0,0
"599",2002-06-14,53996,2191,0,0
"600",2002-06-17,53734,2181,0,0
"601",2002-06-18,52423,2128,0,0
"602",2002-06-19,52751,2141,0,0
"603",2002-06-20,51113,2074,0,0
"604",2002-06-21,49540,2011,0,0
"605",2002-06-24,48623,1973,0,0
"606",2002-06-25,52292,2122,0,0
"607",2002-06-26,50457,2048,0,0
"608",2002-06-27,50982,2069,0,0
"609",2002-06-28,51244,2080,351,0
"610",2002-07-02,49999,2029,0,0
"611",2002-07-03,51047,2072,0,0
"612",2002-07-04,55831,2266,0,0
"613",2002-07-05,54192,2199,-286,0
"614",2002-07-08,53210,2160,0,0
"615",2002-07-09,53734,2181,0,0
"616",2002-07-10,55438,2250,-12946,0
"617",2002-07-11,55438,2250,0,0
"618",2002-07-12,55438,2250,0,0
"619",2002-07-15,55438,2250,0,0
"620",2002-07-16,55438,2250,0,0
"621",2002-07-18,55438,2250,0,0
"622",2002-07-19,55438,2250,0,0
"623",2002-07-22,55438,2250,0,0
"624",2002-07-23,55438,2250,0,0
"625",2002-07-24,55438,2250,0,0
"626",2002-07-25,55438,2250,0,0
"627",2002-07-26,55438,2250,0,0
"628",2002-07-29,55438,2250,0,0
"629",2002-07-30,40995,2080,5512,0
"630",2002-07-31,38112,1933,12622,0
"631",2002-08-01,37011,1878,0,0
"632",2002-08-02,37535,1904,2253,0
"633",2002-08-05,35124,1782,-13,0
"634",2002-08-06,33551,1702,0,0
"635",2002-08-07,33865,1718,0,0
"636",2002-08-08,35700,1811,0,0
"637",2002-08-09,35124,1782,0,0
"638",2002-08-12,34809,1766,0,0
"639",2002-08-13,36591,1856,0,0
"640",2002-08-14,35857,1819,0,0
"641",2002-08-16,36224,1838,0,342
"642",2002-08-19,36172,1835,8658,0
"643",2002-08-20,36172,1835,5808,0
"644",2002-08-21,36172,1835,8950,0
"645",2002-08-22,36487,1851,2301,0
"646",2002-08-23,35648,1808,113,0
"647",2002-08-26,35019,1777,3343,0
"648",2002-08-27,35019,1777,1485,0
"649",2002-08-28,35543,1803,2581,0
"650",2002-08-29,34861,1769,415,0
"651",2002-08-30,37640,1910,19689,0
"652",2002-09-02,36434,1848,0,0
"653",2002-09-03,36172,1835,0,0
"654",2002-09-04,35124,1782,1621,0
"655",2002-09-05,37745,1915,0,0
"656",2002-09-06,35910,1822,0,0
"657",2002-09-09,35124,1782,0,0
"658",2002-09-10,35019,1777,0,0
"659",2002-09-11,34599,1755,1823,1650
"660",2002-09-12,34232,1737,652,0
"661",2002-09-13,33551,1702,1677,0
"662",2002-09-16,32922,1670,0,0
"663",2002-09-17,33551,1702,1924,0
"664",2002-09-18,34023,1726,0,0
"665",2002-09-19,34023,1726,565,0
"666",2002-09-23,31821,1614,0,0
"667",2002-09-24,31454,1596,3050,0
"668",2002-09-25,30405,1543,5754,0
"669",2002-09-26,30930,1569,615,0
"670",2002-09-27,32398,1644,1003,0
"671",2002-09-30,30930,1569,-180,0
"672",2002-10-01,32502,1649,3000,0
"673",2002-10-02,34023,1726,1998,0
"674",2002-10-04,34599,1755,859,0
"675",2002-10-07,35543,1803,6989,0
"676",2002-10-08,36172,1835,0,0
"677",2002-10-09,33551,1702,4614,0
"678",2002-10-10,32502,1649,673,0
"679",2002-10-11,32502,1649,4293,0
"680",2002-10-14,33027,1675,879,0
"681",2002-10-15,33551,1702,-370,0
"682",2002-10-16,34494,1750,0,0
"683",2002-10-17,34075,1729,1543,0
"684",2002-10-18,33761,1713,0,-4397
"685",2002-10-21,32502,1649,65,0
"686",2002-10-22,32293,1638,0,0
"687",2002-10-23,33551,1702,960,0
"688",2002-10-24,32607,1654,4480,0
"689",2002-10-25,31873,1617,0,0
"690",2002-10-28,32502,1649,0,0
"691",2002-10-29,32083,1628,0,0
"692",2002-10-30,32398,1644,0,0
"693",2002-10-31,32922,1670,0,0
"694",2002-11-01,32502,1649,620,0
"695",2002-11-04,32922,1670,0,0
"696",2002-11-05,32502,1649,567,0
"697",2002-11-06,32922,1670,0,0
"698",2002-11-07,32922,1670,0,0
"699",2002-11-08,32502,1649,0,0
"700",2002-11-11,33341,1691,0,0
"701",2002-11-12,33236,1686,0,0
"702",2002-11-13,32922,1670,0,3115
"703",2002-11-14,33551,1702,0,9833
"704",2002-11-15,34075,1729,0,3338
"705",2002-11-18,34023,1726,0,-1301
"706",2002-11-19,33865,1718,0,1091
"707",2002-11-20,33918,1721,0,-9510
"708",2002-11-21,34285,1739,-5419,3997
"709",2002-11-22,34180,1734,0,1357
"710",2002-11-25,34337,1742,0,0
"711",2002-11-26,34599,1755,0,0
"712",2002-11-27,34966,1774,0,0
"713",2002-11-28,34599,1755,3562,5659
"714",2002-11-29,35124,1782,0,1856
"715",2002-12-02,35648,1808,0,0
"716",2002-12-03,36067,1830,0,0
"717",2002-12-04,35962,1824,0,0
"718",2002-12-05,36172,1835,0,779
"719",2002-12-06,35857,1819,1700,0
"720",2002-12-09,35857,1819,0,0
"721",2002-12-10,35333,1792,0,0
"722",2002-12-11,34966,1774,0,0
"723",2002-12-12,35595,1806,0,0
"724",2002-12-13,35333,1792,0,0
"725",2002-12-16,34599,1755,0,383
"726",2002-12-17,34914,1771,0,541
"727",2002-12-18,35386,1795,0,-1096
"728",2002-12-20,34599,1755,0,149
"729",2002-12-23,35124,1782,-639,7801
"730",2002-12-24,35124,1782,-13,723
"731",2002-12-26,35438,1798,0,111
"732",2002-12-27,35124,1782,0,0
"733",2002-12-30,33551,1702,0,1466
"734",2003-01-02,34075,1729,0,630
"735",2003-01-03,35019,1777,0,153
"736",2003-01-06,34285,1739,0,0
"737",2003-01-07,34599,1755,0,0
"738",2003-01-08,34075,1729,0,4081
"739",2003-01-09,34075,1729,-143,2528
"740",2003-01-10,34180,1734,0,991
"741",2003-01-13,35648,1808,0,19
"742",2003-01-14,36120,1832,291,0
"743",2003-01-15,36172,1835,0,0
"744",2003-01-16,35019,1777,1700,4515
"745",2003-01-17,34704,1761,0,0
"746",2003-01-20,34809,1766,0,165
"747",2003-01-21,34599,1755,0,1884
"748",2003-01-22,34494,1750,0,2012
"749",2003-01-23,34599,1755,33,1568
"750",2003-01-24,35962,1824,0,218
"751",2003-01-27,34704,1761,0,182
"752",2003-01-28,35386,1795,0,591
"753",2003-01-29,34599,1755,0,36
"754",2003-01-30,34599,1755,0,0
"755",2003-02-03,34180,1734,0,293
"756",2003-02-04,34180,1734,0,20
"757",2003-02-05,35281,1790,0,0
"758",2003-02-06,35124,1782,0,0
"759",2003-02-07,35019,1777,0,699
"760",2003-02-10,34075,1729,-195,731
"761",2003-02-11,34075,1729,-156,1393
"762",2003-02-12,33551,1702,195,278
"763",2003-02-13,34075,1729,-6,128
"764",2003-02-14,34547,1753,0,32
"765",2003-02-17,34599,1755,0,0
"766",2003-02-18,35438,1798,0,0
"767",2003-02-19,35124,1782,-973,0
"768",2003-02-20,34809,1766,0,0
"769",2003-02-21,34390,1745,0,0
"770",2003-02-24,34599,1755,0,0
"771",2003-02-25,34599,1755,0,0
"772",2003-02-26,34494,1750,0,0
"773",2003-02-27,33551,1702,0,320
"774",2003-02-28,35124,1782,0,0
"775",2003-03-03,33708,1710,0,368
"776",2003-03-04,34075,1729,0,256
"777",2003-03-05,33551,1702,0,189
"778",2003-03-06,33551,1702,0,0
"779",2003-03-07,33131,1681,0,406
"780",2003-03-10,33027,1675,0,384
"781",2003-03-11,32607,1654,0,202
"782",2003-03-12,32502,1649,0,1088
"783",2003-03-13,32240,1636,0,880
"784",2003-03-14,32188,1633,0,0
"785",2003-03-17,32188,1633,-135,0
"786",2003-03-18,32712,1660,0,129
"787",2003-03-19,33079,1678,0,0
"788",2003-03-20,32922,1670,0,0
"789",2003-03-21,33551,1702,0,0
"790",2003-03-24,33341,1691,-163,0
"791",2003-03-25,32502,1649,0,0
"792",2003-03-26,33446,1697,-428,0
"793",2003-03-27,33341,1691,0,0
"794",2003-03-28,32240,1636,0,196
"795",2003-03-31,32293,1638,0,355
"796",2003-04-01,32293,1638,307,193
"797",2003-04-02,31559,1601,-6,442
"798",2003-04-03,32502,1649,-218,0
"799",2003-04-04,31926,1620,0,48
"800",2003-04-07,33394,1694,33,295
"801",2003-04-08,32293,1638,0,0
"802",2003-04-09,31664,1606,0,-465
"803",2003-04-10,32607,1654,0,-155
"804",2003-04-11,33027,1675,-19,-180
"805",2003-04-14,32502,1649,0,-135
"806",2003-04-15,32974,1673,-3,0
"807",2003-04-16,34390,1745,0,0
"808",2003-04-17,33236,1686,0,0
"809",2003-04-18,33865,1718,0,0
"810",2003-04-21,33184,1683,0,0
"811",2003-04-22,33027,1675,-101,0
"812",2003-04-23,33027,1675,-174,0
"813",2003-04-24,33079,1678,44,0
"814",2003-04-25,32502,1649,0,1025
"815",2003-04-28,32712,1660,0,30
"816",2003-04-29,33236,1686,0,0
"817",2003-04-30,32922,1670,0,0
"818",2003-05-02,32922,1670,0,0
"819",2003-05-06,33027,1675,0,0
"820",2003-05-07,34547,1753,0,947
"821",2003-05-09,34337,1742,0,464
"822",2003-05-12,34599,1755,228,0
"823",2003-05-13,33918,1721,0,0
"824",2003-05-14,34075,1729,0,0
"825",2003-05-15,33761,1713,0,0
"826",2003-05-16,34075,1729,0,0
"827",2003-05-19,34599,1755,0,64
"828",2003-05-20,34599,1755,0,0
"829",2003-05-21,35543,1803,0,0
"830",2003-05-22,35333,1792,0,0
"831",2003-05-23,39842,2021,-2863,13018
"832",2003-05-26,40890,2074,-8,977
"833",2003-05-27,40366,2048,0,593
"834",2003-05-28,41729,2117,-207,0
"835",2003-05-29,43931,2229,2625,3162
"836",2003-05-30,44350,2250,-4492,51
"837",2003-06-02,44350,2250,0,0
"838",2003-06-03,44769,2271,0,0
"839",2003-06-04,51480,2612,-14607,-981
"840",2003-06-05,59133,3000,-29053,64167
"841",2003-06-09,59762,3032,-97859,18266
"842",2003-06-10,57666,2925,-12651,11707
"843",2003-06-11,57666,2925,-17502,-52694
"844",2003-06-12,61964,3144,-671,49607
"845",2003-06-13,59762,3032,0,30237
"846",2003-06-16,60287,3058,0,827
"847",2003-06-17,59867,3037,0,3944
"848",2003-06-18,57666,2925,0,3825
"849",2003-06-19,58295,2957,17449,12580
"850",2003-06-20,59972,3042,21304,0
"851",2003-06-23,68884,3495,2026,0
"852",2003-06-24,66577,3378,-42194,-27391
"853",2003-06-25,76538,3883,-17797,12301
"854",2003-06-26,79998,4058,0,84995
"855",2003-06-27,79893,4053,0,244
"856",2003-06-30,76538,3883,0,-233
"857",2003-07-01,73707,3739,0,-14477
"858",2003-07-02,74546,3782,-1824,-1079
"859",2003-07-03,73497,3729,0,0
"860",2003-07-04,73288,3718,0,208
"861",2003-07-07,73917,3750,0,14
"862",2003-07-08,70771,3590,0,-37600
"863",2003-07-09,71505,3628,-3619,-1723
"864",2003-07-10,71296,3617,0,0
"865",2003-07-11,71610,3633,-647,138
"866",2003-07-14,70247,3564,-67,121
"867",2003-07-15,68150,3457,5752,15897
"868",2003-07-16,64900,3292,-5750,321
"869",2003-07-18,60287,3058,-608,9090
"870",2003-07-21,54835,2782,-5004,-20974
"871",2003-07-22,55254,2803,0,0
"872",2003-07-23,59762,3032,946,0
"873",2003-07-24,59867,3037,-207,5425
"874",2003-07-25,62384,3165,-10189,0
"875",2003-07-28,62803,3186,-7,913
"876",2003-07-29,72134,3659,-36587,18482
"877",2003-07-30,72029,3654,-43343,52451
"878",2003-07-31,74965,3803,-16994,5456
"879",2003-08-01,77062,3909,-29255,73704
"880",2003-08-04,71296,3617,0,4487
"881",2003-08-05,71820,3643,-812,2276
"882",2003-08-06,71820,3643,0,5576
"883",2003-08-07,71925,3649,-16225,474
"884",2003-08-08,72344,3670,0,2475
"885",2003-08-11,73392,3723,6926,0
"886",2003-08-12,72449,3675,0,0
"887",2003-08-13,71925,3649,2040,17735
"888",2003-08-14,80732,4096,-22013,60175
"889",2003-08-18,89224,4526,-29871,85524
"890",2003-08-19,86603,4393,0,27267
"891",2003-08-20,87547,4441,12449,32297
"892",2003-08-21,89119,4521,0,0
"893",2003-08-22,90587,4596,2854,6633
"894",2003-08-25,92579,4697,40277,-5
"895",2003-08-26,93628,4750,44324,0
"896",2003-08-27,91321,4633,-210,0
"897",2003-08-28,87652,4447,23793,0
"898",2003-08-29,87232,4425,-207,11073
"899",2003-09-01,86918,4409,-509,-2158
"900",2003-09-02,86498,4388,4148,6539
"901",2003-09-03,90692,4601,-341,0
"902",2003-09-04,91531,4643,17594,0
"903",2003-09-05,94467,4792,22005,0
"904",2003-09-08,96459,4893,23866,-11466
"905",2003-09-09,99604,5053,8000,39889
"906",2003-09-15,98031,4973,-139,15142
"907",2003-09-16,100128,5080,-120,-18504
"908",2003-09-17,99604,5053,2094,31368
"909",2003-09-18,97507,4947,-8973,73463
"910",2003-09-19,96983,4920,-20715,34957
"911",2003-09-22,94362,4787,0,36849
"912",2003-09-23,95410,4840,-4735,11774
"913",2003-09-24,95620,4851,-9058,15004
"914",2003-09-25,93418,4739,-801,9009
"915",2003-09-26,93313,4734,0,14057
"916",2003-09-29,95934,4867,-435,1545
"917",2003-09-30,95201,4830,0,6616
"918",2003-10-01,92789,4707,0,1980
"919",2003-10-02,94886,4814,0,4871
"920",2003-10-06,96354,4888,8771,5528
"921",2003-10-07,97507,4947,8378,6875
"922",2003-10-08,100443,5096,12275,31134
"923",2003-10-09,100653,5106,0,24334
"924",2003-10-10,97507,4947,9612,0
"925",2003-10-13,97822,4963,6636,3037
"926",2003-10-14,96668,4904,-2381,0
"927",2003-10-15,93838,4760,-6152,3148
"928",2003-10-16,92370,4686,-3025,0
"929",2003-10-17,93313,4734,-6276,3513
"930",2003-10-20,93104,4723,-641,7007
"931",2003-10-21,93838,4760,-62,9814
"932",2003-10-22,93313,4734,-3278,21610
"933",2003-10-23,91216,4628,-576,0
"934",2003-10-24,91741,4654,0,0
"935",2003-10-27,93942,4766,0,0
"936",2003-10-28,95410,4840,-896,10962
"937",2003-10-29,96354,4888,-2974,0
"938",2003-10-30,94467,4792,-4203,1385
"939",2003-10-31,100338,5090,-6280,0
"940",2003-11-03,115331,5851,-14765,19675
"941",2003-11-04,123195,6250,-83779,95583
"942",2003-11-05,128961,6542,-10747,-2371
"943",2003-11-06,112186,5691,-578,39762
"944",2003-11-07,112186,5691,37718,0
"945",2003-11-10,104846,5319,481,27368
"946",2003-11-11,107992,5479,-10079,4616
"947",2003-11-12,104742,5314,-10729,261
"948",2003-11-13,105895,5372,-15462,4449
"949",2003-11-14,111137,5638,-11,495
"950",2003-11-17,110613,5612,-481,-1219
"951",2003-11-18,111137,5638,-11,17349
"952",2003-11-19,103798,5266,0,1181
"953",2003-11-20,101701,5159,-2143,0
"954",2003-11-21,100862,5117,-357,0
"955",2003-11-24,99080,5026,-10,0
"956",2003-11-25,102540,5202,2113,-1133
"957",2003-11-26,109564,5558,0,0
"958",2003-11-27,107992,5479,9554,0
"959",2003-11-28,112186,5691,94002,0
"960",2003-12-01,113234,5739,-7402,-4118
"961",2003-12-02,110718,5612,-2288,-58218
"962",2003-12-03,106943,5420,21679,-63104
"963",2003-12-04,104584,5301,-1027,-8503
"964",2003-12-05,108831,5516,22628,5188
"965",2003-12-08,109460,5548,17624,70
"966",2003-12-09,107101,5428,5,0
"967",2003-12-10,109774,5564,5025,66
"968",2003-12-11,110089,5580,7287,0
"969",2003-12-12,110718,5612,3861,0
"970",2003-12-15,120154,6090,26321,-15552
"971",2003-12-16,119839,6074,14373,-20776
"972",2003-12-17,121098,6138,15210,-4557
"973",2003-12-18,129118,6544,93609,-28299
"974",2003-12-19,129747,6576,61622,0
"975",2003-12-22,124086,6289,64010,-13943
"976",2003-12-23,117952,5978,10017,151
"977",2003-12-24,112920,5723,5993,74
"978",2003-12-26,110875,5620,2289,4474
"979",2003-12-29,114178,5787,-4112,861
"980",2003-12-30,119997,6082,19102,-8932
"981",2004-01-02,119997,6082,-693,-767
"982",2004-01-05,125816,6377,-1113,-24513
"983",2004-01-06,125029,6337,655,-14124
"984",2004-01-07,125658,6369,1760,-10538
"985",2004-01-08,123457,6257,29738,0
"986",2004-01-09,122041,6186,40303,0
"987",2004-01-12,118424,6002,19182,0
"988",2004-01-13,121098,6138,6892,0
"989",2004-01-14,119997,6082,-4829,0
"990",2004-01-15,117795,5970,-4354,0
"991",2004-01-16,116065,5883,-10242,3685
"992",2004-01-19,113549,5755,-11045,0
"993",2004-01-20,113234,5739,-1172,0
"994",2004-01-26,113549,5755,-282,0
"995",2004-01-27,111661,5659,-13477,0
"996",2004-01-28,108359,5492,-5180,0
"997",2004-01-29,105842,5364,3050,0
"998",2004-01-30,106157,5380,1435,0
"999",2004-02-02,115436,5851,25455,3209
"1000",2004-02-03,112920,5723,1503,0
"1001",2004-02-04,112448,5699,10630,0
"1002",2004-02-05,112605,5707,-826,0
"1003",2004-02-06,109617,5556,-1446,0
"1004",2004-02-09,111661,5659,-2773,8936
"1005",2004-02-10,108988,5524,-1104,0
"1006",2004-02-11,105842,5364,-974,0
"1007",2004-02-12,106943,5420,7338,0
"1008",2004-02-13,107887,5468,6517,0
"1009",2004-02-16,110089,5580,16148,0
"1010",2004-02-17,108516,5500,-795,0
"1011",2004-02-18,106943,5420,-123,0
"1012",2004-02-19,109145,5532,6529,0
"1013",2004-02-20,106629,5404,-102,0
"1014",2004-02-23,109774,5564,-798,0
"1015",2004-02-24,106629,5404,0,0
"1016",2004-02-25,104899,5317,1901,0
"1017",2004-02-26,102854,5213,-1460,0
"1018",2004-02-27,103798,5261,-14661,30207
"1019",2004-03-02,107415,5444,-9162,11853
"1020",2004-03-03,114807,5819,-72439,76014
"1021",2004-03-04,112920,5723,-137,0
"1022",2004-03-05,111661,5659,-5367,0
"1023",2004-03-08,109617,5556,-14362,0
"1024",2004-03-09,108516,5500,-5167,0
"1025",2004-03-10,105371,5341,-3911,0
"1026",2004-03-11,105371,5341,-2592,0
"1027",2004-03-12,105213,5333,5007,7401
"1028",2004-03-15,102854,5213,671,2314
"1029",2004-03-16,103326,5237,-13111,11893
"1030",2004-03-17,104584,5301,-8210,0
"1031",2004-03-18,102540,5197,-503,0
"1032",2004-03-19,102225,5181,-20686,11852
"1033",2004-03-22,102068,5173,-1324,0
"1034",2004-03-23,101282,5133,-1413,13572
"1035",2004-03-24,100338,5086,-1557,0
"1036",2004-03-25,97979,4966,3537,0
"1037",2004-03-26,95934,4862,-2658,0
"1038",2004-03-29,102068,5173,-63,13891
"1039",2004-03-30,97193,4926,-2601,0
"1040",2004-03-31,100653,5101,-558,-2318
"1041",2004-04-01,99709,5054,-308,0
"1042",2004-04-02,99866,5062,-1959,4155
"1043",2004-04-06,101439,5141,2669,0
"1044",2004-04-07,100023,5070,-23426,0
"1045",2004-04-08,100495,5093,-25392,7983
"1046",2004-04-09,100023,5070,-35595,4891
"1047",2004-04-12,99080,5022,-23776,0
"1048",2004-04-13,98294,4982,4085,0
"1049",2004-04-14,98608,4998,4436,0
"1050",2004-04-16,97979,4966,3621,0
"1051",2004-04-19,97193,4926,2714,0
"1052",2004-04-20,96564,4894,74,2569
"1053",2004-04-21,95934,4862,-6530,3775
"1054",2004-04-22,95934,4862,-7016,1451
"1055",2004-04-23,95620,4846,-1630,500
"1056",2004-04-26,92789,4703,-10728,0
"1057",2004-04-27,91216,4623,-15258,10439
"1058",2004-04-28,90745,4599,-2413,0
"1059",2004-04-29,85712,4344,-1012,7595
"1060",2004-04-30,86026,4360,930,5535
"1061",2004-05-03,86656,4392,2955,7530
"1062",2004-05-04,88071,4464,10728,0
"1063",2004-05-06,86184,4368,3864,1096
"1064",2004-05-07,86813,4400,9282,1480
"1065",2004-05-10,77298,3918,1713,3689
"1066",2004-05-11,73995,3750,-5339,2148
"1067",2004-05-12,76276,3866,-4258,5251
"1068",2004-05-13,74389,3770,-3870,0
"1069",2004-05-14,70771,3587,-34,2694
"1070",2004-05-17,66053,3348,-777,4919
"1071",2004-05-18,63851,3236,-2285,2516
"1072",2004-05-19,66053,3348,-10220,923
"1073",2004-05-20,64716,3280,-5529,7819
"1074",2004-05-21,65110,3300,-4,0
"1075",2004-05-24,68570,3475,-2982,-7265
"1076",2004-05-25,64716,3280,-6197,3327
"1077",2004-05-27,65660,3328,-941,0
"1078",2004-05-28,64638,3276,-1175,0
"1079",2004-05-31,67311,3412,-9126,-11987
"1080",2004-06-01,70771,3587,0,-3832
"1081",2004-06-02,71558,3627,-40,0
"1082",2004-06-03,71872,3643,1224,0
"1083",2004-06-04,71322,3615,-502,0
"1084",2004-06-07,71715,3635,201,0
"1085",2004-06-08,70693,3583,179,0
"1086",2004-06-09,72265,3663,1212,2888
"1087",2004-06-10,76590,3882,2831,6769
"1088",2004-06-11,69985,3547,11130,-277
"1089",2004-06-14,69199,3507,-744,0
"1090",2004-06-15,70771,3587,92,4072
"1091",2004-06-16,72344,3667,-508,3647
"1092",2004-06-17,75411,3822,832,2370
"1093",2004-06-18,72894,3695,322,0
"1094",2004-06-21,71872,3643,788,-925
"1095",2004-06-22,69356,3515,576,17
"1096",2004-06-23,68412,3467,-822,3491
"1097",2004-06-24,69828,3539,-1627,0
"1098",2004-06-25,67783,3436,-9304,0
"1099",2004-06-28,66446,3368,-15957,0
"1100",2004-06-29,66132,3352,-5813,0
"1101",2004-06-30,67705,3432,-3596,0
"1102",2004-07-01,68805,3487,-2390,0
"1103",2004-07-02,67940,3443,-447,2448
"1104",2004-07-05,68884,3491,27,0
"1105",2004-07-06,68884,3491,337,101
"1106",2004-07-07,68098,3451,230,0
"1107",2004-07-08,67783,3436,-234,-629
"1108",2004-07-09,67783,3436,522,764
"1109",2004-07-12,66997,3396,-377,0
"1110",2004-07-13,68805,3487,7978,638
"1111",2004-07-14,68255,3459,-2742,0
"1112",2004-07-15,68176,3455,-236,1911
"1113",2004-07-16,68098,3451,-997,301
"1114",2004-07-19,67940,3443,60,102
"1115",2004-07-20,67154,3404,-1834,1501
"1116",2004-07-21,67862,3439,826,0
"1117",2004-07-22,67233,3408,-5051,1946
"1118",2004-07-23,66840,3388,-3099,1070
"1119",2004-07-26,66918,3392,-1183,2021
"1120",2004-07-27,67311,3412,-767,933
"1121",2004-07-28,68648,3479,481,0
"1122",2004-07-29,67783,3436,-579,1063
"1123",2004-07-30,68412,3467,1114,1469
"1124",2004-08-02,66997,3396,1825,-253
"1125",2004-08-03,66840,3388,1060,2205
"1126",2004-08-04,67311,3412,-564,5037
"1127",2004-08-05,70929,3595,-629,78
"1128",2004-08-06,70378,3567,-366,0
"1129",2004-08-09,71243,3611,1804,0
"1130",2004-08-10,70378,3567,7,0
"1131",2004-08-11,70457,3571,-2547,14
"1132",2004-08-12,70614,3579,901,0
"1133",2004-08-13,72580,3679,3120,0
"1134",2004-08-16,74074,3754,5153,-1610
"1135",2004-08-17,75568,3830,3366,0
"1136",2004-08-18,76590,3882,2024,10
"1137",2004-08-19,79107,4009,4078,-11557
"1138",2004-08-20,78084,3958,-80,-5405
"1139",2004-08-23,77848,3946,770,483
"1140",2004-08-24,77062,3906,2784,242
"1141",2004-08-25,77377,3922,1500,-480
"1142",2004-08-26,78635,3986,-1481,0
"1143",2004-08-27,78792,3993,261,0
"1144",2004-08-30,83038,4209,-120,0
"1145",2004-08-31,90430,4583,-8904,-18712
"1146",2004-09-01,88228,4472,1607,231
"1147",2004-09-02,88386,4480,5149,0
"1148",2004-09-03,85397,4328,2804,4311
"1149",2004-09-06,85397,4328,1760,0
"1150",2004-09-07,85555,4336,1751,-110
"1151",2004-09-08,86341,4376,3132,-116
"1152",2004-09-09,89015,4512,1186,-277
"1153",2004-09-10,89801,4551,3789,14921
"1154",2004-09-13,93575,4743,2521,10737
"1155",2004-09-14,93890,4759,2361,13839
"1156",2004-09-15,97035,4918,-3706,12541
"1157",2004-09-16,97035,4918,4368,24252
"1158",2004-09-17,99237,5030,-2482,-3138
"1159",2004-09-20,95305,4830,119,0
"1160",2004-09-21,95148,4822,82,342
"1161",2004-09-22,92789,4703,-967,7540
"1162",2004-09-23,92789,4703,2862,0
"1163",2004-09-24,93418,4735,2389,0
"1164",2004-09-30,95305,4830,1227,0
"1165",2004-10-01,98608,4998,25825,0
"1166",2004-10-04,100653,5101,31954,0
"1167",2004-10-05,100338,5086,11077,0
"1168",2004-10-06,98923,5014,12981,422
"1169",2004-10-07,98136,4974,11949,0
"1170",2004-10-08,106157,5380,14106,15054
"1171",2004-10-11,107730,5460,17156,-27017
"1172",2004-10-12,105371,5341,8395,-6161
"1173",2004-10-13,104584,5301,19158,0
"1174",2004-10-14,106629,5404,11872,-41
"1175",2004-10-15,103641,5253,2054,-2354
"1176",2004-10-18,105371,5341,4691,5318
"1177",2004-10-19,104742,5309,14229,0
"1178",2004-10-20,102225,5181,13120,0
"1179",2004-10-21,100653,5101,5353,550
"1180",2004-10-22,100653,5101,12364,-444
"1181",2004-10-25,98294,4982,5031,2003
"1182",2004-10-26,99394,5038,6311,-302
"1183",2004-10-27,99080,5022,6531,1518
"1184",2004-10-28,101439,5141,13088,0
"1185",2004-10-29,106000,5372,14767,-668
"1186",2004-11-01,105371,5341,1617,169
"1187",2004-11-02,106943,5420,3323,2259
"1188",2004-11-03,108044,5476,5249,-295
"1189",2004-11-04,107887,5468,5833,3196
"1190",2004-11-05,110089,5580,7593,1026
"1191",2004-11-08,109302,5540,5222,-4112
"1192",2004-11-09,108516,5500,4910,0
"1193",2004-11-10,112290,5691,-3398,0
"1194",2004-11-11,111190,5636,1910,0
"1195",2004-11-12,114807,5819,2295,-2041
"1196",2004-11-15,113234,5739,472,202
"1197",2004-11-16,109302,5540,-1199,0
"1198",2004-11-17,110561,5604,7511,0
"1199",2004-11-18,108516,5500,-507,0
"1200",2004-11-19,106314,5388,-30,0
"1201",2004-11-22,103641,5253,-1336,1124
"1202",2004-11-23,103641,5253,239,-12450
"1203",2004-11-24,104899,5317,6836,-7452
"1204",2004-11-25,106943,5420,-429,0
"1205",2004-11-26,105371,5341,4843,-12243
"1206",2004-11-29,101282,5133,5485,-8075
"1207",2004-11-30,100653,5101,6339,-9790
"1208",2004-12-01,100810,5109,6305,-10394
"1209",2004-12-02,101439,5141,8372,-7013
"1210",2004-12-03,102225,5181,9002,-2745
"1211",2004-12-06,98294,4982,-15761,9696
"1212",2004-12-07,98136,4974,-1056,2673
"1213",2004-12-08,98136,4974,-4619,3655
"1214",2004-12-09,98136,4974,-4373,-9012
"1215",2004-12-10,97350,4934,1923,-2940
"1216",2004-12-13,98765,5006,538,4378
"1217",2004-12-14,97507,4942,-279,-203
"1218",2004-12-15,96721,4902,149,1735
"1219",2004-12-16,96721,4902,6940,533
"1220",2004-12-17,97507,4942,10504,-3272
"1221",2004-12-20,98923,5014,3671,-2185
"1222",2004-12-21,99080,5022,-211,-1756
"1223",2004-12-22,100495,5093,4848,-3380
"1224",2004-12-23,100338,5086,3246,-3478
"1225",2004-12-24,101753,5157,5392,0
"1226",2004-12-27,101124,5125,4583,-3436
"1227",2004-12-28,101439,5141,2131,-1819
"1228",2004-12-29,100653,5101,0,-2522
"1229",2004-12-30,100181,5078,455,-123
"1230",2005-01-03,94519,4791,-23419,-4167
"1231",2005-01-04,97035,4918,5476,-4648
"1232",2005-01-05,99709,5054,2929,-8566
"1233",2005-01-06,100181,5078,4352,0
"1234",2005-01-07,99080,5022,-2829,0
"1235",2005-01-10,98136,4974,-1015,0
"1236",2005-01-11,96721,4902,-2315,0
"1237",2005-01-12,98923,5014,-1933,3005
"1238",2005-01-13,99080,5022,728,6259
"1239",2005-01-14,98451,4990,948,0
"1240",2005-01-17,99080,5022,-4276,-2208
"1241",2005-01-18,100495,5093,1220,-8594
"1242",2005-01-19,106157,5380,43873,-93295
"1243",2005-01-20,106472,5396,26718,-11650
"1244",2005-01-21,108359,5492,21902,-10398
"1245",2005-01-24,106157,5380,-2273,0
"1246",2005-01-25,104584,5301,2592,-4216
"1247",2005-01-26,105213,5333,41357,-21825
"1248",2005-01-27,111661,5659,31314,0
"1249",2005-01-28,111661,5659,10111,-7555
"1250",2005-01-31,112448,5699,11857,0
"1251",2005-02-01,112133,5683,13268,0
"1252",2005-02-02,112448,5699,13517,-5080
"1253",2005-02-03,112605,5707,-451,0
"1254",2005-02-04,111819,5667,-3456,0
"1255",2005-02-07,111819,5667,5847,0
"1256",2005-02-11,112290,5691,6886,0
"1257",2005-02-14,111976,5675,2080,0
"1258",2005-02-15,115593,5859,9671,15884
"1259",2005-02-16,114964,5827,851,754
"1260",2005-02-17,115908,5875,-1119,2666
"1261",2005-02-18,117480,5954,370,1981
"1262",2005-02-21,116222,5891,-415,-473
"1263",2005-02-22,113234,5739,-8257,11171
"1264",2005-02-23,109302,5540,1679,2892
"1265",2005-02-24,112920,5723,-19473,4782
"1266",2005-02-25,111347,5643,-1782,1527
"1267",2005-02-28,113234,5739,8619,7229
"1268",2005-03-02,112290,5691,-4660,6289
"1269",2005-03-03,113234,5739,5546,2195
"1270",2005-03-04,118581,6010,-4266,-450
"1271",2005-03-07,114335,5795,-1607,0
"1272",2005-03-08,111032,5628,3503,100
"1273",2005-03-09,114020,5779,-5971,4121
"1274",2005-03-10,112133,5683,-6219,2271
"1275",2005-03-11,110875,5620,-4997,-39296
"1276",2005-03-14,110875,5620,-2565,-46923
"1277",2005-03-15,107258,5436,-687,-31171
"1278",2005-03-16,108044,5476,-3422,-6905
"1279",2005-03-17,102225,5181,1204,-15066
"1280",2005-03-18,97507,4942,-16138,-52749
"1281",2005-03-21,98294,4982,-8681,293
"1282",2005-03-22,94676,4799,2274,0
"1283",2005-03-23,94676,4799,5651,8700
"1284",2005-03-24,97664,4950,-10145,6674
"1285",2005-03-25,99237,5030,7143,0
"1286",2005-03-28,100810,5109,519,0
"1287",2005-03-29,97350,4934,483,3117
"1288",2005-03-30,97350,4934,1250,5847
"1289",2005-03-31,99080,5022,-603,481
"1290",2005-04-01,98608,4998,169,1891
"1291",2005-04-04,96564,4894,0,0
"1292",2005-04-06,98294,4982,293,3307
"1293",2005-04-07,99866,5062,374,4423
"1294",2005-04-08,103955,5269,7572,16529
"1295",2005-04-11,101753,5157,-6501,2660
"1296",2005-04-12,101124,5125,-1858,64
"1297",2005-04-13,101282,5133,-4451,3026
"1298",2005-04-14,98923,5014,-2848,7135
"1299",2005-04-15,97822,4958,-1402,2414
"1300",2005-04-18,95148,4822,-1104,10468
"1301",2005-04-19,96878,4910,-379,1781
"1302",2005-04-20,97350,4934,-3036,-957
"1303",2005-04-21,94362,4783,-486,-4614
"1304",2005-04-22,93890,4759,0,-4813
"1305",2005-04-25,90902,4607,2850,582
"1306",2005-04-26,91845,4655,-613,3255
"1307",2005-04-27,91216,4623,-2305,2986
"1308",2005-04-28,90273,4575,-16,4253
"1309",2005-04-29,90115,4567,-5149,4252
"1310",2005-05-02,92003,4663,29,-3404
"1311",2005-05-03,89644,4543,-1596,2003
"1312",2005-05-04,88543,4488,269,214
"1313",2005-05-06,88700,4496,3790,8789
"1314",2005-05-09,88071,4464,-1372,-89
"1315",2005-05-10,86184,4368,-6447,2255
"1316",2005-05-11,83038,4209,-7334,-346
"1317",2005-05-12,82724,4193,3345,-6919
"1318",2005-05-13,84297,4272,3613,2058
"1319",2005-05-16,84139,4264,461,0
"1320",2005-05-17,85555,4336,-206,4851
"1321",2005-05-18,84926,4304,-8330,6861
"1322",2005-05-19,89172,4520,1834,3954
"1323",2005-05-20,89172,4520,102,3959
"1324",2005-05-23,89172,4520,0,4551
"1325",2005-05-24,90430,4583,481,3939
"1326",2005-05-25,90430,4583,-849,3098
"1327",2005-05-26,91059,4615,3527,5506
"1328",2005-05-27,93104,4719,2392,8305
"1329",2005-05-30,94362,4783,246,3826
"1330",2005-05-31,95148,4822,1070,17319
"1331",2005-06-01,92789,4703,-4755,307
"1332",2005-06-02,90902,4607,-3274,353
"1333",2005-06-03,92789,4703,2441,292
"1334",2005-06-07,92632,4695,98,861
"1335",2005-06-08,94362,4783,7622,1265
"1336",2005-06-09,95777,4854,14842,3414
"1337",2005-06-10,95777,4854,696,4876
"1338",2005-06-13,95777,4854,1198,30
"1339",2005-06-14,92160,4671,-847,-4833
"1340",2005-06-15,93261,4727,441,-873
"1341",2005-06-16,91531,4639,495,-861
"1342",2005-06-17,91216,4623,-1155,-363
"1343",2005-06-20,88386,4480,-3609,-2102
"1344",2005-06-21,87914,4456,676,-2467
"1345",2005-06-22,88857,4504,2557,-8986
"1346",2005-06-23,87442,4432,2330,-6136
"1347",2005-06-24,88071,4464,2446,-4729
"1348",2005-06-27,87285,4424,602,-2566
"1349",2005-06-28,86970,4408,5535,-3639
"1350",2005-06-29,88071,4464,5151,-3073
"1351",2005-06-30,89958,4559,9466,-10571
"1352",2005-07-01,90745,4599,15453,-4573
"1353",2005-07-04,92946,4711,14534,-13591
"1354",2005-07-05,106786,5412,78580,-47671
"1355",2005-07-06,107258,5436,39312,-30244
"1356",2005-07-07,108988,5524,3987,-20418
"1357",2005-07-08,110089,5580,32290,-25494
"1358",2005-07-11,113234,5739,5023,-22103
"1359",2005-07-12,110089,5580,19335,-87
"1360",2005-07-13,107730,5460,-4326,-1374
"1361",2005-07-14,108831,5516,12634,-1276
"1362",2005-07-15,110089,5580,31361,278
"1363",2005-07-18,110089,5580,9655,3489
"1364",2005-07-19,116222,5891,23365,25506
"1365",2005-07-20,113077,5731,39871,-18091
"1366",2005-07-21,110875,5620,4676,-5813
"1367",2005-07-22,108201,5484,7256,-959
"1368",2005-07-25,108044,5476,8417,-2066
"1369",2005-07-26,105056,5325,-19175,-8512
"1370",2005-07-27,105056,5325,10127,-15480
"1371",2005-07-28,105528,5349,-10158,-1431
"1372",2005-07-29,106472,5396,6656,-4689
"1373",2005-08-01,108516,5500,3008,-4850
"1374",2005-08-02,105528,5349,892,-3649
"1375",2005-08-03,105371,5341,-6700,814
"1376",2005-08-04,107730,5460,9866,-6583
"1377",2005-08-05,104742,5309,-1447,-1519
"1378",2005-08-08,103012,5221,6263,-1476
"1379",2005-08-09,103798,5261,2788,-915
"1380",2005-08-10,105371,5341,3335,-2675
"1381",2005-08-11,107258,5436,1359,-1123
"1382",2005-08-12,105685,5357,1241,-4599
"1383",2005-08-16,106314,5388,7849,-2552
"1384",2005-08-17,106157,5380,22057,-6711
"1385",2005-08-18,105371,5341,3633,-11749
"1386",2005-08-19,102383,5189,-6762,4637
"1387",2005-08-22,102225,5181,-5770,2532
"1388",2005-08-23,101439,5141,-30746,-4124
"1389",2005-08-24,97507,4942,-12766,-2270
"1390",2005-08-25,95305,4830,99472,-3268
"1391",2005-08-26,94362,4783,8445,675
"1392",2005-08-29,87914,4456,-7098,161
"1393",2005-08-30,93890,4759,-11568,75
"1394",2005-08-31,94362,4783,10124,88
"1395",2005-09-01,96249,4878,5996,532
"1396",2005-09-02,97979,4966,-960,0
"1397",2005-09-05,98923,5014,2566,-119
"1398",2005-09-06,100181,5078,11313,-191
"1399",2005-09-07,102225,5181,-11672,-6421
"1400",2005-09-08,100181,5078,-28029,1745
"1401",2005-09-09,103012,5221,10926,-351
"1402",2005-09-12,104270,5285,7174,-3166
"1403",2005-09-13,104584,5301,10607,-192
"1404",2005-09-14,103798,5261,8807,0
"1405",2005-09-15,105371,5341,-389,34
"1406",2005-09-16,107887,5468,8377,3887
"1407",2005-09-20,108516,5500,20774,-11967
"1408",2005-09-21,106629,5404,1338,1749
"1409",2005-09-22,106786,5412,975,944
"1410",2005-09-23,107101,5428,7914,-94
"1411",2005-09-26,107887,5468,12997,165
"1412",2005-09-27,107730,5460,-425,1384
"1413",2005-09-28,112605,5707,-32399,-199
"1414",2005-09-29,112448,5699,1169,-173
"1415",2005-09-30,111976,5675,4519,-1284
"1416",2005-10-04,113391,5747,10173,-57
"1417",2005-10-05,111661,5659,15481,-1153
"1418",2005-10-06,111661,5659,13618,-2976
"1419",2005-10-07,111504,5651,25916,-1270
"1420",2005-10-10,115908,5875,20512,4021
"1421",2005-10-11,122356,6201,7548,5064
"1422",2005-10-12,122198,6193,29918,-12003
"1423",2005-10-13,118581,6010,274,-5069
"1424",2005-10-14,125973,6385,39138,-9502
"1425",2005-10-17,121727,6170,1011,-1948
"1426",2005-10-18,124086,6289,8984,134
"1427",2005-10-19,117795,5970,4432,-4860
"1428",2005-10-20,115121,5835,404,-1615
"1429",2005-10-21,110561,5604,7131,-6820
"1430",2005-10-24,113234,5739,23681,-21667
"1431",2005-10-25,117952,5978,6718,-10745
"1432",2005-10-26,114807,5819,4099,-8016
"1433",2005-10-27,111504,5651,591,-947
"1434",2005-10-28,110875,5620,11804,-11796
"1435",2005-10-31,112448,5699,4780,-3744
"1436",2005-11-01,113234,5739,1727,1531
"1437",2005-11-02,115436,5851,176,915
"1438",2005-11-03,117638,5962,5998,-185
"1439",2005-11-04,117952,5978,5634,-572
"1440",2005-11-07,116380,5899,2233,-384
"1441",2005-11-08,117009,5930,5115,165
"1442",2005-11-09,118739,6018,2002,1531
"1443",2005-11-10,117952,5978,-167,1307
"1444",2005-11-11,123457,6257,8754,5819
"1445",2005-11-14,118424,6002,-585,-793
"1446",2005-11-15,115593,5859,1714,-84
"1447",2005-11-16,115593,5859,10191,-236
"1448",2005-11-17,117795,5970,-2433,173
"1449",2005-11-18,128175,6496,9849,-284
"1450",2005-11-21,136825,6935,67376,-97985
"1451",2005-11-22,136825,6935,-10537,-35355
"1452",2005-11-23,157270,7971,9761,-29134
"1453",2005-11-24,157270,7971,-5805,-13555
"1454",2005-11-25,159629,8091,-176699,-63043
"1455",2005-11-28,166706,8449,54030,-67607
"1456",2005-11-29,165133,8370,9945,-125
"1457",2005-11-30,171424,8688,48657,-23563
"1458",2005-12-01,161988,8210,-6178,390
"1459",2005-12-02,158842,8051,647,21892
"1460",2005-12-05,163560,8290,10879,1219
"1461",2005-12-06,164347,8330,4992,2283
"1462",2005-12-07,171424,8688,18351,-5264
"1463",2005-12-08,163560,8290,3531,-9782
"1464",2005-12-09,158056,8011,-6351,729
"1465",2005-12-12,156798,7947,8640,22773
"1466",2005-12-13,153181,7764,-4297,920
"1467",2005-12-14,150192,7612,-32132,11396
"1468",2005-12-15,147204,7461,-7772,-2949
"1469",2005-12-16,149406,7572,-462,806
"1470",2005-12-19,143430,7270,-1850,202
"1471",2005-12-20,138712,7030,-5012,10689
"1472",2005-12-21,142172,7206,-3585,3130
"1473",2005-12-22,136353,6911,-4404,626
"1474",2005-12-23,141228,7158,6188,-2478
"1475",2005-12-26,134937,6839,-22414,2399
"1476",2005-12-27,132736,6728,-20783,23179
"1477",2005-12-28,127388,6457,-11751,8015
"1478",2005-12-29,139970,7094,-34237,20920
"1479",2006-01-02,145317,7365,8895,-12891
"1480",2006-01-03,143744,7286,-5393,-10487
"1481",2006-01-04,149406,7572,56951,-5663
"1482",2006-01-05,149249,7564,16947,-4143
"1483",2006-01-06,149721,7588,-16531,1866
"1484",2006-01-09,149406,7572,2601,-1852
"1485",2006-01-10,147833,7493,4436,-135
"1486",2006-01-11,150979,7652,13784,-2999
"1487",2006-01-12,146733,7437,6678,-2269
"1488",2006-01-13,146261,7413,-1965,-1015
"1489",2006-01-16,146890,7445,-7313,306
"1490",2006-01-17,148620,7533,2464,829
"1491",2006-01-18,141543,7174,-160,-1117
"1492",2006-01-19,141543,7174,-9475,0
"1493",2006-01-20,132421,6712,2074,-627
"1494",2006-01-23,127388,6457,7516,-1236
"1495",2006-01-24,128175,6496,-106,2575
"1496",2006-01-25,132736,6728,-5421,4583
"1497",2006-01-26,132736,6728,2558,-956
"1498",2006-01-27,132736,6728,-1542,464
"1499",2006-01-31,130534,6616,-1965,-34
"1500",2006-02-01,132736,6728,6749,9747
"1501",2006-02-02,130376,6608,-392,618
"1502",2006-02-03,127231,6449,-3039,4043
"1503",2006-02-06,122670,6217,483,0
"1504",2006-02-07,123457,6257,-985,328
"1505",2006-02-08,121884,6178,506,94
"1506",2006-02-09,121884,6178,-1257,0
"1507",2006-02-10,121884,6178,207,154
"1508",2006-02-13,121884,6178,-3323,93
"1509",2006-02-14,122356,6201,1867,46
"1510",2006-02-15,120626,6114,1807,-1212
"1511",2006-02-16,121884,6178,2566,-1386
"1512",2006-02-17,120626,6114,-783,41
"1513",2006-02-20,121098,6138,1023,400
"1514",2006-02-21,120626,6114,215,255
"1515",2006-02-22,120626,6114,-3466,-519
"1516",2006-02-23,130848,6632,19673,597
"1517",2006-02-24,126602,6417,1342,-296
"1518",2006-02-27,124400,6305,-1179,445
"1519",2006-02-28,124558,6313,-52,2205
"1520",2006-03-02,126287,6401,-1381,485
"1521",2006-03-03,121098,6138,-2327,-428
"1522",2006-03-06,122828,6225,2187,566
"1523",2006-03-07,123299,6249,-1719,506
"1524",2006-03-08,121255,6146,1268,-315
"1525",2006-03-09,121884,6178,-6956,378
"1526",2006-03-10,121255,6146,-1549,220
"1527",2006-03-13,120783,6122,-2581,-734
"1528",2006-03-14,121098,6138,-1770,-628
"1529",2006-03-15,122198,6193,726,-94
"1530",2006-03-16,121412,6154,275,-418
"1531",2006-03-17,123299,6249,1579,-534
"1532",2006-03-20,122041,6186,2027,-538
"1533",2006-03-21,120154,6090,-2947,-208
"1534",2006-03-22,117795,5970,1682,-99
"1535",2006-03-23,117795,5970,-291,-8
"1536",2006-03-24,117795,5970,5093,-15
"1537",2006-03-27,120311,6098,1359,-76
"1538",2006-03-28,117166,5938,-7828,0
"1539",2006-03-29,117638,5962,-7243,0
"1540",2006-03-30,116222,5891,-5292,0
"1541",2006-03-31,117166,5938,-507,0
"1542",2006-04-03,116380,5899,696,0
"1543",2006-04-04,114492,5803,-2959,0
"1544",2006-04-05,115121,5835,-715,0
"1545",2006-04-06,116380,5899,-3582,1928
"1546",2006-04-07,116380,5899,3315,0
"1547",2006-04-10,115121,5835,232,0
"1548",2006-04-11,114178,5787,-4779,0
"1549",2006-04-12,112605,5707,3138,0
"1550",2006-04-13,121098,6138,5201,832
"1551",2006-04-14,121098,6138,8411,-836
"1552",2006-04-17,121569,6162,5050,866
"1553",2006-04-18,118581,6010,47885,-842
"1554",2006-04-19,112920,5723,21226,0
"1555",2006-04-20,112133,5683,37356,0
"1556",2006-04-21,111661,5659,56569,0
"1557",2006-04-24,111661,5659,61571,0
"1558",2006-04-25,114650,5811,25833,0
"1559",2006-04-26,111347,5643,36098,0
"1560",2006-04-27,110875,5620,-3634,0
"1561",2006-04-28,103798,5261,132635,0
"1562",2006-05-02,103798,5261,127529,0
"1563",2006-05-03,103955,5269,77345,165
"1564",2006-05-04,100653,5101,-29621,-167
"1565",2006-05-08,103483,5245,-3599,0
"1566",2006-05-09,105528,5349,-2064,11768
"1567",2006-05-10,104112,5277,-14489,4272
"1568",2006-05-11,106943,5420,-962,2259
"1569",2006-05-12,105371,5341,131698,0
"1570",2006-05-15,105371,5341,-1041,0
"1571",2006-05-16,105371,5341,7232,0
"1572",2006-05-17,105056,5325,378,1561
"1573",2006-05-18,104112,5277,-743,1524
"1574",2006-05-19,105685,5357,-5669,-11798
"1575",2006-05-22,105371,5341,11370,-8513
"1576",2006-05-23,104899,5317,9434,0
"1577",2006-05-24,106000,5372,-1185,1430
"1578",2006-05-25,104270,5285,-1966,0
"1579",2006-05-26,106157,5380,-836,0
"1580",2006-05-29,103012,5221,-9272,0
"1581",2006-05-30,103798,5261,-1494,0
"1582",2006-06-01,103012,5221,1657,0
"1583",2006-06-02,102540,5197,-2821,0
"1584",2006-06-05,101596,5149,-4428,2625
"1585",2006-06-07,100810,5109,-3666,-943
"1586",2006-06-08,99866,5062,16867,-6499
"1587",2006-06-09,101439,5141,6765,-9619
"1588",2006-06-12,102225,5181,1088,-2156
"1589",2006-06-13,99866,5062,-139,-509
"1590",2006-06-14,101439,5141,8731,-12003
"1591",2006-06-15,100653,5101,11237,-9835
"1592",2006-06-16,99866,5062,39,-1150
"1593",2006-06-19,99080,5022,-1418,-879
"1594",2006-06-20,99709,5054,-501,-965
"1595",2006-06-21,99709,5054,2413,-1550
"1596",2006-06-22,101282,5133,-3502,3708
"1597",2006-06-23,99866,5062,-11979,-4926
"1598",2006-06-26,98608,4998,149,-320
"1599",2006-06-27,101439,5141,4763,-5964
"1600",2006-06-28,102068,5173,3259,-6742
"1601",2006-06-29,102540,5197,6936,-2998
"1602",2006-06-30,111661,5659,15488,-3348
"1603",2006-07-03,105371,5341,-1478,0
"1604",2006-07-04,102383,5189,-1063,572
"1605",2006-07-05,102383,5189,360,26
"1606",2006-07-06,102854,5213,283,145
"1607",2006-07-07,102697,5205,-1109,-197
"1608",2006-07-10,102697,5205,17,0
"1609",2006-07-11,104742,5309,1553,33
"1610",2006-07-12,105056,5325,298,0
"1611",2006-07-13,106943,5420,4138,0
"1612",2006-07-14,102854,5213,-731,0
"1613",2006-07-18,102225,5181,-91,3587
"1614",2006-07-19,102383,5189,-1109,663
"1615",2006-07-20,102697,5205,47,0
"1616",2006-07-21,106943,5420,5028,0
"1617",2006-07-24,108516,5500,4274,0
"1618",2006-07-25,107258,5436,-1575,1024
"1619",2006-07-26,107730,5460,1855,0
"1620",2006-07-27,107730,5460,2522,0
"1621",2006-07-28,108516,5500,-395,0
"1622",2006-07-31,108044,5476,77,0
"1623",2006-08-01,105371,5341,858,60
"1624",2006-08-02,103483,5245,-488,-60
"1625",2006-08-03,103798,5261,-1408,0
"1626",2006-08-04,104427,5293,-3161,1183
"1627",2006-08-07,104584,5301,-2752,1235
"1628",2006-08-08,102383,5189,-1204,0
"1629",2006-08-09,102383,5189,-23219,0
"1630",2006-08-10,102383,5189,-2453,0
"1631",2006-08-11,101439,5141,-1185,0
"1632",2006-08-14,102540,5197,-4572,6762
"1633",2006-08-16,103798,5261,1190,3476
"1634",2006-08-17,103798,5261,-1867,2178
"1635",2006-08-18,103798,5261,-663,1663
"1636",2006-08-21,100338,5086,-6126,2567
"1637",2006-08-22,101439,5141,-3160,1958
"1638",2006-08-23,100653,5101,-7839,4294
"1639",2006-08-24,100495,5093,-11354,4300
"1640",2006-08-25,100653,5101,159,0
"1641",2006-08-28,100338,5086,-8751,0
"1642",2006-08-29,100338,5086,-14289,0
"1643",2006-08-30,99080,5022,-1662,1379
"1644",2006-08-31,99866,5062,-8051,0
"1645",2006-09-01,99709,5054,-5127,0
"1646",2006-09-04,101282,5133,63,0
"1647",2006-09-05,102540,5197,-11768,0
"1648",2006-09-06,100181,5078,-13714,0
"1649",2006-09-07,100653,5101,803,0
"1650",2006-09-08,102540,5197,-76,2868
"1651",2006-09-11,102225,5181,-888,0
"1652",2006-09-12,104584,5301,5957,-6020
"1653",2006-09-13,104112,5277,-378,0
"1654",2006-09-14,103169,5229,-2065,-4598
"1655",2006-09-15,102225,5181,-761,-1634
"1656",2006-09-18,103955,5269,1006,-7345
"1657",2006-09-19,103798,5261,-1217,0
"1658",2006-09-20,106629,5404,897,0
"1659",2006-09-21,107101,5428,21,0
"1660",2006-09-22,106314,5388,-619,0
"1661",2006-09-25,106314,5388,1166,0
"1662",2006-09-26,103798,5261,-1073,145
"1663",2006-09-27,104899,5317,-29,-146
"1664",2006-09-28,106472,5396,103,0
"1665",2006-09-29,108516,5500,11370,-4739
"1666",2006-10-02,107572,5452,1002,0
"1667",2006-10-04,107572,5452,645,0
"1668",2006-10-09,106629,5404,4407,0
"1669",2006-10-10,103169,5229,-637,0
"1670",2006-10-11,103641,5253,-228,0
"1671",2006-10-12,103641,5253,-753,409
"1672",2006-10-13,105528,5349,204,660
"1673",2006-10-16,106943,5420,313,0
"1674",2006-10-17,104584,5301,30,0
"1675",2006-10-18,104742,5309,588,0
"1676",2006-10-19,106629,5404,-542,0
"1677",2006-10-20,106157,5380,35,0
"1678",2006-10-23,106157,5380,1313,0
"1679",2006-10-24,105371,5341,53,0
"1680",2006-10-25,106943,5420,1144,0
"1681",2006-10-26,107258,5436,9543,0
"1682",2006-10-27,108201,5484,6172,0
"1683",2006-10-30,107415,5444,11602,28
"1684",2006-10-31,108673,5508,6021,0
"1685",2006-11-01,109931,5572,12863,0
"1686",2006-11-02,110875,5620,-4797,0
"1687",2006-11-03,111661,5659,5532,0
"1688",2006-11-06,111976,5675,5636,0
"1689",2006-11-07,112762,5715,9762,0
"1690",2006-11-08,112605,5707,15729,-5763
"1691",2006-11-09,111819,5667,2021,932
"1692",2006-11-10,112448,5699,3507,-348
"1693",2006-11-13,112448,5699,6478,-14
"1694",2006-11-14,113549,5755,14260,0
"1695",2006-11-15,113863,5771,13293,-94
"1696",2006-11-16,114964,5827,12713,-124
"1697",2006-11-17,115750,5867,-3910,1082
"1698",2006-11-20,112605,5707,-2743,-1163
"1699",2006-11-21,111032,5628,-94,-7
"1700",2006-11-22,112605,5707,-4552,-28
"1701",2006-11-23,112762,5715,1709,-43
"1702",2006-11-24,110089,5580,-551,0
"1703",2006-11-27,108516,5500,9,0
"1704",2006-11-28,109617,5556,-94,4077
"1705",2006-11-29,110875,5620,5359,1612
"1706",2006-11-30,111347,5643,1014,1910
"1707",2006-12-01,108831,5516,-5997,0
"1708",2006-12-04,106000,5372,-5506,347
"1709",2006-12-05,102225,5181,-12672,531
"1710",2006-12-06,101282,5133,1085,387
"1711",2006-12-07,102225,5181,-4736,417
"1712",2006-12-08,102225,5181,1723,0
"1713",2006-12-11,103012,5221,353,0
"1714",2006-12-12,101753,5157,141,0
"1715",2006-12-13,101439,5141,-1070,0
"1716",2006-12-14,113234,5739,-4615,13536
"1717",2006-12-15,107730,5460,1858,0
"1718",2006-12-18,106629,5404,-899,142
"1719",2006-12-19,107415,5444,1740,541
"1720",2006-12-20,107101,5428,335,579
"1721",2006-12-21,108044,5476,0,3902
"1722",2006-12-22,108201,5484,0,1432
"1723",2006-12-26,112133,5683,20369,-10429
"1724",2006-12-27,107572,5452,-20698,10699
"1725",2006-12-28,106786,5412,206,0
"1726",2007-01-02,106629,5404,145,0
"1727",2007-01-03,106472,5396,400,625
"1728",2007-01-04,105842,5364,640,0
"1729",2007-01-05,104112,5277,1537,-238
"1730",2007-01-08,108516,5500,4796,-1026
"1731",2007-01-09,105685,5357,5359,-2106
"1732",2007-01-10,104112,5277,-25,-697
"1733",2007-01-11,104899,5317,482,0
"1734",2007-01-12,108201,5484,3130,-1034
"1735",2007-01-15,105056,5325,-4993,0
"1736",2007-01-16,103798,5261,2,-317
"1737",2007-01-17,104427,5293,620,-79
"1738",2007-01-18,103169,5229,221,0
"1739",2007-01-19,103641,5253,99,158
"1740",2007-01-22,104427,5293,34,0
"1741",2007-01-23,104584,5301,447,0
"1742",2007-01-24,103012,5221,930,0
"1743",2007-01-25,105056,5325,1430,0
"1744",2007-01-26,105371,5341,376,0
"1745",2007-01-29,105056,5325,202,0
"1746",2007-01-30,102540,5197,847,0
"1747",2007-01-31,104112,5277,444,0
"1748",2007-02-01,104270,5285,432,0
"1749",2007-02-02,105213,5333,2,0
"1750",2007-02-05,102383,5189,-1962,0
"1751",2007-02-06,103641,5253,1294,0
"1752",2007-02-07,104270,5285,1068,0
"1753",2007-02-08,102854,5213,-2538,379
"1754",2007-02-09,103641,5253,1184,-99
"1755",2007-02-12,101911,5165,-461,-130
"1756",2007-02-13,102697,5205,702,-71
"1757",2007-02-14,106000,5372,6831,-80
"1758",2007-02-15,105371,5341,10791,0
"1759",2007-02-16,100495,5093,-14131,0
"1760",2007-02-20,100653,5101,-350,0
"1761",2007-02-21,101596,5149,-180,0
"1762",2007-02-22,100023,5070,-2018,0
"1763",2007-02-23,99866,5062,-3754,0
"1764",2007-02-26,99080,5022,-2727,0
"1765",2007-02-27,99237,5030,-853,0
"1766",2007-02-28,96249,4878,-828,0
"1767",2007-03-02,99552,5046,-31,0
"1768",2007-03-05,95934,4862,-4913,0
"1769",2007-03-06,94204,4775,-14858,0
"1770",2007-03-07,94519,4791,-4146,0
"1771",2007-03-08,94519,4791,73,-793
"1772",2007-03-09,97507,4942,-1189,-15364
"1773",2007-03-12,98923,5014,-44,-2840
"1774",2007-03-13,98923,5014,-19,-3188
"1775",2007-03-14,97664,4950,-19,0
"1776",2007-03-15,97822,4958,-4951,0
"1777",2007-03-16,98608,4998,0,0
"1778",2007-03-19,99552,5046,-38,0
"1779",2007-03-20,100338,5086,0,0
"1780",2007-03-21,100338,5086,-3811,-322
"1781",2007-03-22,99080,5022,-6,0
"1782",2007-03-23,100495,5093,1463,0
"1783",2007-03-26,100653,5101,0,-1092
"1784",2007-03-27,100653,5101,-489,-109
"1785",2007-03-28,98608,4998,-1443,0
"1786",2007-03-29,98451,4990,-6,0
"1787",2007-03-30,98294,4982,0,0
"1788",2007-04-02,104112,5277,37773,-27524
"1789",2007-04-03,103798,5261,449,-1978
"1790",2007-04-04,103483,5245,0,0
"1791",2007-04-05,103955,5269,0,0
"1792",2007-04-06,104584,5301,-40,2045
"1793",2007-04-09,107415,5444,1441,1677
"1794",2007-04-10,106629,5404,-9716,12874
"1795",2007-04-11,108673,5508,-2754,-3774
"1796",2007-04-12,108988,5524,2288,0
"1797",2007-04-13,113077,5731,10773,431
"1798",2007-04-16,118109,5986,10115,0
"1799",2007-04-17,117638,5962,4257,0
"1800",2007-04-18,117166,5938,3324,0
"1801",2007-04-19,114335,5795,304,0
"1802",2007-04-20,112920,5723,0,0
"1803",2007-04-23,107730,5460,-2384,0
"1804",2007-04-24,106157,5380,-3394,0
"1805",2007-04-25,106157,5380,976,0
"1806",2007-04-26,105371,5341,851,0
"1807",2007-04-27,105056,5325,-4855,1538
"1808",2007-04-30,105371,5341,-12050,3340
"1809",2007-05-02,106472,5396,1186,4901
"1810",2007-05-03,110403,5596,1367,0
"1811",2007-05-04,110875,5620,-7228,11411
"1812",2007-05-07,111190,5636,-636,16150
"1813",2007-05-08,111504,5651,128,0
"1814",2007-05-09,111819,5667,-24910,12162
"1815",2007-05-10,110089,5580,-7913,93
"1816",2007-05-11,111661,5659,-11034,0
"1817",2007-05-14,111032,5628,-16680,0
"1818",2007-05-15,112290,5691,1431,0
"1819",2007-05-16,112290,5691,-6493,169
"1820",2007-05-17,112290,5691,0,0
"1821",2007-05-18,112605,5707,-1424,998
"1822",2007-05-21,116222,5891,11387,0
"1823",2007-05-22,120311,6098,11810,0
"1824",2007-05-23,125658,6369,4640,10479
"1825",2007-05-25,124872,6329,8407,-3168
"1826",2007-05-28,124243,6297,0,0
"1827",2007-05-29,124872,6329,3649,0
"1828",2007-05-30,122670,6217,-139,86
"1829",2007-05-31,125816,6377,10586,-863
"1830",2007-06-01,125187,6345,1271,4796
"1831",2007-06-04,127074,6441,16444,-5355
"1832",2007-06-05,130534,6616,-8,-7492
"1833",2007-06-07,129433,6560,-4083,-1065
"1834",2007-06-08,127546,6464,3114,1026
"1835",2007-06-11,130376,6608,-8302,-148
"1836",2007-06-12,130376,6608,449,-336
"1837",2007-06-13,131949,6688,1672,-565
"1838",2007-06-14,126602,6417,1143,-2665
"1839",2007-06-15,130534,6616,19020,-6474
"1840",2007-06-18,132264,6704,1509,-261
"1841",2007-06-19,132578,6720,847,-10942
"1842",2007-06-20,131635,6672,848,-5059
"1843",2007-06-21,134308,6807,6668,-5037
"1844",2007-06-22,133679,6775,2538,-251
"1845",2007-06-25,133365,6759,1528,-255
"1846",2007-06-26,133050,6743,938,-592
"1847",2007-06-27,131792,6680,4625,-8
"1848",2007-06-28,130534,6616,0,0
"1849",2007-06-29,128961,6536,25,0
"1850",2007-07-02,132736,6728,41218,-22597
"1851",2007-07-03,134466,6815,8721,-1274
"1852",2007-07-04,138712,7030,0,-10741
"1853",2007-07-05,141543,7174,-1764,0
"1854",2007-07-06,142486,7222,2721,0
"1855",2007-07-09,144688,7333,-18,0
"1856",2007-07-10,144688,7333,9,0
"1857",2007-07-11,146103,7405,0,0
"1858",2007-07-12,144688,7333,-1744,0
"1859",2007-07-13,158842,8051,5128,1932
"1860",2007-07-16,160415,8130,9974,-1936
"1861",2007-07-18,156955,7955,1255,1975
"1862",2007-07-19,154124,7812,498,7818
"1863",2007-07-20,157270,7971,955,0
"1864",2007-07-23,157112,7963,1866,0
"1865",2007-07-24,152552,7732,10068,0
"1866",2007-07-25,153810,7796,4558,0
"1867",2007-07-26,154124,7812,5449,389
"1868",2007-07-27,150979,7652,2693,0
"1869",2007-07-30,148934,7549,1024,-379
"1870",2007-07-31,148620,7533,1409,2027
"1871",2007-08-01,146890,7445,160,1306
"1872",2007-08-02,148463,7525,-92,2928
"1873",2007-08-03,148620,7533,2499,-1857
"1874",2007-08-06,149249,7564,3935,-599
"1875",2007-08-07,150822,7644,8425,-114
"1876",2007-08-08,146733,7437,-33966,31023
"1877",2007-08-09,148463,7525,-26743,24069
"1878",2007-08-10,142329,7214,-22362,32158
"1879",2007-08-13,146261,7413,-26290,18100
"1880",2007-08-14,146261,7413,-20300,27841
"1881",2007-08-16,136353,6911,525,1089
"1882",2007-08-17,132264,6704,-14068,27275
"1883",2007-08-20,135566,6871,-1612,-2060
"1884",2007-08-21,137768,6983,2238,-26
"1885",2007-08-22,132893,6736,-17908,5117
"1886",2007-08-23,135724,6879,-34236,42989
"1887",2007-08-24,135881,6887,-959,534
"1888",2007-08-27,138083,6999,457,1128
"1889",2007-08-28,136353,6911,2891,3966
"1890",2007-08-29,142014,7198,1406,4591
"1891",2007-08-30,143902,7293,-3558,856
"1892",2007-08-31,150507,7628,11440,2224
"1893",2007-09-03,152552,7732,-902,898
"1894",2007-09-04,151765,7692,10069,-4066
"1895",2007-09-05,150979,7652,-254,67
"1896",2007-09-06,152552,7732,4886,-536
"1897",2007-09-07,153181,7764,2792,4833
"1898",2007-09-10,148620,7533,5105,9092
"1899",2007-09-11,150822,7644,414,5901
"1900",2007-09-12,147047,7453,-6295,4346
"1901",2007-09-13,152237,7716,-4320,2510
"1902",2007-09-14,147047,7453,-1592,3663
"1903",2007-09-17,147676,7485,830,2145
"1904",2007-09-18,150822,7644,1354,841
"1905",2007-09-19,151451,7676,844,2231
"1906",2007-09-20,148463,7525,2729,1072
"1907",2007-09-21,153495,7780,1477,825
"1908",2007-09-27,157270,7971,7410,2659
"1909",2007-09-28,160415,8130,3566,-298
"1910",2007-10-01,165133,8370,1117,2528
"1911",2007-10-02,169851,8609,-1682,4109
"1912",2007-10-04,172997,8768,-1036,6425
"1913",2007-10-05,165919,8409,-4755,1715
"1914",2007-10-08,161988,8210,-302,109
"1915",2007-10-09,161988,8210,6718,-1587
"1916",2007-10-10,165133,8370,6127,2159
"1917",2007-10-11,160415,8130,-4099,1346
"1918",2007-10-12,156483,7931,-1163,0
"1919",2007-10-15,151136,7660,-1475,0
"1920",2007-10-16,145632,7381,48,0
"1921",2007-10-17,140284,7110,-871,0
"1922",2007-10-18,140442,7118,409,-660
"1923",2007-10-19,147362,7469,-1348,-889
"1924",2007-10-22,259756,7325,-3302,-382
"1925",2007-10-23,249581,7038,-1708,133
"1926",2007-10-24,244493,6895,-139,-3237
"1927",2007-10-25,246754,6959,22,-9
"1928",2007-10-26,240819,6791,-2526,-17
"1929",2007-10-29,242514,6839,-2178,1657
"1930",2007-10-30,241949,6823,1115,0
"1931",2007-10-31,237427,6696,-7927,763
"1932",2007-11-01,245906,6935,-1647,1824
"1933",2007-11-02,245906,6935,-898,-18
"1934",2007-11-05,247885,6991,192,-461
"1935",2007-11-06,244493,6895,4,43
"1936",2007-11-07,240819,6791,-213,95
"1937",2007-11-08,231774,6536,-5300,1703
"1938",2007-11-09,239971,6767,85,-125
"1939",2007-11-12,232056,6544,18,0
"1940",2007-11-13,223294,6297,-3053,0
"1941",2007-11-14,225555,6361,-7982,7381
"1942",2007-11-15,221881,6257,-160,866
"1943",2007-11-16,219337,6186,-100,0
"1944",2007-11-19,224707,6337,-80,1055
"1945",2007-11-20,231208,6520,276,1110
"1946",2007-11-21,219337,6186,-5400,3765
"1947",2007-11-22,226121,6377,739,915
"1948",2007-11-23,228947,6457,-15,1368
"1949",2007-11-26,224707,6337,-470,271
"1950",2007-11-27,226686,6393,1348,292
"1951",2007-11-28,215663,6082,-1096,-40
"1952",2007-11-29,223294,6297,8,136
"1953",2007-11-30,217076,6122,-3666,558
"1954",2007-12-03,217076,6122,10,53
"1955",2007-12-04,217641,6138,-962,2023
"1956",2007-12-05,221598,6249,811,930
"1957",2007-12-06,220468,6217,816,640
"1958",2007-12-07,226686,6393,-65,693
"1959",2007-12-10,223860,6313,-789,1976
"1960",2007-12-11,226403,6385,-1658,584
"1961",2007-12-12,231491,6528,-729,2254
"1962",2007-12-13,234318,6608,-2622,3278
"1963",2007-12-14,220468,6217,-11287,6496
"1964",2007-12-17,220468,6217,134,1074
"1965",2007-12-18,223577,6305,-298,6134
"1966",2007-12-20,224990,6345,-88,-215
"1967",2007-12-21,222164,6265,71,-392
"1968",2007-12-24,226686,6393,242,-393
"1969",2007-12-26,231774,6536,1723,0
"1970",2007-12-27,234600,6616,0,0
"1971",2007-12-28,242797,6847,3208,0
"1972",2008-01-02,242797,6847,-83,928
"1973",2008-01-03,237427,6696,-271,395
"1974",2008-01-04,237427,6696,-83,169
"1975",2008-01-07,240819,6791,2811,0
"1976",2008-01-08,238275,6720,3774,0
"1977",2008-01-09,226121,6377,-473,6268
"1978",2008-01-10,230643,6504,439,-116
"1979",2008-01-11,219620,6193,-2623,704
"1980",2008-01-14,223860,6313,504,336
"1981",2008-01-15,224707,6337,16,63
"1982",2008-01-16,223294,6297,129,235
"1983",2008-01-17,219054,6178,-353,922
"1984",2008-01-18,225555,6361,-366,316
"1985",2008-01-21,225838,6369,846,1379
"1986",2008-01-22,224707,6337,1119,1058
"1987",2008-01-23,221881,6257,8,141
"1988",2008-01-24,228947,6457,5765,-777
"1989",2008-01-25,224142,6321,-627,192
"1990",2008-01-28,217641,6138,-504,219
"1991",2008-01-29,215380,6074,487,31
"1992",2008-01-30,218206,6154,155,15
"1993",2008-01-31,223294,6297,1025,-55
"1994",2008-02-01,228947,6457,4567,509
"1995",2008-02-04,238275,6720,6363,41
"1996",2008-02-05,226686,6393,-963,40
"1997",2008-02-11,226121,6377,-11,-40
"1998",2008-02-12,219902,6201,-595,-47
"1999",2008-02-13,219620,6193,-1862,61
"2000",2008-02-14,225273,6353,65,88
"2001",2008-02-15,221598,6249,0,-186
"2002",2008-02-18,221598,6249,999,-181
"2003",2008-02-19,221033,6233,-265,196
"2004",2008-02-20,221033,6233,3404,-227
"2005",2008-02-21,227534,6417,8986,417
"2006",2008-02-22,225838,6369,-142,120
"2007",2008-02-25,219337,6186,0,267
"2008",2008-02-26,222164,6265,18,71
"2009",2008-02-27,219620,6193,737,0
"2010",2008-02-28,223012,6289,-62,0
"2011",2008-02-29,217359,6130,-332,8
"2012",2008-03-03,213119,6010,-415,-581
"2013",2008-03-04,211706,5970,-315,30
"2014",2008-03-05,215380,6074,8,8
"2015",2008-03-06,218772,6170,116,8
"2016",2008-03-07,213967,6034,-136,0
"2017",2008-03-10,211988,5978,-30,15
"2018",2008-03-11,218772,6170,1120,15
"2019",2008-03-12,221598,6249,708,0
"2020",2008-03-13,222164,6265,777,11310
"2021",2008-03-14,209162,5899,-1345,8350
"2022",2008-03-17,209162,5899,30,2161
"2023",2008-03-18,211988,5978,46,185
"2024",2008-03-19,216228,6098,-392,-40
"2025",2008-03-20,213119,6010,-1078,2898
"2026",2008-03-21,213119,6010,-180,0
"2027",2008-03-24,214532,6050,0,-15
"2028",2008-03-25,217076,6122,-130,-8
"2029",2008-03-26,223294,6297,5869,-867
"2030",2008-03-27,223294,6297,2,32
"2031",2008-03-28,220185,6209,109,39
"2032",2008-03-31,216511,6106,-77,46
"2033",2008-04-01,217359,6130,-272,527
"2034",2008-04-02,217641,6138,-1166,60
"2035",2008-04-03,221598,6249,2984,136
"2036",2008-04-04,217359,6130,-314,0
"2037",2008-04-07,214815,6058,-1188,23
"2038",2008-04-08,217359,6130,-8,0
"2039",2008-04-10,214249,6042,-349,455
"2040",2008-04-11,215663,6082,-615,64
"2041",2008-04-14,215380,6074,0,-973
"2042",2008-04-15,211988,5978,0,0
"2043",2008-04-16,219337,6186,6179,-7619
"2044",2008-04-17,220185,6209,0,-78
"2045",2008-04-18,220468,6217,0,-15
"2046",2008-04-21,219620,6193,-7,0
"2047",2008-04-22,210010,5922,-2262,121
"2048",2008-04-23,215380,6074,447,-172
"2049",2008-04-24,217924,6146,-14,115
"2050",2008-04-25,217641,6138,177,1694
"2051",2008-04-28,220750,6225,1805,-305
"2052",2008-04-29,223012,6289,11133,-6939
"2053",2008-04-30,220468,6217,-213,287
"2054",2008-05-02,225838,6369,13234,-4822
"2055",2008-05-06,226403,6385,-1596,515
"2056",2008-05-07,227817,6425,24036,-1154
"2057",2008-05-08,226121,6377,-4324,-2458
"2058",2008-05-09,223294,6297,-1108,0
"2059",2008-05-13,217924,6146,-23605,12600
"2060",2008-05-14,213967,6034,0,2479
"2061",2008-05-15,214815,6058,-485,5161
"2062",2008-05-16,204922,5779,-6742,6531
"2063",2008-05-19,206335,5819,0,1798
"2064",2008-05-20,208596,5883,-382,22
"2065",2008-05-21,205205,5787,-443,279
"2066",2008-05-22,203226,5731,-321,0
"2067",2008-05-23,197856,5580,0,0
"2068",2008-05-26,191920,5412,-238,-757
"2069",2008-05-27,190507,5372,0,-542
"2070",2008-05-28,192203,5420,-13,0
"2071",2008-05-29,192768,5436,-20,0
"2072",2008-05-30,195594,5516,-20,1830
"2073",2008-06-02,195594,5516,-192,0
"2074",2008-06-03,193333,5452,-623,-226
"2075",2008-06-04,190789,5380,14,-282
"2076",2008-06-05,182592,5149,-580,-1265
"2077",2008-06-09,180331,5086,-102,-1339
"2078",2008-06-10,173830,4902,-49,-2010
"2079",2008-06-11,175244,4942,-1097,-3937
"2080",2008-06-12,161111,4543,2697,-24438
"2081",2008-06-13,175244,4942,-27506,-6962
"2082",2008-06-16,167895,4735,1322,-5461
"2083",2008-06-17,166481,4695,-10700,-9625
"2084",2008-06-18,199804,4703,9322,-14648
"2085",2008-06-19,198111,4663,10994,-10408
"2086",2008-06-20,201159,4735,16407,-11865
"2087",2008-06-23,206238,4854,18071,0
"2088",2008-06-24,209625,4934,14807,0
"2089",2008-06-25,218091,5133,19150,0
"2090",2008-06-26,216059,5086,31960,0
"2091",2008-06-27,213689,5030,31748,0
"2092",2008-06-30,211318,4974,12514,0
"2093",2008-07-01,210302,4950,15597,0
"2094",2008-07-02,209625,4934,12921,-268
"2095",2008-07-03,207593,4886,15947,723
"2096",2008-07-04,206577,4862,28050,-704
"2097",2008-07-07,201497,4743,16307,124
"2098",2008-07-08,196756,4631,11778,-124
"2099",2008-07-09,194386,4575,13106,-2
"2100",2008-07-10,190660,4488,11430,0
"2101",2008-07-11,193708,4559,-69,6
"2102",2008-07-14,196418,4623,-5706,6275
"2103",2008-07-15,192692,4536,-651,0
"2104",2008-07-16,190999,4496,0,0
"2105",2008-07-17,194047,4567,0,0
"2106",2008-07-18,188629,4440,23,-1280
"2107",2008-07-21,190999,4496,85,431
"2108",2008-07-22,194724,4583,3033,97
"2109",2008-07-23,197095,4639,9424,131
"2110",2008-07-24,198788,4679,3362,-177
"2111",2008-07-25,196418,4623,4551,34
"2112",2008-07-28,195402,4599,74,0
"2113",2008-07-29,195402,4599,519,0
"2114",2008-07-30,193370,4551,-461,-200
"2115",2008-07-31,193031,4543,-28,0
"2116",2008-08-01,189645,4464,0,-23
"2117",2008-08-04,185581,4368,-6,0
"2118",2008-08-05,183210,4312,0,-21
"2119",2008-08-06,183887,4328,0,131
"2120",2008-08-07,179485,4225,-87,130
"2121",2008-08-08,179824,4233,0,128
"2122",2008-08-11,181856,4280,3840,0
"2123",2008-08-12,180501,4249,9876,0
"2124",2008-08-13,179824,4233,5563,0
"2125",2008-08-14,181517,4272,954,0
"2126",2008-08-18,183549,4320,2837,0
"2127",2008-08-19,181517,4272,2520,-5
"2128",2008-08-20,181856,4280,2561,0
"2129",2008-08-21,179824,4233,1994,0
"2130",2008-08-22,179146,4217,2625,0
"2131",2008-08-25,180501,4249,2651,0
"2132",2008-08-26,178808,4209,2642,-910
"2133",2008-08-27,183887,4328,8146,0
"2134",2008-08-28,184565,4344,3265,0
"2135",2008-08-29,186258,4384,6023,-374
"2136",2008-09-01,177792,4185,2584,-816
"2137",2008-09-02,174405,4105,-125,0
"2138",2008-09-03,171019,4025,83,0
"2139",2008-09-04,174405,4105,1183,0
"2140",2008-09-05,167971,3954,1004,-1508
"2141",2008-09-08,188967,4448,7876,-2806
"2142",2008-09-09,182194,4288,2720,0
"2143",2008-09-10,181178,4264,-144,-367
"2144",2008-09-11,179485,4225,1700,0
"2145",2008-09-12,180840,4257,-1843,0
"2146",2008-09-16,176098,4145,-477,0
"2147",2008-09-17,176098,4145,724,0
"2148",2008-09-18,169325,3986,25,0
"2149",2008-09-19,167632,3946,-4452,-2704
"2150",2008-09-22,166447,3918,-807,0
"2151",2008-09-23,167632,3946,565,89
"2152",2008-09-24,170341,4009,951,-848
"2153",2008-09-25,170680,4017,2209,-1726
"2154",2008-09-26,174067,4097,6033,-3773
"2155",2008-09-29,174067,4097,2569,0
"2156",2008-09-30,167294,3938,2452,0
"2157",2008-10-01,169325,3986,153,0
"2158",2008-10-02,172712,4065,2191,0
"2159",2008-10-06,170003,4001,2348,0
"2160",2008-10-07,168987,3978,2473,0
"2161",2008-10-08,160859,3786,1617,0
"2162",2008-10-09,161875,3810,1881,0
"2163",2008-10-10,150700,3547,-151,0
"2164",2008-10-13,150700,3547,-237,0
"2165",2008-10-14,162214,3818,-649,0
"2166",2008-10-15,158658,3734,75,0
"2167",2008-10-16,152393,3587,1811,0
"2168",2008-10-17,142233,3348,369,0
"2169",2008-10-20,141556,3332,1878,0
"2170",2008-10-21,141048,3320,1887,0
"2171",2008-10-22,137154,3228,1612,0
"2172",2008-10-23,120898,2846,1834,0
"2173",2008-10-24,103966,2447,1454,0
"2174",2008-10-27,107183,2523,1613,-747
"2175",2008-10-28,101087,2379,1494,-2355
"2176",2008-10-29,101257,2383,1521,-1271
"2177",2008-10-30,106506,2507,-10515,-2167
"2178",2008-10-31,101426,2387,-2979,-1074
"2179",2008-11-03,106336,2503,24,-3510
"2180",2008-11-04,104304,2455,1566,-173
"2181",2008-11-05,106675,2511,1846,-12054
"2182",2008-11-06,103966,2447,1529,0
"2183",2008-11-07,104474,2459,1377,0
"2184",2008-11-10,96516,2272,211,0
"2185",2008-11-11,96685,2276,2934,0
"2186",2008-11-12,94822,2232,974,0
"2187",2008-11-13,89742,2112,460,0
"2188",2008-11-14,89742,2112,317,-1391
"2189",2008-11-17,88388,2080,1140,-2469
"2190",2008-11-18,89065,2096,1299,-8
"2191",2008-11-19,85679,2017,1286,-1270
"2192",2008-11-20,72979,1718,-851,0
"2193",2008-11-21,73995,1742,133,0
"2194",2008-11-24,72979,1718,1068,0
"2195",2008-11-25,66884,1574,710,0
"2196",2008-11-26,69762,1642,-4216,0
"2197",2008-11-27,71117,1674,-1445,0
"2198",2008-11-28,71117,1674,-2044,0
"2199",2008-12-01,72810,1714,399,0
"2200",2008-12-02,71286,1678,897,0
"2201",2008-12-03,71455,1682,770,-624
"2202",2008-12-04,70439,1658,879,0
"2203",2008-12-05,71117,1674,39,0
"2204",2008-12-08,75519,1778,-873,0
"2205",2008-12-09,75688,1782,590,0
"2206",2008-12-10,77212,1817,100,0
"2207",2008-12-11,78228,1841,-1684,0
"2208",2008-12-12,78228,1841,1131,0
"2209",2008-12-15,86356,2033,112,0
"2210",2008-12-16,91944,2164,749,0
"2211",2008-12-17,93637,2204,-27,0
"2212",2008-12-18,97701,2300,76,0
"2213",2008-12-19,89235,2100,-2630,374
"2214",2008-12-22,88049,2072,28,0
"2215",2008-12-23,85679,2017,770,0
"2216",2008-12-24,84493,1989,1246,0
"2217",2008-12-26,83308,1961,788,0
"2218",2008-12-29,84324,1985,321,0
"2219",2008-12-30,88049,2072,470,780
"2220",2009-01-02,94653,2228,0,0
"2221",2009-01-05,93129,2192,-48,0
"2222",2009-01-06,91774,2160,-414,379
"2223",2009-01-07,92113,2168,410,450
"2224",2009-01-08,93129,2192,-51,195
"2225",2009-01-09,94822,2232,210,145
"2226",2009-01-12,94314,2220,1355,0
"2227",2009-01-13,94484,2224,567,364
"2228",2009-01-14,98717,2324,219,0
"2229",2009-01-15,95161,2240,1385,-39
"2230",2009-01-16,93468,2200,21,643
"2231",2009-01-19,94145,2216,485,826
"2232",2009-01-20,94653,2228,126,0
"2233",2009-01-21,94314,2220,-3,112
"2234",2009-01-22,93298,2196,278,0
"2235",2009-01-23,84663,1993,-3315,1334
"2236",2009-01-28,84663,1993,-12626,10534
"2237",2009-01-29,86356,2033,-328373,0
"2238",2009-01-30,87711,2064,-70211,0
"2239",2009-02-02,89404,2104,167,0
"2240",2009-02-03,89742,2112,90,0
"2241",2009-02-04,94484,2224,-42,0
"2242",2009-02-05,91436,2152,-14,0
"2243",2009-02-06,93637,2204,-233,0
"2244",2009-02-09,94484,2224,12,0
"2245",2009-02-10,94822,2232,-14,0
"2246",2009-02-11,98547,2320,13,790
"2247",2009-02-12,104812,2467,284,-1347
"2248",2009-02-13,102611,2415,0,-6060
"2249",2009-02-16,109384,2575,-5082,-37591
"2250",2009-02-17,93298,2196,1163,10367
"2251",2009-02-18,87711,2064,11,0
"2252",2009-02-19,84663,1993,278,0
"2253",2009-02-20,79075,1861,30,0
"2254",2009-02-23,81107,1909,0,0
"2255",2009-02-24,79922,1881,-15,0
"2256",2009-02-25,81954,1929,-13,54
"2257",2009-02-26,80430,1893,-13,449
"2258",2009-02-27,80430,1893,0,476
"2259",2009-03-02,81276,1913,-12,474
"2260",2009-03-03,81276,1913,-12,467
"2261",2009-03-04,81615,1921,9,484
"2262",2009-03-05,82800,1949,104,435
"2263",2009-03-06,83477,1965,-12,245
"2264",2009-03-09,84663,1993,12,-378
"2265",2009-03-10,86187,2029,-17,-256
"2266",2009-03-11,88049,2072,-1237,0
"2267",2009-03-12,90758,2136,0,514
"2268",2009-03-13,90758,2136,-3,0
"2269",2009-03-16,90081,2120,-16,-499
"2270",2009-03-17,90081,2120,0,-1349
"2271",2009-03-18,90250,2124,0,-1297
"2272",2009-03-19,90081,2120,0,-1874
"2273",2009-03-20,88896,2092,0,-1329
"2274",2009-03-23,88727,2088,-3,-3469
"2275",2009-03-24,89235,2100,0,-2760
"2276",2009-03-25,91605,2156,0,-1252
"2277",2009-03-26,96008,2260,0,1124
"2278",2009-03-27,105659,2487,2087,-1301
"2279",2009-03-30,104135,2451,-3421,-3727
"2280",2009-03-31,101595,2391,-33,0
"2281",2009-04-01,102950,2423,15,0
"2282",2009-04-02,106506,2507,0,-5795
"2283",2009-04-03,105320,2479,6,0
"2284",2009-04-06,106675,2511,-164,-2276
"2285",2009-04-07,110400,2599,969,-1390
"2286",2009-04-08,106336,2503,21,-627
"2287",2009-04-09,114125,2686,-16,-4810
"2288",2009-04-10,125301,2949,-20,-28164
"2289",2009-04-13,128518,3025,-6295,-33657
"2290",2009-04-14,127671,3005,-4,0
"2291",2009-04-15,124285,2925,4,-510
"2292",2009-04-16,121914,2870,-112,-3422
"2293",2009-04-17,118358,2786,34,-3500
"2294",2009-04-20,118189,2782,-18,8
"2295",2009-04-21,120560,2838,0,0
"2296",2009-04-22,120898,2846,18,51
"2297",2009-04-23,121576,2862,-4,0
"2298",2009-04-24,116835,2750,-1212,-61
"2299",2009-04-27,117173,2758,-4,110
"2300",2009-04-28,117851,2774,0,-136
"2301",2009-04-29,125639,2957,14,-122156
"2302",2009-04-30,122253,2878,-4,8860
"2303",2009-05-04,126147,2969,-4,0
"2304",2009-05-06,123438,2905,0,0
"2305",2009-05-07,124793,2937,0,0
"2306",2009-05-08,124285,2925,0,0
"2307",2009-05-11,129703,3053,0,-406
"2308",2009-05-12,125639,2957,0,-4
"2309",2009-05-13,126825,2985,0,71
"2310",2009-05-14,123269,2901,-4,-67
"2311",2009-05-15,125301,2949,-7,-4
"2312",2009-05-18,121914,2870,0,456
"2313",2009-05-19,124454,2929,11,208
"2314",2009-05-20,124454,2929,-22,-119
"2315",2009-05-21,123100,2897,0,-102
"2316",2009-05-22,120560,2838,0,216
"2317",2009-05-25,119713,2818,-49,18
"2318",2009-05-26,122592,2886,-35,534
"2319",2009-05-27,118697,2794,-1,0
"2320",2009-05-28,115480,2718,-3,37
"2321",2009-05-29,115141,2710,-4,0
"2322",2009-06-01,115480,2718,-34,26
"2323",2009-06-02,116496,2742,0,14
"2324",2009-06-03,116665,2746,-3,104
"2325",2009-06-04,112432,2646,-182,-179
"2326",2009-06-05,116835,2750,0,-7
"2327",2009-06-08,117681,2770,0,0
"2328",2009-06-09,112601,2650,-497,0
"2329",2009-06-10,108538,2555,1449,-33
"2330",2009-06-11,108707,2559,-1610,-62
"2331",2009-06-12,113279,2666,-20,0
"2332",2009-06-15,114464,2694,0,0
"2333",2009-06-16,111755,2630,171,0
"2334",2009-06-17,111077,2614,0,2649
"2335",2009-06-18,115141,2710,0,2653
"2336",2009-06-19,118866,2798,-20,2544
"2337",2009-06-22,127333,2997,-4,0
"2338",2009-06-23,119205,2806,-7538,1754
"2339",2009-06-24,119544,2814,352,709
"2340",2009-06-25,118697,2794,-11,791
"2341",2009-06-26,121068,2850,-99,4
"2342",2009-06-29,122253,2878,0,0
"2343",2009-06-30,120898,2846,0,2380
"2344",2009-07-01,125132,2945,0,1738
"2345",2009-07-02,124962,2941,0,0
"2346",2009-07-03,120390,2834,-256,0
"2347",2009-07-06,119882,2822,-4,0
"2348",2009-07-07,118697,2794,-1,2426
"2349",2009-07-08,118697,2794,-428,805
"2350",2009-07-09,119882,2822,0,140
"2351",2009-07-10,123269,2901,0,0
"2352",2009-07-13,124624,2933,0,0
"2353",2009-07-14,133936,3153,27,-2194
"2354",2009-07-15,142911,3364,39036,-37013
"2355",2009-07-16,144604,3404,17243,-27821
"2356",2009-07-17,150700,3547,-15341,-68651
"2357",2009-07-20,169156,3982,-28110,-18366
"2358",2009-07-21,168987,3978,15075,-50610
"2359",2009-07-22,154933,3647,-54124,-20205
"2360",2009-07-23,161875,3810,-1,2706
"2361",2009-07-24,166447,3918,-1233,-277
"2362",2009-07-27,167802,3950,-99109,-44459
"2363",2009-07-28,159166,3746,0,2
"2364",2009-07-29,161875,3810,-8784,5
"2365",2009-07-30,152393,3587,-43553,-225
"2366",2009-07-31,150361,3539,-47479,-93
"2367",2009-08-03,146297,3443,-24121,-1080
"2368",2009-08-04,138847,3268,-89432,101
"2369",2009-08-05,144265,3396,0,9551
"2370",2009-08-06,150192,3535,-24539,-584
"2371",2009-08-07,155441,3659,873,24683
"2372",2009-08-10,155441,3659,-28429,7302
"2373",2009-08-11,151885,3575,-29283,1347
"2374",2009-08-12,146297,3443,3092,272
"2375",2009-08-13,162383,3822,62530,-6670
"2376",2009-08-14,170680,4017,116820,-3806
"2377",2009-08-17,164246,3866,11291,-8401
"2378",2009-08-18,160859,3786,4697,508
"2379",2009-08-19,173389,4081,56915,-37827
"2380",2009-08-20,180162,4241,13341,-1711
"2381",2009-08-21,185919,4376,85005,-2604
"2382",2009-08-24,192015,4520,-4548,-560
"2383",2009-08-25,197095,4639,38981,3647
"2384",2009-08-26,205222,4830,11310,-1936
"2385",2009-08-27,200481,4719,14126,-224
"2386",2009-08-28,196079,4615,10048,-2449
"2387",2009-08-31,190999,4496,6734,159548
"2388",2009-09-01,206238,4854,11887,343
"2389",2009-09-02,211657,4982,10196,-1447
"2390",2009-09-03,208270,4902,24411,-2886
"2391",2009-09-04,202513,4767,-15077,7537
"2392",2009-09-07,203868,4799,1345,12551
"2393",2009-09-08,206577,4862,3742,5417
"2394",2009-09-09,199127,4687,-29036,2276
"2395",2009-09-10,205222,4830,8581,17062
"2396",2009-09-11,204545,4814,6068,-424
"2397",2009-09-14,201159,4735,-42467,17251
"2398",2009-09-15,203191,4783,-2243,3153
"2399",2009-09-16,205222,4830,0,12727
"2400",2009-09-17,201497,4743,-271,11581
"2401",2009-09-18,201159,4735,6076,3051
"2402",2009-09-21,201836,4751,16954,-3033
"2403",2009-09-22,202513,4767,-403,8959
"2404",2009-09-23,196418,4623,-6826,-4808
"2405",2009-09-24,196418,4623,-15462,20774
"2406",2009-09-25,195740,4607,3441,8278
"2407",2009-09-28,198449,4671,15884,6267
"2408",2009-09-29,198449,4671,14408,-2393
"2409",2009-09-30,198111,4663,9356,-869
"2410",2009-10-01,193031,4543,283,29
"2411",2009-10-05,191338,4504,-232,5644
"2412",2009-10-06,186258,4384,-264,16436
"2413",2009-10-07,182871,4304,-180,16492
"2414",2009-10-08,193708,4559,1952,12939
"2415",2009-10-09,197095,4639,5826,1202
"2416",2009-10-12,199804,4703,38,-3086
"2417",2009-10-13,198788,4679,-3992,-1261
"2418",2009-10-14,199465,4695,5204,1313
"2419",2009-10-15,199804,4703,3034,39
"2420",2009-10-16,193031,4543,-11589,1461
"2421",2009-10-19,198449,4671,-4253,1750
"2422",2009-10-20,198111,4663,849,-120
"2423",2009-10-21,199804,4703,13175,5670
"2424",2009-10-22,194724,4583,29,4734
"2425",2009-10-23,197772,4655,-548,7313
"2426",2009-10-26,199804,4703,14104,3410
"2427",2009-10-27,197433,4647,-7279,-4583
"2428",2009-10-28,189645,4464,-3143,-2275
"2429",2009-10-29,179824,4233,-20489,468
"2430",2009-10-30,181178,4264,-6267,-469
"2431",2009-11-02,177453,4177,5348,212
"2432",2009-11-03,178469,4201,-5,-116
"2433",2009-11-04,182194,4288,-4121,1405
"2434",2009-11-05,182871,4304,0,-423
"2435",2009-11-06,187951,4424,-22916,-1718
"2436",2009-11-09,191338,4504,-2437,-2
"2437",2009-11-10,190660,4488,-1802,73
"2438",2009-11-11,190322,4480,-8995,-73
"2439",2009-11-12,190322,4480,13725,0
"2440",2009-11-13,193031,4543,8020,2536
"2441",2009-11-16,193708,4559,5291,8818
"2442",2009-11-17,199804,4703,30423,-5
"2443",2009-11-18,202175,4759,15614,0
"2444",2009-11-19,203868,4799,-13688,1539
"2445",2009-11-20,204545,4814,-6477,1
"2446",2009-11-23,205900,4846,3064,121
"2447",2009-11-24,205900,4846,3040,-122
"2448",2009-11-25,201836,4751,0,12
"2449",2009-11-26,202852,4775,4792,417
"2450",2009-11-27,191338,4504,2124,-420
"2451",2009-11-30,201497,4743,9193,6503
"2452",2009-12-01,204884,4822,12253,5299
"2453",2009-12-02,204884,4822,-2776,-1224
"2454",2009-12-03,205222,4830,3030,-158
"2455",2009-12-04,205222,4830,-2525,371
"2456",2009-12-07,205900,4846,-20962,27176
"2457",2009-12-08,206577,4862,6802,-486
"2458",2009-12-09,207254,4878,-3265,3001
"2459",2009-12-10,208270,4902,68,-45264
"2460",2009-12-11,208270,4902,3920,-50849
"2461",2009-12-14,215043,5062,53387,-66527
"2462",2009-12-15,216737,5101,-9832,-19481
"2463",2009-12-16,223510,5261,24694,-14208
"2464",2009-12-17,213689,5030,-13604,-14926
"2465",2009-12-18,207593,4886,-7965,-17981
"2466",2009-12-21,207593,4886,-2439,4901
"2467",2009-12-22,207593,4886,11291,-8690
"2468",2009-12-23,211995,4990,-2897,-37918
"2469",2009-12-24,207254,4878,5779,-2313
"2470",2009-12-28,203868,4799,7343,-1311
"2471",2009-12-29,203191,4783,3352,-1485
"2472",2009-12-30,206238,4854,6245,-292
"2473",2010-01-04,209964,4942,1249,1019
"2474",2010-01-05,208609,4910,5994,5786
"2475",2010-01-06,206238,4854,5859,-5280
"2476",2010-01-07,205900,4846,25030,-390
"2477",2010-01-08,208270,4902,6378,691
"2478",2010-01-11,209286,4926,6727,-625
"2479",2010-01-12,209625,4934,6568,-19
"2480",2010-01-13,203868,4799,-12118,213
"2481",2010-01-14,202852,4775,0,1239
"2482",2010-01-15,210302,4950,5247,2839
"2483",2010-01-18,219446,5165,-2439,13501
"2484",2010-01-19,213689,5030,5,-3865
"2485",2010-01-20,210980,4966,-6103,-719
"2486",2010-01-21,211995,4990,-10001,2608
"2487",2010-01-22,205561,4838,1821,-579
"2488",2010-01-25,203191,4783,-10259,-13039
"2489",2010-01-26,211657,4982,27019,-711
"2490",2010-01-27,211318,4974,6194,-1
"2491",2010-01-28,212673,5006,9936,0
"2492",2010-01-29,207254,4878,5009,143
"2493",2010-02-01,208270,4902,-4218,1836
"2494",2010-02-02,205900,4846,-22493,533
"2495",2010-02-03,206916,4870,0,201
"2496",2010-02-04,216059,5086,11832,2220
"2497",2010-02-05,207593,4886,7039,-1266
"2498",2010-02-08,227912,5364,-23367,3146
"2499",2010-02-09,228251,5372,-78804,-4163
"2500",2010-02-10,228251,5372,-41878,1036
"2501",2010-02-11,233669,5500,10310,-2486
"2502",2010-02-12,228589,5380,39785,-967
"2503",2010-02-16,235024,5532,2825,8416
"2504",2010-02-17,232992,5484,21351,-13764
"2505",2010-02-18,237394,5588,38592,-241
"2506",2010-02-19,230283,5420,6151,1652
"2507",2010-02-22,249586,5875,65126,8879
"2508",2010-02-23,250263,5891,9630,-7602
"2509",2010-02-24,247215,5819,17572,-1401
"2510",2010-02-25,240442,5659,15169,-10
"2511",2010-02-26,242813,5715,1464,4451
"2512",2010-03-02,247215,5819,20595,13747
"2513",2010-03-03,248231,5843,13213,-817
"2514",2010-03-04,245861,5787,49262,-7088
"2515",2010-03-05,255681,6018,114708,9891
"2516",2010-03-08,256020,6026,32793,-1243
"2517",2010-03-09,257036,6050,33049,-4532
"2518",2010-03-10,269566,6345,34871,180575
"2519",2010-03-11,264148,6217,-19973,-3045
"2520",2010-03-12,264148,6217,48481,14910
"2521",2010-03-15,264148,6217,5274,7792
"2522",2010-03-16,268889,6329,1592,1958
"2523",2010-03-17,268212,6313,16546,1532
"2524",2010-03-18,270921,6377,32612,5745
"2525",2010-03-19,282774,6656,22900,377
"2526",2010-03-22,291917,6871,11985,-1775
"2527",2010-03-23,290224,6831,21605,4800
"2528",2010-03-24,289208,6807,-40663,861
"2529",2010-03-25,285821,6728,8879,16944
"2530",2010-03-26,287853,6775,-18114,35497
"2531",2010-03-29,283451,6672,65500,1508
"2532",2010-03-30,287176,6759,-1496,10197
"2533",2010-03-31,287176,6759,61210,-2665
"2534",2010-04-01,282096,6640,6384,-13327
"2535",2010-04-02,280403,6600,-23659,-14264
"2536",2010-04-05,265164,6241,-31041,3904
"2537",2010-04-06,255681,6018,-31972,11753
"2538",2010-04-07,256697,6042,-28881,5618
"2539",2010-04-08,252295,5938,11247,-5430
"2540",2010-04-09,268212,6313,26615,4913
"2541",2010-04-12,259407,6106,67899,-17280
"2542",2010-04-13,256697,6042,-31203,5827
"2543",2010-04-14,259745,6114,30785,-16493
"2544",2010-04-15,257375,6058,11362,-14940
"2545",2010-04-16,262454,6178,-11686,-912
"2546",2010-04-19,259745,6114,11717,-1877
"2547",2010-04-20,270582,6369,83960,-6085
"2548",2010-04-21,278710,6560,83884,-37373
"2549",2010-04-22,280742,6608,18872,-4376
"2550",2010-04-23,284467,6696,106255,-30015
"2551",2010-04-26,283789,6680,36662,-192
"2552",2010-04-27,285144,6712,28418,16213
"2553",2010-04-28,279726,6584,24148,-3350
"2554",2010-04-29,288869,6799,65823,-6824
"2555",2010-04-30,290901,6847,20184,-2125
"2556",2010-05-03,290562,6839,28655,-830
"2557",2010-05-04,311559,7333,155378,29872
"2558",2010-05-06,321718,7572,65262,-13896
"2559",2010-05-07,314607,7405,57232,-4277
"2560",2010-05-10,333232,7843,74106,-2500
"2561",2010-05-11,343731,8091,134018,-4024
"2562",2010-05-12,357277,8409,107755,-1585
"2563",2010-05-13,392835,9246,72676,-3539
"2564",2010-05-14,382676,9007,-229222,-44313
"2565",2010-05-17,382676,9007,136547,6964
"2566",2010-05-18,350504,8250,-135752,8195
"2567",2010-05-19,377596,8888,157731,20232
"2568",2010-05-20,360663,8489,-54500,-25883
"2569",2010-05-24,375902,8848,174896,-32011
"2570",2010-05-25,345424,8130,-111674,-16091
"2571",2010-05-26,345424,8130,-121414,24820
"2572",2010-05-27,365743,8609,-22143,-4539
"2573",2010-05-28,355583,8370,-13158,-29344
"2574",2010-05-31,353890,8330,-43524,-82802
"2575",2010-06-01,333232,7843,-48448,-12942
"2576",2010-06-03,326459,7684,-69391,48348
"2577",2010-06-04,336958,7931,83267,2402
"2578",2010-06-07,334926,7883,1705,10812
"2579",2010-06-08,342037,8051,111471,-10350
"2580",2010-06-09,350504,8250,44173,2565
"2581",2010-06-10,347117,8170,3710,-6216
"2582",2010-06-11,340344,8011,-17062,-4717
"2583",2010-06-14,331878,7812,-80130,3145
"2584",2010-06-15,348810,8210,-7916,13387
"2585",2010-06-16,342037,8051,-88187,-17886
"2586",2010-06-17,343731,8091,-129607,18486
"2587",2010-06-18,338651,7971,903,9498
"2588",2010-06-21,336619,7923,-269,6732
"2589",2010-06-22,342037,8051,26627,18519
"2590",2010-06-23,325444,7660,-103107,-8198
"2591",2010-06-24,328491,7732,-7893,10062
"2592",2010-06-25,323412,7612,11432,-7018
"2593",2010-06-28,331878,7812,18753,7147
"2594",2010-06-29,352197,8290,-37275,-5647
"2595",2010-06-30,370823,8728,24405,-20438
"2596",2010-07-01,364050,8569,45171,-19677
"2597",2010-07-02,364050,8569,66709,-472
"2598",2010-07-05,375902,8848,43003,471
"2599",2010-07-06,377596,8888,88163,-10288
"2600",2010-07-07,375902,8848,-9381,-789
"2601",2010-07-08,372516,8768,54914,-5455
"2602",2010-07-09,372516,8768,39538,-2336
"2603",2010-07-12,406381,9565,151528,26597
"2604",2010-07-13,396222,9326,-67397,18563
"2605",2010-07-14,423314,9964,152499,11988
"2606",2010-07-15,425007,10004,10645,-33338
"2607",2010-07-16,409768,9645,93140,-23067
"2608",2010-07-19,433473,10203,13805,-2128
"2609",2010-07-20,419927,9884,23541,-26161
"2610",2010-07-21,408074,9605,-53185,20785
"2611",2010-07-22,377596,8888,-25627,-11518
"2612",2010-07-23,377596,8888,56793,-6749
"2613",2010-07-26,409768,9645,47818,-16615
"2614",2010-07-27,399608,9406,24416,-17145
"2615",2010-07-28,397915,9366,15827,-8700
"2616",2010-07-29,406381,9565,31208,-9999
"2617",2010-07-30,399608,9406,25750,-11910
"2618",2010-08-02,425007,10004,67644,1890
"2619",2010-08-03,423314,9964,-101,-27050
"2620",2010-08-04,421620,9924,26560,-5112
"2621",2010-08-05,411461,9685,-21225,397
"2622",2010-08-06,391142,9207,-15047,4845
"2623",2010-08-09,384369,9047,-87224,31401
"2624",2010-08-10,365743,8609,-126209,7447
"2625",2010-08-11,355583,8370,-75336,31652
"2626",2010-08-12,358970,8449,-25062,5429
"2627",2010-08-13,369129,8688,50180,-10587
"2628",2010-08-16,384369,9047,42371,-4549
"2629",2010-08-17,386062,9087,47214,-3174
"2630",2010-08-18,399608,9406,98898,-1134
"2631",2010-08-19,397915,9366,-11347,4405
"2632",2010-08-20,387755,9127,-42569,5489
"2633",2010-08-23,374209,8808,23089,19735
"2634",2010-08-24,382676,9007,-18911,5724
"2635",2010-08-25,372516,8768,4302,2497
"2636",2010-08-26,377596,8888,13034,-86
"2637",2010-08-27,370823,8728,-17520,3906
"2638",2010-08-30,375902,8848,-14268,6753
"2639",2010-08-31,377596,8888,-11196,-1051
"2640",2010-09-01,394528,9286,-21086,28598
"2641",2010-09-02,401301,9446,61382,-6112
"2642",2010-09-03,401301,9446,53357,-4692
"2643",2010-09-06,436860,10283,203899,-1279
"2644",2010-09-07,426700,10043,-42085,-21111
"2645",2010-09-08,450406,10601,97554,-996
"2646",2010-09-09,480884,11319,187066,-6614
"2647",2010-09-10,482578,11359,-135193,-35207
"2648",2010-09-13,511363,12036,82221,9134
"2649",2010-09-14,509670,11996,100339,-18687
"2650",2010-09-15,480884,11319,-218598,100720
"2651",2010-09-16,484271,11399,-149540,79511
"2652",2010-09-17,487657,11478,-173491,382
"2653",2010-09-20,504590,11877,-6651,-16497
"2654",2010-09-24,548614,12913,42357,105286
"2655",2010-09-27,548614,12913,-296135,-23503
"2656",2010-09-28,538455,12674,735320,17316
"2657",2010-09-29,519829,12236,-337683,6914
"2658",2010-09-30,546921,12873,23224,23804
"2659",2010-10-01,548614,12913,4333,-10074
"2660",2010-10-04,557081,13112,62430,-33534
"2661",2010-10-05,536762,12634,35884,-21225
"2662",2010-10-06,519829,12236,2899,5504
"2663",2010-10-07,523216,12315,-70066,97645
"2664",2010-10-08,540148,12714,136637,2206
"2665",2010-10-11,563854,13272,89013,33013
"2666",2010-10-12,565547,13312,824553,-25786
"2667",2010-10-13,572320,13471,69348,-35574
"2668",2010-10-14,602799,14188,193630,-20385
"2669",2010-10-15,604492,14228,124934,-49555
"2670",2010-10-18,585866,13790,-100004,-23709
"2671",2010-10-19,585866,13790,65889,-14113
"2672",2010-10-20,589253,13870,-40833,-19935
"2673",2010-10-21,572320,13471,-22976,2361
"2674",2010-10-22,601105,14149,120675,-4009
"2675",2010-10-25,641743,15105,-21110,32637
"2676",2010-10-26,658676,15504,34469,-43374
"2677",2010-10-27,670529,15783,-29363,25985
"2678",2010-10-28,662063,15583,2972,-23055
"2679",2010-10-29,651903,15344,50567,-221
"2680",2010-11-01,677302,15942,-171342,-9664
"2681",2010-11-02,650210,15304,-121088,-8020
"2682",2010-11-03,629891,14826,-166067,95912
"2683",2010-11-04,619731,14587,-262777,42538
"2684",2010-11-05,592639,13949,-53689,42001
"2685",2010-11-08,602799,14188,-167235,59112
"2686",2010-11-09,609572,14348,-162977,6099
"2687",2010-11-10,624811,14707,-9571,-32737
"2688",2010-11-11,619731,14587,-20349,25137
"2689",2010-11-12,592639,13949,62408,4774
"2690",2010-11-15,580786,13670,41119,38065
"2691",2010-11-16,601105,14149,115036,12889
"2692",2010-11-17,592639,13949,-38970,-34235
"2693",2010-11-18,604492,14228,140191,4929
"2694",2010-11-19,623118,14667,62206,44810
"2695",2010-11-22,607878,14308,-123157,-15754
"2696",2010-11-23,574013,13511,-141258,-58793
"2697",2010-11-24,562160,13232,-47165,-12082
"2698",2010-11-25,558774,13152,22039,8802
"2699",2010-11-26,540148,12714,-30614,16126
"2700",2010-11-29,533375,12554,4618,-1609
"2701",2010-11-30,545228,12833,9716,3545
"2702",2010-12-01,562160,13232,-31660,45392
"2703",2010-12-02,568934,13391,-91757,70798
"2704",2010-12-03,552001,12993,-92808,18474
"2705",2010-12-06,565547,13312,-510071,1984
"2706",2010-12-07,555387,13072,-4641,2005
"2707",2010-12-08,545228,12833,-27544,12336
"2708",2010-12-09,568934,13391,46877,8797
"2709",2010-12-10,580786,13670,-1694,5533
"2710",2010-12-13,572320,13471,1427,7760
"2711",2010-12-14,602799,14188,-30583,96445
"2712",2010-12-15,609572,14348,120677,-34378
"2713",2010-12-16,601105,14149,34519,9722
"2714",2010-12-17,584173,13750,-41386,9797
"2715",2010-12-20,575707,13551,-6204,22799
"2716",2010-12-21,607878,14308,-55855,133583
"2717",2010-12-22,604492,14228,58747,739
"2718",2010-12-23,624811,14707,124388,-8321
"2719",2010-12-24,607878,14308,23207,-27029
"2720",2010-12-27,585866,13790,-12596,2438
"2721",2010-12-28,572320,13471,-74599,6425
"2722",2010-12-29,565547,13312,-121105,-69321
"2723",2010-12-30,579093,13630,-99072,37930
"2724",2011-01-03,597719,14069,12390,-86516
"2725",2011-01-04,641743,15105,86192,227476
"2726",2011-01-05,656983,15464,-22410,185531
"2727",2011-01-06,653596,15384,-29326,59078
"2728",2011-01-07,651903,15344,-99767,36966
"2729",2011-01-10,692541,16301,-214688,178834
"2730",2011-01-11,672222,15822,-443714,54925
"2731",2011-01-12,655289,15424,-295340,56912
"2732",2011-01-13,651903,15344,-287439,46181
"2733",2011-01-14,685768,16141,170745,-8486
"2734",2011-01-17,675609,15902,-45526,-56631
"2735",2011-01-18,660369,15543,45476,-87024
"2736",2011-01-19,692541,16301,247659,27155
"2737",2011-01-20,717940,16899,315347,-88145
"2738",2011-01-21,711167,16739,101315,-64321
"2739",2011-01-24,739952,17417,195118,-104510
"2740",2011-01-25,709474,16699,-137253,-66826
"2741",2011-01-26,711167,16739,-25068,-24402
"2742",2011-01-27,724713,17058,116105,101126
"2743",2011-01-28,685768,16141,-207344,5656
"2744",2011-01-31,636664,14986,-142657,-116677
"2745",2011-02-01,670529,15783,166303,48336
"2746",2011-02-07,707780,16659,178568,6275
"2747",2011-02-08,699314,16460,78024,-17315
"2748",2011-02-09,704394,16580,-44720,61105
"2749",2011-02-10,694234,16341,-26244,-30038
"2750",2011-02-11,665449,15663,-66910,-16728
"2751",2011-02-14,655289,15424,-48417,-25981
"2752",2011-02-15,655289,15424,-23400,19782
"2753",2011-02-16,656983,15464,73619,-39350
"2754",2011-02-17,667142,15703,27792,-37353
"2755",2011-02-18,706087,16620,213935,-79952
"2756",2011-02-21,701007,16500,89454,30886
"2757",2011-02-22,702701,16540,18750,29336
"2758",2011-02-23,697621,16420,-9306,23782
"2759",2011-02-24,677302,15942,64757,-14311
"2760",2011-02-25,694234,16341,16680,40973
"2761",2011-02-28,689155,16221,-552,-3323
"2762",2011-03-02,701007,16500,32171,17226
"2763",2011-03-03,778897,18333,400757,21185
"2764",2011-03-04,773817,18214,192475,-60530
"2765",2011-03-07,773817,18214,-142711,36397
"2766",2011-03-08,816149,19210,134217,75614
"2767",2011-03-09,802603,18891,-98090,-18413
"2768",2011-03-10,792443,18652,-220943,40516
"2769",2011-03-11,775511,18254,-276097,40184
"2770",2011-03-14,768738,18094,-221029,25799
"2771",2011-03-15,755192,17775,62300,-49858
"2772",2011-03-16,743339,17496,-165036,-30071
"2773",2011-03-17,739952,17417,-32185,25810
"2774",2011-03-18,760271,17895,102401,-37038
"2775",2011-03-21,783977,18453,11771,10470
"2776",2011-03-22,799216,18812,61637,-20024
"2777",2011-03-23,824615,19409,143900,65157
"2778",2011-03-24,848321,19967,139264,-16547
"2779",2011-03-25,816149,19210,-115575,9033
"2780",2011-03-28,846627,19928,-21508,3815
"2781",2011-03-29,851707,20047,156628,-3985
"2782",2011-03-30,844934,19888,14097,33181
"2783",2011-03-31,846627,19928,-60797,-8769
"2784",2011-04-01,824615,19409,-258282,66690
"2785",2011-04-04,807682,19011,-501718,69936
"2786",2011-04-05,836468,19688,19405,18463
"2787",2011-04-06,880492,20725,211869,55913
"2788",2011-04-07,883879,20804,74225,-20233
"2789",2011-04-08,922824,21721,488126,-82793
"2790",2011-04-11,953302,22438,392365,-204899
"2791",2011-04-12,932983,21960,79862,-108441
"2792",2011-04-13,1002407,23594,75901,78705
"2793",2011-04-14,1014259,23873,-206072,-84117
"2794",2011-04-15,987167,23236,-156720,-252918
"2795",2011-04-18,1036272,24391,137017,205556
"2796",2011-04-19,1004100,23634,-38215,-83377
"2797",2011-04-20,977008,22996,-98080,16806
"2798",2011-04-21,1002407,23594,-4870,159794
"2799",2011-04-22,978701,23036,26753,-50206
"2800",2011-04-25,1073523,25268,-17624,86057
"2801",2011-04-26,1054898,24830,203773,-82404
"2802",2011-04-27,988861,23275,-135715,-115561
"2803",2011-04-28,1012566,23833,114304,-3832
"2804",2011-04-29,953302,22438,-46856,-86046
"2805",2011-05-02,977008,22996,-11991,113455
"2806",2011-05-03,927903,21841,-279398,-20965
"2807",2011-05-04,924517,21761,-193060,5340
"2808",2011-05-06,936370,22040,-151381,5335
"2809",2011-05-09,961769,22638,211965,-50995
"2810",2011-05-11,921130,21681,-815801,49729
"2811",2011-05-12,846627,19928,-178260,116325
"2812",2011-05-13,833081,19609,-211659,123729
"2813",2011-05-16,866946,20406,248136,35675
"2814",2011-05-17,872026,20525,88113,-37394
"2815",2011-05-18,900811,21203,123362,-38929
"2816",2011-05-19,819535,19290,-46859,-180160
"2817",2011-05-20,839854,19768,-106035,227518
"2818",2011-05-23,770431,18134,-246979,-73351
"2819",2011-05-24,844934,19888,62205,-18841
"2820",2011-05-25,868640,20446,369284,-83504
"2821",2011-05-26,929597,21880,294932,-39269
"2822",2011-05-27,909278,21402,-127910,-54685
"2823",2011-05-30,902505,21243,-36562,44525
"2824",2011-05-31,954996,22478,206725,73768
"2825",2011-06-01,905891,21322,-537241,-93841
"2826",2011-06-02,883879,20804,-78474,65081
"2827",2011-06-03,850014,20007,-164592,10013
"2828",2011-06-07,833081,19609,-227369,89859
"2829",2011-06-08,836468,19688,-65883,-7076
"2830",2011-06-09,850014,20007,84526,-153620
"2831",2011-06-10,831388,19569,10079,-206424
"2832",2011-06-13,804296,18931,-181660,-7208
"2833",2011-06-14,846627,19928,53809,-7974
"2834",2011-06-15,834774,19649,-179948,-16687
"2835",2011-06-16,826308,19449,7007,63092
"2836",2011-06-17,875413,20605,290347,-18215
"2837",2011-06-20,914357,21522,513441,-51949
"2838",2011-06-21,892345,21004,-55403,-133246
"2839",2011-06-22,904198,21283,55335,11841
"2840",2011-06-23,897425,21123,51030,-29867
"2841",2011-06-24,934676,22000,138082,-46935
"2842",2011-06-27,926210,21801,28145,-31825
"2843",2011-06-28,982088,23116,905347,18795
"2844",2011-06-29,1029499,24232,443737,-29777
"2845",2011-06-30,1012566,23833,20533,29877
"2846",2011-07-01,1015953,23913,135158,-28831
"2847",2011-07-04,992247,23355,-10383,58897
"2848",2011-07-05,1027805,24192,74941,128688
"2849",2011-07-06,1046431,24630,167236,35672
"2850",2011-07-07,1043045,24551,68977,-5146
"2851",2011-07-08,1027805,24192,-158642,1574
"2852",2011-07-11,997327,23475,90053,26540
"2853",2011-07-12,982088,23116,101126,-189
"2854",2011-07-13,1014259,23873,53529,36412
"2855",2011-07-14,1049818,24710,164294,13240
"2856",2011-07-15,1037965,24431,66675,-100899
"2857",2011-07-18,1063364,25029,35568,13065
"2858",2011-07-19,1063364,25029,294621,-80727
"2859",2011-07-20,1019339,23993,-48788,-57552
"2860",2011-07-21,973621,22917,-155201,-37481
"2861",2011-07-22,992247,23355,-17074,63362
"2862",2011-07-25,956689,22518,-226601,37575
"2863",2011-07-26,985474,23196,12878,379
"2864",2011-07-27,975315,22957,9769,-55594
"2865",2011-07-28,965155,22717,82698,-43996
"2866",2011-07-29,916051,21562,-276691,-53432
"2867",2011-08-01,936370,22040,-49184,15726
"2868",2011-08-02,878799,20685,-315281,20796
"2869",2011-08-03,829695,19529,-197852,86679
"2870",2011-08-04,775511,18254,-718032,-7059
"2871",2011-08-05,792443,18652,28715,71768
"2872",2011-08-08,778897,18333,134547,-205685
"2873",2011-08-09,736566,17337,-224547,-102629
"2874",2011-08-10,734872,17297,-27861,-62514
"2875",2011-08-11,761965,17935,209221,-137267
"2876",2011-08-12,734872,17297,209644,-7426
"2877",2011-08-16,789057,18572,46494,-31302
"2878",2011-08-17,802603,18891,85151,-139533
"2879",2011-08-18,763658,17975,71422,-110314
"2880",2011-08-19,650210,15304,-78010,-14390
"2881",2011-08-22,592639,13949,-16462,24707
"2882",2011-08-23,648516,15264,-139236,24442
"2883",2011-08-24,645130,15185,-47422,33847
"2884",2011-08-25,653596,15384,1054,-39940
"2885",2011-08-26,684075,16101,36552,-28372
"2886",2011-08-29,724713,17058,127398,-43216
"2887",2011-08-30,711167,16739,6282,-12137
"2888",2011-08-31,738259,17377,46021,28709
"2889",2011-09-01,765351,18014,150175,174265
"2890",2011-09-02,768738,18094,-25455,-28796
"2891",2011-09-05,745032,17536,333804,127
"2892",2011-09-06,756885,17815,37112,388
"2893",2011-09-07,814455,19170,402592,-32656
"2894",2011-09-08,797523,18772,-126782,62920
"2895",2011-09-09,770431,18134,-68564,6344
"2896",2011-09-14,721326,16978,-115272,28425
"2897",2011-09-15,721326,16978,-41646,-9732
"2898",2011-09-16,785670,18493,87953,142554
"2899",2011-09-19,780590,18373,98120,-9589
"2900",2011-09-20,805989,18971,117112,-88405
"2901",2011-09-21,822922,19370,148146,57802
"2902",2011-09-22,821228,19330,210836,-30712
"2903",2011-09-23,780590,18373,215367,-748
"2904",2011-09-26,743339,17496,6003,25345
"2905",2011-09-27,821228,19330,124716,38861
"2906",2011-09-28,797523,18772,-177216,32589
"2907",2011-09-29,812762,19130,-265411,20916
"2908",2011-09-30,805989,18971,71950,1465
"2909",2011-10-04,863560,20326,292802,-20844
"2910",2011-10-05,773817,18214,21211,-103203
"2911",2011-10-06,719633,16938,-126478,801
"2912",2011-10-07,785670,18493,252352,14064
"2913",2011-10-10,792443,18652,90745,-55762
"2914",2011-10-11,824615,19409,141843,-21218
"2915",2011-10-12,863560,20326,331818,20185
"2916",2011-10-13,853400,20087,-103343,-25662
"2917",2011-10-14,890652,20964,187890,1372
"2918",2011-10-17,907584,21362,334787,-6331
"2919",2011-10-18,931290,21920,174980,-2056
"2920",2011-10-19,917744,21601,-140820,-21576
"2921",2011-10-20,863560,20326,-99191,-31516
"2922",2011-10-21,897425,21123,16496,10074
"2923",2011-10-24,917744,21601,-170622,-43108
"2924",2011-10-25,885572,20844,-98066,3218
"2925",2011-10-26,926210,21801,125743,23102
"2926",2011-10-27,922824,21721,-160457,-21789
"2927",2011-10-28,934676,22000,248929,40457
"2928",2011-10-31,895732,21083,-170229,-80220
"2929",2011-11-01,914357,21522,-7463,14714
"2930",2011-11-02,941450,22159,193800,6615
"2931",2011-11-03,917744,21601,155420,-49867
"2932",2011-11-04,944836,22239,-167836,106761
"2933",2011-11-07,916051,21562,-92333,-1725
"2934",2011-11-08,914357,21522,145487,-3934
"2935",2011-11-09,929597,21880,78973,9303
"2936",2011-11-10,868640,20446,-25139,-5875
"2937",2011-11-11,878799,20685,-61845,17984
"2938",2011-11-14,909278,21402,8293,16822
"2939",2011-11-15,888959,20924,-19129,2266
"2940",2011-11-16,872026,20525,-42455,6522
"2941",2011-11-17,902505,21243,-7740,19074
"2942",2011-11-18,883879,20804,-17851,-3621
"2943",2011-11-21,899118,21163,33093,-26768
"2944",2011-11-22,885572,20844,-18179,-40043
"2945",2011-11-23,883879,20804,-85325,-72544
"2946",2011-11-24,868640,20446,29529,-13615
"2947",2011-11-25,817842,19250,-155190,47379
"2948",2011-11-28,833081,19609,-11433,58266
"2949",2011-11-29,828001,19489,-252515,21320
"2950",2011-11-30,816149,19210,-46003,37556
"2951",2011-12-01,846627,19928,219687,51741
"2952",2011-12-02,863560,20326,180494,-33381
"2953",2011-12-05,861867,20286,64450,-29372
"2954",2011-12-06,856787,20167,30321,-33383
"2955",2011-12-07,836468,19688,-32810,-64566
"2956",2011-12-08,817842,19250,-82665,31172
"2957",2011-12-09,812762,19130,-25260,7421
"2958",2011-12-12,785670,18493,-302541,14846
"2959",2011-12-13,746725,17576,-110981,51887
"2960",2011-12-14,756885,17815,188665,-248946
"2961",2011-12-15,755192,17775,87396,-33328
"2962",2011-12-16,782284,18413,88616,-54816
"2963",2011-12-19,724713,17058,-7978,-23153
"2964",2011-12-20,739952,17417,-159467,38825
"2965",2011-12-21,741645,17457,-124336,-18015
"2966",2011-12-22,707780,16659,-278743,38809
"2967",2011-12-23,699314,16460,-274067,77822
"2968",2011-12-26,702701,16540,-81317,78164
"2969",2011-12-27,695928,16380,87489,5537
"2970",2011-12-28,707780,16659,94909,-42958
"2971",2011-12-29,706087,16620,-2196,-19195
"2972",2012-01-02,672222,15822,-204070,-15903
"2973",2012-01-03,682382,16062,-104523,19348
"2974",2012-01-04,684075,16101,-162377,-4990
"2975",2012-01-05,687461,16181,-37703,-6465
"2976",2012-01-06,685768,16141,25983,-17113
"2977",2012-01-09,706087,16620,87565,-32966
"2978",2012-01-10,736566,17337,177471,-46479
"2979",2012-01-11,734872,17297,-11532,-48727
"2980",2012-01-12,755192,17775,194827,-13813
"2981",2012-01-13,755192,17775,139291,-27926
"2982",2012-01-16,743339,17496,-22591,-4814
"2983",2012-01-17,724713,17058,-152541,8760
"2984",2012-01-18,717940,16899,-180950,110359
"2985",2012-01-19,728099,17138,-93675,92821
"2986",2012-01-20,716247,16859,-144012,-11198
"2987",2012-01-25,751805,17696,-8300,44893
"2988",2012-01-26,748418,17616,8878,-17693
"2989",2012-01-27,712860,16779,-77755,-175943
"2990",2012-01-30,687461,16181,-216855,49715
"2991",2012-01-31,692541,16301,-33289,77182
"2992",2012-02-01,675609,15902,-534082,59287
"2993",2012-02-02,677302,15942,-35837,-18029
"2994",2012-02-03,663756,15623,-78970,-40237
"2995",2012-02-06,658676,15504,-61578,25153
"2996",2012-02-07,689155,16221,-47936,14683
"2997",2012-02-08,675609,15902,-70768,-24768
"2998",2012-02-09,648516,15264,-449769,-67886
"2999",2012-02-10,672222,15822,25981,72087
"3000",2012-02-13,714553,16819,151126,21283
"3001",2012-02-14,726406,17098,147259,-86384
"3002",2012-02-15,726406,17098,-61225,64131
"3003",2012-02-16,695928,16380,-324886,33460
"3004",2012-02-17,716247,16859,87163,-9093
"3005",2012-02-20,707780,16659,-87193,9851
"3006",2012-02-21,704394,16580,12893,4786
"3007",2012-02-22,711167,16739,-7012,-18356
"3008",2012-02-23,697621,16420,-37030,9585
"3009",2012-02-24,695928,16380,-36622,-10038
"3010",2012-02-27,670529,15783,-32200,-4994
"3011",2012-02-28,660369,15543,-29339,16731
"3012",2012-02-29,660369,15543,-41503,-58325
"3013",2012-03-02,680688,16022,7541,74237
"3014",2012-03-05,677302,15942,19760,-34904
"3015",2012-03-06,684075,16101,-21749,-17217
"3016",2012-03-07,684075,16101,30917,-21650
"3017",2012-03-08,685768,16141,-9991,-27860
"3018",2012-03-09,728099,17138,322580,-10412
"3019",2012-03-12,716247,16859,-279204,-56115
"3020",2012-03-13,717940,16899,51795,2010
"3021",2012-03-14,707780,16659,-48912,-28201
"3022",2012-03-15,692541,16301,-164839,-50502
"3023",2012-03-16,675609,15902,-479361,-45022
"3024",2012-03-19,663756,15623,-113204,-17718
"3025",2012-03-20,650210,15304,-85906,-16236
"3026",2012-03-21,651903,15344,-85715,-41242
"3027",2012-03-22,643437,15145,-34114,-4006
"3028",2012-03-23,636664,14986,7426,-20085
"3029",2012-03-26,614651,14467,-26985,-35587
"3030",2012-03-27,614651,14467,-44958,63067
"3031",2012-03-28,623118,14667,-18058,-16130
"3032",2012-03-29,609572,14348,-14281,-18980
"3033",2012-03-30,599412,14109,-94455,-28085
"3034",2012-04-02,597719,14069,-148107,-3826
"3035",2012-04-03,633277,14906,-33201,32852
"3036",2012-04-04,604492,14228,-91806,-35299
"3037",2012-04-05,631584,14866,-187594,12190
"3038",2012-04-06,618038,14547,-89201,-56847
"3039",2012-04-09,579093,13630,-184755,-6615
"3040",2012-04-10,550308,12953,-230073,80232
"3041",2012-04-12,580786,13670,181981,37950
"3042",2012-04-13,579093,13630,-12531,-55792
"3043",2012-04-16,599412,14109,169671,-9758
"3044",2012-04-17,607878,14308,237042,-70936
"3045",2012-04-18,609572,14348,15647,68
"3046",2012-04-19,619731,14587,61519,20010
"3047",2012-04-20,606185,14268,4655,-2882
"3048",2012-04-23,599412,14109,25573,9901
"3049",2012-04-24,594332,13989,-63920,14218
"3050",2012-04-25,606185,14268,22238,25532
"3051",2012-04-26,590946,13909,-19823,1121
"3052",2012-04-27,624811,14707,157491,24358
"3053",2012-04-30,662063,15583,540922,15776
"3054",2012-05-02,670529,15783,47615,-31676
"3055",2012-05-03,668836,15743,133662,-37019
"3056",2012-05-04,672222,15822,206557,-52582
"3057",2012-05-07,672222,15822,175100,-16696
"3058",2012-05-08,682382,16062,99375,-22292
"3059",2012-05-09,670529,15783,38053,-51386
"3060",2012-05-10,684075,16101,192706,-33135
"3061",2012-05-11,684075,16101,233861,-64375
"3062",2012-05-14,678995,15982,147452,3908
"3063",2012-05-15,656983,15464,-15353,27987
"3064",2012-05-16,641743,15105,114040,-10503
"3065",2012-05-17,665449,15663,104093,7715
"3066",2012-05-18,648516,15264,131241,-47340
"3067",2012-05-21,668836,15743,99589,-27027
"3068",2012-05-22,668836,15743,-23862,-47170
"3069",2012-05-23,658676,15504,144549,-64942
"3070",2012-05-24,668836,15743,88301,-23105
"3071",2012-05-25,672222,15822,165963,-12897
"3072",2012-05-29,707780,16659,356043,6341
"3073",2012-05-30,714553,16819,195083,-50538
"3074",2012-05-31,726406,17098,204311,-25633
"3075",2012-06-01,719633,16938,219924,-28010
"3076",2012-06-04,719633,16938,241350,27321
"3077",2012-06-05,746725,17576,164269,-58833
"3078",2012-06-07,731486,17217,-71752,-49318
"3079",2012-06-08,728099,17138,82814,49894
"3080",2012-06-11,743339,17496,53711,10741
"3081",2012-06-12,756885,17815,205990,-1529
"3082",2012-06-13,763658,17975,160604,7503
"3083",2012-06-14,768738,18094,32019,59568
"3084",2012-06-15,756885,17815,64454,10076
"3085",2012-06-18,778897,18333,93409,18978
"3086",2012-06-19,780590,18373,19127,27281
"3087",2012-06-20,758578,17855,-122665,-52847
"3088",2012-06-21,743339,17496,-169404,122834
"3089",2012-06-22,741645,17457,31884,46554
"3090",2012-06-25,750112,17656,33711,-2474
"3091",2012-06-26,753498,17736,30619,-13972
"3092",2012-06-27,714553,16819,138017,-44429
"3093",2012-06-28,701007,16500,-121973,49220
"3094",2012-06-29,712860,16779,108193,18720
"3095",2012-07-02,734872,17297,122501,1632
"3096",2012-07-03,743339,17496,66657,-409
"3097",2012-07-04,734872,17297,-113022,46395
"3098",2012-07-05,761965,17935,271085,15860
"3099",2012-07-06,767044,18054,162059,-16915
"3100",2012-07-09,746725,17576,43193,-8695
"3101",2012-07-10,748418,17616,9120,-3061
"3102",2012-07-11,743339,17496,39834,-13356
"3103",2012-07-12,717940,16899,-77369,49303
"3104",2012-07-13,716247,16859,-32303,29497
"3105",2012-07-16,707780,16659,-14041,14452
"3106",2012-07-17,712860,16779,-110599,140187
"3107",2012-07-18,685768,16141,-71331,37992
"3108",2012-07-19,729793,17178,167796,43151
"3109",2012-07-20,723020,17018,5370,-18641
"3110",2012-07-23,717940,16899,41636,464
"3111",2012-07-24,709474,16699,-39899,-19745
"3112",2012-07-25,655289,15424,-222332,8459
"3113",2012-07-26,619731,14587,-439689,124836
"3114",2012-07-27,614651,14467,-285203,63709
"3115",2012-07-30,631584,14866,-55600,60307
"3116",2012-07-31,614651,14467,-413523,44459
"3117",2012-08-01,619731,14587,-40214,54577
"3118",2012-08-02,599412,14109,-225502,-43919
"3119",2012-08-03,597719,14069,-124189,37324
"3120",2012-08-06,597719,14069,-85614,-23990
"3121",2012-08-07,606185,14268,-10558,-7410
"3122",2012-08-08,611265,14388,-105951,18075
"3123",2012-08-09,619731,14587,20521,46257
"3124",2012-08-10,618038,14547,-53189,-34166
"3125",2012-08-13,611265,14388,-116758,7373
"3126",2012-08-14,602799,14188,-172846,-26649
"3127",2012-08-16,584173,13750,-116286,-14199
"3128",2012-08-17,567240,13351,-268357,18815
"3129",2012-08-20,562160,13232,-223910,35852
"3130",2012-08-21,565547,13312,-193371,30833
"3131",2012-08-22,570627,13431,-35585,-21092
"3132",2012-08-23,552001,12993,-50668,-12769
"3133",2012-08-24,560467,13192,42181,-79244
"3134",2012-08-27,555387,13072,41167,-30451
"3135",2012-08-28,558774,13152,8201,-19953
"3136",2012-08-29,596026,14029,148834,-51736
"3137",2012-08-30,580786,13670,-3679,-147809
"3138",2012-08-31,579093,13630,2366,-40500
"3139",2012-09-03,587559,13830,64425,-7778
"3140",2012-09-04,575707,13551,-22368,-3039
"3141",2012-09-05,555387,13072,-200217,-48047
"3142",2012-09-06,545228,12833,-209093,6481
"3143",2012-09-07,550308,12953,-89723,1567
"3144",2012-09-10,553694,13033,24895,930
"3145",2012-09-11,555387,13072,-2266,-5433
"3146",2012-09-12,553694,13033,29014,-4374
"3147",2012-09-13,555387,13072,-2902,15420
"3148",2012-09-14,572320,13471,-24494,61930
"3149",2012-09-17,574013,13511,35823,-14846
"3150",2012-09-18,567240,13351,-4833,202
"3151",2012-09-19,563854,13272,-3685,-6520
"3152",2012-09-20,550308,12953,-12385,8749
"3153",2012-09-21,553694,13033,-163856,11079
"3154",2012-09-24,545228,12833,-118383,-11150
"3155",2012-09-25,531682,12514,-57444,8595
"3156",2012-09-26,523216,12315,-80655,10456
"3157",2012-09-27,519829,12236,-45061,-3803
"3158",2012-09-28,548614,12913,95021,28268
"3159",2012-10-02,553694,13033,85205,-29980
"3160",2012-10-04,557081,13112,-4240,-2051
"3161",2012-10-05,546921,12873,-11377,-15435
"3162",2012-10-08,538455,12674,26153,4365
"3163",2012-10-09,538455,12674,8294,3342
"3164",2012-10-10,531682,12514,7393,-12959
"3165",2012-10-11,524909,12355,-4122,-24148
"3166",2012-10-12,524909,12355,4399,-2335
"3167",2012-10-15,521522,12275,46058,-15709
"3168",2012-10-16,536762,12634,22546,-2889
"3169",2012-10-17,523216,12315,-29695,-72107
"3170",2012-10-18,513056,12076,-4320,-12139
"3171",2012-10-19,496124,11678,-10400,-4144
"3172",2012-10-22,487657,11478,15092,12149
"3173",2012-10-23,482578,11359,12140,-5353
"3174",2012-10-24,474111,11159,26475,261
"3175",2012-10-25,480884,11319,-39780,-1298
"3176",2012-10-26,448712,10562,-37749,7724
"3177",2012-10-29,435166,10243,-15880,11641
"3178",2012-10-30,435166,10243,1284,6093
"3179",2012-10-31,428393,10083,-89174,19366
"3180",2012-11-01,404688,9525,-103716,39141
"3181",2012-11-02,404688,9525,-40896,14844
"3182",2012-11-05,375902,8848,-189538,19965
"3183",2012-11-06,389449,9167,-95144,41217
"3184",2012-11-07,394528,9286,-39580,-14037
"3185",2012-11-08,386062,9087,-143359,-11500
"3186",2012-11-09,370823,8728,-381141,27114
"3187",2012-11-12,369129,8688,-452,-9239
"3188",2012-11-13,360663,8489,-8604,29653
"3189",2012-11-14,377596,8888,-35897,7809
"3190",2012-11-15,431780,10163,84519,-69144
"3191",2012-11-16,413154,9725,-4450,-84702
"3192",2012-11-19,433473,10203,93724,-20427
"3193",2012-11-20,435166,10243,136464,-49975
"3194",2012-11-21,450406,10601,136942,-20257
"3195",2012-11-22,445326,10482,12575,-53329
"3196",2012-11-23,447019,10522,14086,-2910
"3197",2012-11-26,447019,10522,89726,-1301
"3198",2012-11-27,453792,10681,-24792,-2874
"3199",2012-11-28,447019,10522,5807,10410
"3200",2012-11-29,484271,11399,187686,11712
"3201",2012-11-30,485964,11438,-14464,-28878
"3202",2012-12-03,470725,11080,-26820,-7978
"3203",2012-12-04,465645,10960,-26243,32299
"3204",2012-12-05,472418,11120,-14042,21891
"3205",2012-12-06,491044,11558,196569,6149
"3206",2012-12-07,496124,11678,84837,12019
"3207",2012-12-10,494430,11638,-15446,-12314
"3208",2012-12-11,485964,11438,-66019,31302
"3209",2012-12-12,484271,11399,20622,35178
"3210",2012-12-13,492737,11598,3987,18190
"3211",2012-12-14,480884,11319,-52576,14858
"3212",2012-12-17,457179,10761,1945,31025
"3213",2012-12-18,477498,11239,38323,81918
"3214",2012-12-20,463952,10920,36640,-18987
"3215",2012-12-21,465645,10960,-3338,17970
"3216",2012-12-24,458872,10801,5765,15361
"3217",2012-12-26,475805,11199,39756,30916
"3218",2012-12-27,474111,11159,36770,-23628
"3219",2012-12-28,479191,11279,65569,-17026
"3220",2013-01-02,470725,11080,-80954,654
"3221",2013-01-03,428393,10083,-220750,12748
"3222",2013-01-04,419927,9884,-140512,50734
"3223",2013-01-07,425007,10004,-46410,16157
"3224",2013-01-08,416541,9804,-57586,17872
"3225",2013-01-09,414847,9764,-18680,25184
"3226",2013-01-10,416541,9804,-47489,2231
"3227",2013-01-11,404688,9525,-163415,5955
"3228",2013-01-14,391142,9207,-150693,7913
"3229",2013-01-15,414847,9764,-26009,100666
"3230",2013-01-16,421620,9924,142216,18862
"3231",2013-01-17,435166,10243,53759,108467
"3232",2013-01-18,419927,9884,-140001,31305
"3233",2013-01-21,426700,10043,3823,26924
"3234",2013-01-22,445326,10482,10121,9103
"3235",2013-01-23,447019,10522,39372,-3315
"3236",2013-01-24,421620,9924,33254,908
"3237",2013-01-25,418234,9844,-142646,69781
"3238",2013-01-28,418234,9844,51341,-847
"3239",2013-01-29,425007,10004,-25815,-5140
"3240",2013-01-30,414847,9764,-19957,4303
"3241",2013-01-31,423314,9964,-7251,11596
"3242",2013-02-01,423314,9964,-16198,-2296
"3243",2013-02-04,433473,10203,27211,18481
"3244",2013-02-05,455485,10721,98071,1595
"3245",2013-02-06,457179,10761,76400,-63119
"3246",2013-02-07,438553,10322,2291,14631
"3247",2013-02-08,470725,11080,100610,49463
"3248",2013-02-12,472418,11120,32259,-18064
"3249",2013-02-13,494430,11638,139426,5307
"3250",2013-02-14,501203,11797,43157,28181
"3251",2013-02-15,529989,12475,436431,20903
"3252",2013-02-18,535068,12594,211359,-70326
"3253",2013-02-19,536762,12634,-1583,54172
"3254",2013-02-20,536762,12634,-4135,45394
"3255",2013-02-21,514749,12116,-71377,92062
"3256",2013-02-22,535068,12594,-292235,226262
"3257",2013-02-25,514749,12116,-157778,-4008
"3258",2013-02-26,501203,11797,33913,104684
"3259",2013-02-27,497817,11717,14744,-41423
"3260",2013-02-28,513056,12076,64951,-21596
"3261",2013-03-04,484271,11399,-79282,-158070
"3262",2013-03-05,487657,11478,53696,-863
"3263",2013-03-06,480884,11319,-5096,-10502
"3264",2013-03-07,465645,10960,-57962,-72951
"3265",2013-03-08,482578,11359,26100,-2889
"3266",2013-03-11,474111,11159,23906,-58344
"3267",2013-03-12,472418,11120,-32664,-3533
"3268",2013-03-13,474111,11159,145750,-21806
"3269",2013-03-14,467338,11000,-53015,-57692
"3270",2013-03-15,518136,12196,568306,22269
"3271",2013-03-18,504590,11877,64974,-116361
"3272",2013-03-19,504590,11877,-71914,-56410
"3273",2013-03-20,509670,11996,-65945,-52441
"3274",2013-03-21,492737,11598,105289,-60109
"3275",2013-03-22,491044,11558,-16949,38006
"3276",2013-03-25,491044,11558,-108697,34554
"3277",2013-03-26,506283,11917,66916,18294
"3278",2013-03-27,497817,11717,-59356,-13329
"3279",2013-03-28,489351,11518,-54156,13015
"3280",2013-03-29,479191,11279,-47541,9641
"3281",2013-04-01,480884,11319,-26082,28855
"3282",2013-04-02,470725,11080,-248885,14951
"3283",2013-04-03,479191,11279,-60073,87509
"3284",2013-04-04,458872,10801,-45402,-17566
"3285",2013-04-05,430087,10123,-133059,4770
"3286",2013-04-08,431780,10163,-11650,48195
"3287",2013-04-09,426700,10043,-8458,5145
"3288",2013-04-10,447019,10522,-2971,57922
"3289",2013-04-11,453792,10681,29801,50218
"3290",2013-04-12,452099,10641,17388,170
"3291",2013-04-15,453792,10681,-519,-8278
"3292",2013-04-16,448712,10562,12009,-9639
"3293",2013-04-17,465645,10960,8134,51977
"3294",2013-04-18,448712,10562,-99144,14534
"3295",2013-04-19,453792,10681,-11377,32899
"3296",2013-04-22,453792,10681,-3439,11408
"3297",2013-04-23,458872,10801,-45633,15715
"3298",2013-04-24,460565,10841,-2915,17963
"3299",2013-04-25,492737,11598,77771,29084
"3300",2013-04-26,492737,11598,34993,-1005
"3301",2013-04-29,494430,11638,-11285,20604
"3302",2013-04-30,496124,11678,-10962,-886
"3303",2013-05-02,484271,11399,-44662,39622
"3304",2013-05-03,506283,11917,56797,114490
"3305",2013-05-06,502897,11837,-75675,15300
"3306",2013-05-07,501203,11797,-58224,42969
"3307",2013-05-08,492737,11598,-7416,29860
"3308",2013-05-09,506283,11917,-18371,77835
"3309",2013-05-10,477498,11239,-121999,16439
"3310",2013-05-13,472418,11120,-99279,53399
"3311",2013-05-14,487657,11478,-30582,46061
"3312",2013-05-15,484271,11399,-51302,11377
"3313",2013-05-16,485964,11438,3341,7516
"3314",2013-05-20,502897,11837,-51663,32557
"3315",2013-05-21,514749,12116,181664,32837
"3316",2013-05-22,552001,12993,377846,44888
"3317",2013-05-23,541841,12754,-39807,-38668
"3318",2013-05-24,560467,13192,135643,34841
"3319",2013-05-27,597719,14069,41168,-3569
"3320",2013-05-28,602799,14188,57226,-8634
"3321",2013-05-29,580786,13670,-194032,103826
"3322",2013-05-30,568934,13391,-86712,145690
"3323",2013-05-31,545228,12833,-51774,30075
"3324",2013-06-03,557081,13112,10503,49329
"3325",2013-06-04,550308,12953,17586,-89081
"3326",2013-06-05,524909,12355,-49252,22642
"3327",2013-06-07,553694,13033,222447,13563
"3328",2013-06-10,550308,12953,12189,-226541
"3329",2013-06-11,579093,13630,364116,-26635
"3330",2013-06-12,580786,13670,254423,-93021
"3331",2013-06-13,582480,13710,158708,-62345
"3332",2013-06-14,558774,13152,62067,-100092
"3333",2013-06-17,541841,12754,-19937,-2135
"3334",2013-06-18,570627,13431,26741,30824
"3335",2013-06-19,575707,13551,66871,-38516
"3336",2013-06-20,574013,13511,94109,-29229
"3337",2013-06-21,572320,13471,70305,-42292
"3338",2013-06-24,552001,12993,60102,-107760
"3339",2013-06-25,518136,12196,-120408,80651
"3340",2013-06-26,528295,12435,36429,-69117
"3341",2013-06-27,545228,12833,20320,-26786
"3342",2013-06-28,555387,13072,72332,-28462
"3343",2013-07-01,553694,13033,-20792,-76968
"3344",2013-07-02,528295,12435,-16024,-27401
"3345",2013-07-03,531682,12514,-35956,66900
"3346",2013-07-04,536762,12634,47379,-7799
"3347",2013-07-05,536762,12634,30265,-5374
"3348",2013-07-08,524909,12355,-31396,30166
"3349",2013-07-09,533375,12554,3471,20421
"3350",2013-07-10,518136,12196,-15009,-15661
"3351",2013-07-11,533375,12554,17252,28866
"3352",2013-07-12,504590,11877,-49716,-101942
"3353",2013-07-15,509670,11996,19596,56266
"3354",2013-07-16,501203,11797,-13587,-8833
"3355",2013-07-17,507976,11957,25133,28968
"3356",2013-07-18,506283,11917,1883,-28774
"3357",2013-07-19,524909,12355,151191,-50734
"3358",2013-07-22,526602,12395,137977,-60892
"3359",2013-07-23,521522,12275,-982,-25905
"3360",2013-07-24,521522,12275,-11190,2866
"3361",2013-07-25,528295,12435,38149,1633
"3362",2013-07-26,560467,13192,190350,-51
"3363",2013-07-29,555387,13072,32710,-22823
"3364",2013-07-30,580786,13670,285521,-6454
"3365",2013-07-31,563854,13272,-62672,-57641
"3366",2013-08-01,560467,13192,23310,42396
"3367",2013-08-02,546921,12873,-54645,-27498
"3368",2013-08-05,553694,13033,-1686,17001
"3369",2013-08-06,533375,12554,130233,-63197
"3370",2013-08-07,535068,12594,30154,-26497
"3371",2013-08-08,521522,12275,-8343,-39876
"3372",2013-08-09,541841,12754,93399,23098
"3373",2013-08-12,523216,12315,-55552,-81520
"3374",2013-08-13,526602,12395,5475,-9878
"3375",2013-08-14,538455,12674,50348,1454
"3376",2013-08-16,531682,12514,90073,-44038
"3377",2013-08-19,540148,12714,58899,-19301
"3378",2013-08-20,524909,12355,-3522,-22169
"3379",2013-08-21,509670,11996,3423,-27919
"3380",2013-08-22,507976,11957,-4222,55941
"3381",2013-08-23,514749,12116,18514,-23316
"3382",2013-08-26,518136,12196,42651,-6633
"3383",2013-08-27,524909,12355,59568,-17096
"3384",2013-08-28,538455,12674,140947,7302
"3385",2013-08-29,557081,13112,61643,5441
"3386",2013-08-30,541841,12754,-44305,18362
"3387",2013-09-02,526602,12395,-73412,-3459
"3388",2013-09-03,529989,12475,-30781,30653
"3389",2013-09-04,523216,12315,-20293,-20878
"3390",2013-09-05,528295,12435,-27100,23222
"3391",2013-09-06,550308,12953,288069,1164
"3392",2013-09-09,543535,12793,-28773,20688
"3393",2013-09-10,555387,13072,25539,78372
"3394",2013-09-11,558774,13152,-1604,48333
"3395",2013-09-12,545228,12833,-63506,48835
"3396",2013-09-13,545228,12833,-8882,7376
"3397",2013-09-16,545228,12833,-31557,28056
"3398",2013-09-17,550308,12953,34375,19084
"3399",2013-09-23,545228,12833,6346,-19005
"3400",2013-09-24,555387,13072,40829,5723
"3401",2013-09-25,538455,12674,41474,-47255
"3402",2013-09-26,531682,12514,-38408,10023
"3403",2013-09-27,536762,12634,-30200,-4076
"3404",2013-09-30,526602,12395,-36182,6189
"3405",2013-10-01,526602,12395,-33746,9348
"3406",2013-10-02,509670,11996,-35013,-4916
"3407",2013-10-04,513056,12076,-13393,6603
"3408",2013-10-07,506283,11917,-56779,-10290
"3409",2013-10-08,509670,11996,-2803,-6011
"3410",2013-10-10,504590,11877,-43190,-36285
"3411",2013-10-11,497817,11717,-49365,4584
"3412",2013-10-14,494430,11638,2062,14566
"3413",2013-10-15,489351,11518,-76224,1178
"3414",2013-10-16,489351,11518,-3163,20657
"3415",2013-10-17,467338,11000,-85089,3097
"3416",2013-10-18,479191,11279,-47759,23906
"3417",2013-10-21,469031,11040,-62381,-8792
"3418",2013-10-22,465645,10960,-110005,55735
"3419",2013-10-23,470725,11080,-33636,16467
"3420",2013-10-24,470725,11080,-17272,-20922
"3421",2013-10-25,460565,10841,-54211,-3515
"3422",2013-10-28,474111,11159,-29483,8744
"3423",2013-10-29,467338,11000,-60111,-5368
"3424",2013-10-30,496124,11678,154392,36
"3425",2013-10-31,501203,11797,164081,-42382
"3426",2013-11-01,502897,11837,34382,-29337
"3427",2013-11-04,491044,11558,-37875,-25292
"3428",2013-11-05,521522,12275,275918,-5152
"3429",2013-11-06,531682,12514,119010,-16165
"3430",2013-11-07,529989,12475,134939,-25803
"3431",2013-11-08,535068,12594,137072,22248
"3432",2013-11-11,529989,12475,-5336,22626
"3433",2013-11-12,524909,12355,-82662,12682
"3434",2013-11-13,531682,12514,51653,15960
"3435",2013-11-14,552001,12993,128342,-13247
"3436",2013-11-15,558774,13152,130126,-8082
"3437",2013-11-18,548614,12913,5400,12053
"3438",2013-11-19,553694,13033,109760,8416
"3439",2013-11-20,541841,12754,23469,-11600
"3440",2013-11-21,550308,12953,-1370,4547
"3441",2013-11-22,550308,12953,-4598,-16224
"3442",2013-11-25,536762,12634,-904,4708
"3443",2013-11-26,543535,12793,-19610,38127
"3444",2013-11-27,552001,12993,-8082,31900
"3445",2013-11-28,555387,13072,21701,5430
"3446",2013-11-29,572320,13471,80920,41468
"3447",2013-12-02,585866,13790,117405,34163
"3448",2013-12-03,568934,13391,55310,-15789
"3449",2013-12-04,572320,13471,28733,27008
"3450",2013-12-05,563854,13272,5472,-19613
"3451",2013-12-06,567240,13351,-67591,71124
"3452",2013-12-09,536762,12634,-77372,4144
"3453",2013-12-10,536762,12634,-42241,57322
"3454",2013-12-11,536762,12634,19502,-11287
"3455",2013-12-12,550308,12953,15294,22401
"3456",2013-12-13,543535,12793,23618,-6792
"3457",2013-12-16,552001,12993,62652,-4886
"3458",2013-12-17,548614,12913,33432,-14267
"3459",2013-12-18,570627,13431,130751,11634
"3460",2013-12-19,536762,12634,-16941,-45659
"3461",2013-12-20,538455,12674,-18688,30605
"3462",2013-12-23,553694,13033,57421,21844
"3463",2013-12-24,546921,12873,-10428,-8533
"3464",2013-12-26,545228,12833,-5261,8217
"3465",2013-12-27,538455,12674,-38393,1894
"3466",2013-12-30,553694,13033,72270,-2087
"3467",2014-01-02,528295,12435,11700,-15400
"3468",2014-01-03,518136,12196,-51012,15751
"3469",2014-01-06,533375,12554,20207,36201
"3470",2014-01-07,545228,12833,27615,-11893
"3471",2014-01-08,538455,12674,-24601,15383
"3472",2014-01-09,538455,12674,-94,29756
"3473",2014-01-10,550308,12953,28038,13124
"3474",2014-01-13,565547,13312,95284,14516
"3475",2014-01-14,568934,13391,-45216,-30705
"3476",2014-01-15,567240,13351,-24847,51516
"3477",2014-01-16,567240,13351,10296,3952
"3478",2014-01-17,574013,13511,121457,-17436
"3479",2014-01-20,575707,13551,21732,-264
"3480",2014-01-21,585866,13790,58108,3166
"3481",2014-01-22,592639,13949,99790,-2237
"3482",2014-01-23,579093,13630,42594,-3625
"3483",2014-01-24,580786,13670,-49051,44865
"3484",2014-01-27,575707,13551,9947,-38080
"3485",2014-01-28,585866,13790,52911,15132
"3486",2014-01-29,585866,13790,21140,-24327
"3487",2014-02-03,589253,13870,13247,-11119
"3488",2014-02-04,575707,13551,4549,-17257
"3489",2014-02-05,580786,13670,6116,5918
"3490",2014-02-06,568934,13391,-59733,6672
"3491",2014-02-07,579093,13630,-109592,93206
"3492",2014-02-10,575707,13551,-50330,42296
"3493",2014-02-11,577400,13591,-27785,30697
"3494",2014-02-12,575707,13551,2636,1680
"3495",2014-02-13,579093,13630,-10922,25408
"3496",2014-02-14,585866,13790,-3213,8356
"3497",2014-02-17,575707,13551,-9811,-7298
"3498",2014-02-18,579093,13630,39559,-22387
"3499",2014-02-19,575707,13551,10797,-26570
"3500",2014-02-20,565547,13312,24708,-37958
"3501",2014-02-21,568934,13391,-20828,43
"3502",2014-02-24,558774,13152,-11289,-10610
"3503",2014-02-25,548614,12913,-57327,25782
"3504",2014-02-26,567240,13351,46282,-444
"3505",2014-02-27,557081,13112,22074,-35362
"3506",2014-02-28,562160,13232,-722,-817
"3507",2014-03-03,555387,13072,-11399,10396
"3508",2014-03-04,565547,13312,15023,-10412
"3509",2014-03-05,570627,13431,40544,-29106
"3510",2014-03-06,568934,13391,10992,-8510
"3511",2014-03-07,572320,13471,42984,-4627
"3512",2014-03-10,577400,13591,21760,-13972
"3513",2014-03-11,579093,13630,9188,-31450
"3514",2014-03-12,568934,13391,15147,-19370
"3515",2014-03-13,555387,13072,-4265,-10865
"3516",2014-03-14,546921,12873,-43213,28114
"3517",2014-03-17,574013,13511,86968,12139
"3518",2014-03-18,584173,13750,69878,-13669
"3519",2014-03-19,579093,13630,-31146,7029
"3520",2014-03-20,582480,13710,-9498,10667
"3521",2014-03-21,592639,13949,55676,11521
"3522",2014-03-24,618038,14547,30957,19025
"3523",2014-03-25,621424,14627,-30385,-6378
"3524",2014-03-26,640050,15065,196601,58338
"3525",2014-03-27,640050,15065,49308,-37272
"3526",2014-03-28,651903,15344,68927,17957
"3527",2014-03-31,645130,15185,40808,5817
"3528",2014-04-01,636664,14986,-107523,39415
"3529",2014-04-02,638357,15025,23512,14825
"3530",2014-04-03,638357,15025,-17767,23941
"3531",2014-04-04,643437,15145,-55963,23934
"3532",2014-04-07,636664,14986,54335,-10415
"3533",2014-04-08,629891,14826,-36337,25235
"3534",2014-04-09,621424,14627,-159897,37329
"3535",2014-04-10,624811,14707,-33132,38237
"3536",2014-04-11,618038,14547,-13885,-5735
"3537",2014-04-14,626504,14746,-10290,11911
"3538",2014-04-15,643437,15145,78912,3142
"3539",2014-04-16,658676,15504,73970,37415
"3540",2014-04-17,640050,15065,-27314,-11943
"3541",2014-04-18,643437,15145,31353,7826
"3542",2014-04-21,634970,14946,-4538,-3332
"3543",2014-04-22,626504,14746,-24444,11345
"3544",2014-04-23,628197,14786,-6209,16181
"3545",2014-04-24,614651,14467,-25842,-4901
"3546",2014-04-25,607878,14308,-1041,23080
"3547",2014-04-28,618038,14547,12657,-4560
"3548",2014-04-29,609572,14348,-11435,1268
"3549",2014-04-30,602799,14188,-48285,-8305
"3550",2014-05-02,609572,14348,-19650,-5238
"3551",2014-05-07,611265,14388,47328,-34810
"3552",2014-05-08,619731,14587,45243,-16288
"3553",2014-05-09,609572,14348,-3503,-9154
"3554",2014-05-12,606185,14268,-20048,-2634
"3555",2014-05-13,619731,14587,31305,16056
"3556",2014-05-14,618038,14547,37248,-18171
"3557",2014-05-15,621424,14627,23652,-8076
"3558",2014-05-16,604492,14228,-67725,-12553
"3559",2014-05-19,607878,14308,-28686,19409
"3560",2014-05-20,587559,13830,-68305,22627
"3561",2014-05-21,599412,14109,-22906,20788
"3562",2014-05-22,604492,14228,-11559,25399
"3563",2014-05-23,623118,14667,59138,-15499
"3564",2014-05-26,629891,14826,29386,-1942
"3565",2014-05-27,623118,14667,8321,-1797
"3566",2014-05-28,662063,15583,196575,5615
"3567",2014-05-29,670529,15783,73204,-20469
"3568",2014-05-30,660369,15543,14598,-780
"3569",2014-06-02,689155,16221,70891,20931
"3570",2014-06-03,677302,15942,-3550,44867
"3571",2014-06-05,701007,16500,1611,178752
"3572",2014-06-09,709474,16699,-9025,81606
"3573",2014-06-10,719633,16938,7094,95983
"3574",2014-06-11,746725,17576,-149846,407064
"3575",2014-06-12,733179,17257,-85331,110678
"3576",2014-06-13,745032,17536,-107923,193122
"3577",2014-06-16,753498,17736,-44543,89667
"3578",2014-06-17,738259,17377,-42052,99825
"3579",2014-06-18,738259,17377,-100002,151382
"3580",2014-06-19,746725,17576,-823,94078
"3581",2014-06-20,746725,17576,88015,11067
"3582",2014-06-23,751805,17696,84399,-22655
"3583",2014-06-24,750112,17656,12858,73094
"3584",2014-06-25,765351,18014,-44268,78987
"3585",2014-06-26,760271,17895,-60258,52099
"3586",2014-06-27,751805,17696,-53347,30140
"3587",2014-06-30,761965,17935,-106714,121901
"3588",2014-07-01,770431,18134,-7334,52797
"3589",2014-07-02,782284,18413,33144,71669
"3590",2014-07-03,783977,18453,-100061,89391
"3591",2014-07-04,790750,18612,-10864,19652
"3592",2014-07-07,792443,18652,22697,26931
"3593",2014-07-08,778897,18333,-27574,66195
"3594",2014-07-09,785670,18493,-44965,55758
"3595",2014-07-10,767044,18054,-205408,183046
"3596",2014-07-11,741645,17457,-83936,71116
"3597",2014-07-14,751805,17696,-16545,60821
"3598",2014-07-15,733179,17257,-62126,57092
"3599",2014-07-16,726406,17098,-84943,62577
"3600",2014-07-17,731486,17217,-17622,20545
"3601",2014-07-18,723020,17018,-46104,28534
"3602",2014-07-21,717940,16899,-52188,23685
"3603",2014-07-22,768738,18094,27162,67282
"3604",2014-07-23,741645,17457,3994,-41789
"3605",2014-07-24,731486,17217,-58248,9474
"3606",2014-07-25,706087,16620,-91067,32133
"3607",2014-07-28,702701,16540,-5547,-18638
"3608",2014-07-29,690848,16261,-70089,50552
"3609",2014-07-30,717940,16899,-58650,66172
"3610",2014-07-31,707780,16659,-50389,21453
"3611",2014-08-01,717940,16899,-22007,25774
"3612",2014-08-04,690848,16261,-111711,24631
"3613",2014-08-05,694234,16341,-53930,68461
"3614",2014-08-06,690848,16261,-66997,10708
"3615",2014-08-07,684075,16101,-95911,3563
"3616",2014-08-08,687461,16181,42239,-19980
"3617",2014-08-11,682382,16062,-6272,847
"3618",2014-08-12,692541,16301,15646,280
"3619",2014-08-13,699314,16460,-73742,52527
"3620",2014-08-14,719633,16938,59487,-1146
"3621",2014-08-18,728099,17138,69268,-36145
"3622",2014-08-19,707780,16659,-50887,17466
"3623",2014-08-20,707780,16659,-56617,83681
"3624",2014-08-21,699314,16460,-32894,17780
"3625",2014-08-22,692541,16301,-16307,17574
"3626",2014-08-25,699314,16460,-22908,31421
"3627",2014-08-26,689155,16221,-75063,42092
"3628",2014-08-27,685768,16141,-9436,-13252
"3629",2014-08-28,678995,15982,-43946,8523
"3630",2014-08-29,677302,15942,-42148,-14205
"3631",2014-09-01,751805,17696,200948,-23690
"3632",2014-09-02,734872,17297,89162,-51915
"3633",2014-09-03,787363,18533,287487,3840
"3634",2014-09-04,782284,18413,48217,-36245
"3635",2014-09-05,783977,18453,38787,10026
"3636",2014-09-11,760271,17895,-2397,51236
"3637",2014-09-12,778897,18333,-8754,108520
"3638",2014-09-15,772124,18174,55695,-35693
"3639",2014-09-16,756885,17815,-60340,34840
"3640",2014-09-17,789057,18572,6662,30399
"3641",2014-09-18,765351,18014,-10743,-12198
"3642",2014-09-19,756885,17815,-6161,5589
"3643",2014-09-22,750112,17656,-22180,15476
"3644",2014-09-23,760271,17895,-29736,68255
"3645",2014-09-24,773817,18214,-32610,75399
"3646",2014-09-25,773817,18214,653,22355
"3647",2014-09-26,746725,17576,-45876,-11575
"3648",2014-09-29,743339,17496,-39153,14838
"3649",2014-09-30,738259,17377,-2121,5451
"3650",2014-10-01,723020,17018,-16794,21205
"3651",2014-10-02,706087,16620,-56517,4128
"3652",2014-10-06,706087,16620,-47122,6222
"3653",2014-10-07,717940,16899,-30,19528
"3654",2014-10-08,702701,16540,-38664,-5729
"3655",2014-10-10,712860,16779,-32755,39734
"3656",2014-10-13,707780,16659,27720,-18951
"3657",2014-10-14,716247,16859,14134,-7024
"3658",2014-10-15,711167,16739,5000,-6556
"3659",2014-10-16,721326,16978,5502,3220
"3660",2014-10-17,733179,17257,33039,-9129
"3661",2014-10-20,714553,16819,-4845,-31846
"3662",2014-10-21,717940,16899,-17723,28046
"3663",2014-10-22,690848,16261,-14459,-41805
"3664",2014-10-23,675609,15902,-67393,35904
"3665",2014-10-24,660369,15543,-3004,-4261
"3666",2014-10-27,685768,16141,39719,3635
"3667",2014-10-28,662063,15583,-7291,2952
"3668",2014-10-29,673915,15862,12386,8900
"3669",2014-10-30,650210,15304,-23830,-8014
"3670",2014-10-31,667142,15703,-771,-6589
"3671",2014-11-03,634970,14946,1363,-13722
"3672",2014-11-04,623118,14667,31557,-24323
"3673",2014-11-05,634970,14946,-11443,14940
"3674",2014-11-06,628197,14786,-25807,10153
"3675",2014-11-07,619731,14587,-101196,43983
"3676",2014-11-10,640050,15065,-16878,7899
"3677",2014-11-11,636664,14986,-977,29064
"3678",2014-11-12,645130,15185,22945,1131
"3679",2014-11-13,633277,14906,-361,-1570
"3680",2014-11-14,633277,14906,9725,-5724
"3681",2014-11-17,633277,14906,-6929,19185
"3682",2014-11-18,636664,14986,12093,1087
"3683",2014-11-19,633277,14906,6099,-6770
"3684",2014-11-20,612958,14428,-21864,-56284
"3685",2014-11-21,618038,14547,-20238,41214
"3686",2014-11-24,624811,14707,21467,-6182
"3687",2014-11-25,621424,14627,-7800,1733
"3688",2014-11-26,607878,14308,-37134,-15794
"3689",2014-11-27,607878,14308,-18105,17630
"3690",2014-11-28,596026,14029,-38857,15179
"3691",2014-12-01,585866,13790,-60593,27267
"3692",2014-12-02,626504,14746,25640,82899
"3693",2014-12-03,640050,15065,-8067,19331
"3694",2014-12-04,628197,14786,-9531,-7469
"3695",2014-12-05,629891,14826,-13759,14246
"3696",2014-12-08,616345,14507,-32392,2124
"3697",2014-12-09,612958,14428,-7257,-10102
"3698",2014-12-10,611265,14388,-13688,-37062
"3699",2014-12-11,592639,13949,97726,-136925
"3700",2014-12-12,606185,14268,40499,-15013
"3701",2014-12-15,601105,14149,14541,-24596
"3702",2014-12-16,606185,14268,15346,-8952
"3703",2014-12-17,606185,14268,38124,-8149
"3704",2014-12-18,604492,14228,-7230,8467
"3705",2014-12-19,616345,14507,2271,7878
"3706",2014-12-22,601105,14149,2366,-17570
"3707",2014-12-23,599412,14109,-9974,-6151
"3708",2014-12-24,604492,14228,1981,1189
"3709",2014-12-26,619731,14587,34579,-2214
"3710",2014-12-29,606185,14268,-3144,-4508
"3711",2014-12-30,589253,13870,-38728,-13984
"3712",2015-01-02,582480,13710,-31686,-9
"3713",2015-01-05,597719,14069,-19528,-8462
"3714",2015-01-06,589253,13870,9607,-28624
"3715",2015-01-07,585866,13790,-37549,9098
"3716",2015-01-08,587559,13830,-35812,17492
"3717",2015-01-09,611265,14388,14384,25842
"3718",2015-01-12,602799,14188,-21943,5290
"3719",2015-01-13,606185,14268,-10332,23957
"3720",2015-01-14,616345,14507,11965,-1923
"3721",2015-01-15,621424,14627,8718,12494
"3722",2015-01-16,621424,14627,20230,-4365
"3723",2015-01-19,626504,14746,14177,-6532
"3724",2015-01-20,618038,14547,-8433,-4924
"3725",2015-01-21,596026,14029,-34585,6434
"3726",2015-01-22,580786,13670,-76264,-7985
"3727",2015-01-23,580786,13670,-22811,3375
"3728",2015-01-26,577400,13591,-40922,-5871
"3729",2015-01-27,585866,13790,6517,2510
"3730",2015-01-28,592639,13949,9054,-4089
"3731",2015-01-29,592639,13949,-5283,3457
"3732",2015-01-30,599412,14109,-29258,23536
"3733",2015-02-02,602799,14188,2904,2858
"3734",2015-02-03,589253,13870,-4023,-7414
"3735",2015-02-04,611265,14388,7377,54766
"3736",2015-02-05,592639,13949,-29068,9105
"3737",2015-02-06,587559,13830,3756,-4145
"3738",2015-02-09,579093,13630,-22987,-16754
"3739",2015-02-10,594332,13989,22213,-11513
"3740",2015-02-11,592639,13949,21469,-8406
"3741",2015-02-12,590946,13909,1813,7915
"3742",2015-02-13,585866,13790,151,1966
"3743",2015-02-16,592639,13949,-11860,27498
"3744",2015-02-17,599412,14109,1729,19404
"3745",2015-02-23,621424,14627,-38603,109408
"3746",2015-02-24,621424,14627,8151,3259
"3747",2015-02-25,614651,14467,-21678,25478
"3748",2015-02-26,606185,14268,-28245,21654
"3749",2015-02-27,607878,14308,-56835,33050
"3750",2015-03-02,641743,15105,119040,-30820
"3751",2015-03-03,684075,16101,62892,-48983
"3752",2015-03-04,665449,15663,-31980,-10515
"3753",2015-03-05,672222,15822,-4002,-880
"3754",2015-03-06,653596,15384,-56378,15849
"3755",2015-03-09,643437,15145,-60725,19551
"3756",2015-03-10,638357,15025,-16608,-18679
"3757",2015-03-11,672222,15822,-34287,44326
"3758",2015-03-12,662063,15583,-40627,-29573
"3759",2015-03-13,658676,15504,53125,-2797
"3760",2015-03-16,694234,16341,160625,-17919
"3761",2015-03-17,685768,16141,-42177,-2852
"3762",2015-03-18,685768,16141,-15074,18629
"3763",2015-03-19,677302,15942,-23294,12748
"3764",2015-03-20,650210,15304,-49943,-43130
"3765",2015-03-23,631584,14866,-68602,-64456
"3766",2015-03-24,636664,14986,33822,-47933
"3767",2015-03-25,621424,14627,-15294,-57350
"3768",2015-03-26,618038,14547,-17606,-18945
"3769",2015-03-27,612958,14428,7747,-50073
"3770",2015-03-30,624811,14707,2356,-1341
"3771",2015-03-31,633277,14906,9426,-627
"3772",2015-04-01,614651,14467,-74909,-11431
"3773",2015-04-02,618038,14547,-60160,28812
"3774",2015-04-03,640050,15065,-21576,-3961
"3775",2015-04-06,619731,14587,-171232,-13904
"3776",2015-04-07,616345,14507,-45341,13532
"3777",2015-04-08,631584,14866,-3668,104171
"3778",2015-04-09,636664,14986,-17795,30562
"3779",2015-04-10,648516,15264,22180,33432
"3780",2015-04-13,667142,15703,70537,51585
"3781",2015-04-14,673915,15862,59169,38300
"3782",2015-04-15,677302,15942,-520,58290
"3783",2015-04-16,675609,15902,-15502,95475
"3784",2015-04-17,678995,15982,41423,47064
"3785",2015-04-20,660369,15543,-65380,13026
"3786",2015-04-21,665449,15663,-55672,21666
"3787",2015-04-22,641743,15105,-86722,25439
"3788",2015-04-23,689155,16221,27426,144495
"3789",2015-04-24,656983,15464,-122609,-24672
"3790",2015-04-27,662063,15583,-44715,41155
"3791",2015-04-28,653596,15384,-4441,17234
"3792",2015-04-29,648516,15264,-28173,23003
"3793",2015-04-30,634970,14946,10909,-20588
"3794",2015-05-04,629891,14826,-45602,64047
"3795",2015-05-06,614651,14467,-58998,18617
"3796",2015-05-07,599412,14109,-92682,10363
"3797",2015-05-08,601105,14149,-62016,1810
"3798",2015-05-11,604492,14228,-18369,-38953
"3799",2015-05-12,589253,13870,-61778,-39052
"3800",2015-05-13,611265,14388,-45483,16354
"3801",2015-05-14,616345,14507,5725,-34533
"3802",2015-05-15,609572,14348,-22363,-18885
"3803",2015-05-18,626504,14746,19611,-41294
"3804",2015-05-19,633277,14906,-21815,24092
"3805",2015-05-20,658676,15504,41000,91590
"3806",2015-05-21,662063,15583,49839,10625
"3807",2015-05-22,665449,15663,19384,33861
"3808",2015-05-26,673915,15862,70414,40035
"3809",2015-05-27,646823,15225,-17920,-15126
"3810",2015-05-28,631584,14866,-96108,53608
"3811",2015-05-29,650210,15304,-6637,27737
"3812",2015-06-01,638357,15025,-9381,8217
"3813",2015-06-02,618038,14547,-33241,60096
"3814",2015-06-03,623118,14667,-15035,20425
"3815",2015-06-04,619731,14587,-32217,7768
"3816",2015-06-05,614651,14467,-26287,8396
"3817",2015-06-08,607878,14308,-4500,4369
"3818",2015-06-09,631584,14866,-278,7040
"3819",2015-06-10,614651,14467,-41748,4432
"3820",2015-06-11,618038,14547,-79363,81500
"3821",2015-06-12,636664,14986,41221,10982
"3822",2015-06-15,623118,14667,-6157,99
"3823",2015-06-16,599412,14109,-16211,-36398
"3824",2015-06-17,601105,14149,-23250,5544
"3825",2015-06-18,628197,14786,10384,21683
"3826",2015-06-19,612958,14428,13655,19569
"3827",2015-06-22,624811,14707,4052,13845
"3828",2015-06-23,626504,14746,-16791,20136
"3829",2015-06-24,616345,14507,-18708,-26131
"3830",2015-06-25,640050,15065,-61380,153124
"3831",2015-06-26,641743,15105,-29426,57471
"3832",2015-06-29,612958,14428,-58843,13376
"3833",2015-06-30,606185,14268,-101320,13521
"3834",2015-07-01,594332,13989,-136262,-9692
"3835",2015-07-02,568934,13391,-145150,-63530
"3836",2015-07-03,529989,12475,-299495,28125
"3837",2015-07-06,501203,11797,-149739,-1869
"3838",2015-07-07,479191,11279,-195354,-72929
"3839",2015-07-08,496124,11678,43697,74571
"3840",2015-07-09,492737,11598,-27418,-11875
"3841",2015-07-10,497817,11717,76422,-59541
"3842",2015-07-13,509670,11996,21102,-10764
"3843",2015-07-14,509670,11996,-6669,-30655
"3844",2015-07-15,529989,12475,-7918,83380
"3845",2015-07-16,516443,12156,-26662,-44414
"3846",2015-07-17,531682,12514,-2115,54503
"3847",2015-07-20,521522,12275,-43944,-23527
"3848",2015-07-21,528295,12435,-6568,-7210
"3849",2015-07-22,516443,12156,-46419,-59550
"3850",2015-07-23,516443,12156,-70513,33715
"3851",2015-07-24,509670,11996,-29666,12322
"3852",2015-07-27,533375,12554,-6010,23930
"3853",2015-07-28,529989,12475,-2017,37920
"3854",2015-07-29,521522,12275,9058,-64183
"3855",2015-07-30,521522,12275,178,-494
"3856",2015-07-31,521522,12275,-364,2955
"3857",2015-08-03,521522,12275,8310,8412
"3858",2015-08-04,511363,12036,-11859,-31713
"3859",2015-08-05,518136,12196,1237,13547
"3860",2015-08-06,507976,11957,-30238,-19174
"3861",2015-08-07,497817,11717,-36904,10599
"3862",2015-08-10,494430,11638,-9833,3538
"3863",2015-08-11,499510,11757,-13498,16444
"3864",2015-08-12,504590,11877,-4720,3163
"3865",2015-08-13,513056,12076,7727,-10455
"3866",2015-08-17,496124,11678,-12313,-23316
"3867",2015-08-18,570627,13431,168508,24479
"3868",2015-08-19,572320,13471,31150,80798
"3869",2015-08-20,545228,12833,30272,-50885
"3870",2015-08-21,531682,12514,120982,-92807
"3871",2015-08-24,518136,12196,54080,-72489
"3872",2015-08-25,519829,12236,49013,-119375
"3873",2015-08-26,541841,12754,61332,-42691
"3874",2015-08-27,546921,12873,45240,-55019
"3875",2015-08-28,535068,12594,-16808,-86524
"3876",2015-08-31,526602,12395,-26769,-3978
"3877",2015-09-01,518136,12196,42380,3568
"3878",2015-09-02,536762,12634,135471,-47170
"3879",2015-09-03,548614,12913,107519,-26982
"3880",2015-09-04,528295,12435,1296,-13700
"3881",2015-09-07,541841,12754,60008,-64285
"3882",2015-09-08,574013,13511,101448,-52806
"3883",2015-09-09,589253,13870,154278,-63583
"3884",2015-09-10,606185,14268,197643,-66242
"3885",2015-09-11,594332,13989,68817,-42032
"3886",2015-09-14,568934,13391,-1924,2398
"3887",2015-09-15,570627,13431,-411,-12114
"3888",2015-09-16,582480,13710,157,5522
"3889",2015-09-17,582480,13710,36589,-9288
"3890",2015-09-18,575707,13551,-13785,-7097
"3891",2015-09-21,580786,13670,4466,18989
"3892",2015-09-22,585866,13790,32619,-51717
"3893",2015-09-23,589253,13870,144072,-48081
"3894",2015-09-24,592639,13949,110911,-84612
"3895",2015-09-25,601105,14149,32321,-11599
"3896",2015-09-30,629891,14826,147434,-23257
"3897",2015-10-01,662063,15583,278508,-29656
"3898",2015-10-02,656983,15464,104963,6779
"3899",2015-10-05,653596,15384,-42560,105750
"3900",2015-10-06,633277,14906,-21051,75744
"3901",2015-10-07,624811,14707,-2197,4974
"3902",2015-10-08,638357,15025,9944,3047
"3903",2015-10-12,626504,14746,-7438,8798
"3904",2015-10-13,628197,14786,1894,-31779
"3905",2015-10-14,640050,15065,6650,4360
"3906",2015-10-15,628197,14786,-37364,5177
"3907",2015-10-16,604492,14228,15817,-57855
"3908",2015-10-19,634970,14946,60968,3565
"3909",2015-10-20,638357,15025,16794,11851
"3910",2015-10-21,628197,14786,7060,-10557
"3911",2015-10-22,609572,14348,-22972,12861
"3912",2015-10-23,596026,14029,-28290,-7611
"3913",2015-10-26,602799,14188,-14230,31910
"3914",2015-10-27,599412,14109,-946,-1434
"3915",2015-10-28,587559,13830,-10591,-1971
"3916",2015-10-29,585866,13790,-53420,37761
"3917",2015-10-30,575707,13551,-43936,10271
"3918",2015-11-02,596026,14029,19839,12281
"3919",2015-11-03,590946,13909,-26394,-15866
"3920",2015-11-04,602799,14188,-14389,7093
"3921",2015-11-05,602799,14188,-7237,-17416
"3922",2015-11-06,579093,13630,-43311,-50143
"3923",2015-11-09,574013,13511,-16694,-2656
"3924",2015-11-10,567240,13351,-2761,-13413
"3925",2015-11-11,579093,13630,-9381,-13292
"3926",2015-11-12,585866,13790,11765,-7375
"3927",2015-11-13,567240,13351,-14228,-12633
"3928",2015-11-16,572320,13471,821,-3731
"3929",2015-11-17,594332,13989,50996,-16324
"3930",2015-11-18,601105,14149,48430,-45705
"3931",2015-11-19,626504,14746,52022,4879
"3932",2015-11-20,607878,14308,16275,-15281
"3933",2015-11-23,614651,14467,-239,4022
"3934",2015-11-24,628197,14786,49051,-13267
"3935",2015-11-25,614651,14467,9132,-37077
"3936",2015-11-26,621424,14627,21489,-10353
"3937",2015-11-27,612958,14428,-12729,-5133
"3938",2015-11-30,601105,14149,-6430,4982
"3939",2015-12-01,609572,14348,2746,14400
"3940",2015-12-02,602799,14188,-376,2613
"3941",2015-12-03,623118,14667,-90,20040
"3942",2015-12-04,611265,14388,11344,-9342
"3943",2015-12-07,594332,13989,-5840,3013
"3944",2015-12-08,575707,13551,-21160,-7601
"3945",2015-12-09,584173,13750,-5653,31817
"3946",2015-12-10,604492,14228,5243,23109
"3947",2015-12-11,584173,13750,-11716,-8631
"3948",2015-12-14,589253,13870,-1880,29154
"3949",2015-12-15,592639,13949,20845,-6511
"3950",2015-12-16,587559,13830,-30012,13551
"3951",2015-12-17,585866,13790,-40237,39804
"3952",2015-12-18,590946,13909,-8167,23205
"3953",2015-12-21,594332,13989,21629,1277
"3954",2015-12-22,597719,14069,15198,2300
"3955",2015-12-23,604492,14228,29333,-11193
"3956",2015-12-24,604492,14228,22862,-14993
"3957",2015-12-28,618038,14547,38147,-6040
"3958",2015-12-29,597719,14069,24832,-35993
"3959",2015-12-30,584173,13750,-8115,-13704
"3960",2016-01-04,574013,13511,-26026,13761
"3961",2016-01-05,570627,13431,-38004,9569
"3962",2016-01-06,555387,13072,-31137,22456
"3963",2016-01-07,567240,13351,32995,5381
"3964",2016-01-08,563854,13272,-3240,12787
"3965",2016-01-11,563854,13272,26137,-3051
"3966",2016-01-12,560467,13192,8335,2147
"3967",2016-01-13,567240,13351,-2611,5979
"3968",2016-01-14,557081,13112,6854,-5467
"3969",2016-01-15,568934,13391,26016,4660
"3970",2016-01-18,577400,13591,26791,-748
"3971",2016-01-19,577400,13591,23292,-14279
"3972",2016-01-20,568934,13391,-7180,-532
"3973",2016-01-21,568934,13391,10519,-12732
"3974",2016-01-22,570627,13431,4623,5529
"3975",2016-01-25,565547,13312,-14612,10128
"3976",2016-01-26,570627,13431,-3478,6655
"3977",2016-01-27,584173,13750,8993,15588
"3978",2016-01-28,580786,13670,6272,16519
"3979",2016-01-29,590946,13909,1100,44259
"3980",2016-02-01,585866,13790,-1303,-672
"3981",2016-02-02,582480,13710,-8561,14186
"3982",2016-02-03,590946,13909,2975,6318
"3983",2016-02-04,587559,13830,11219,-964
"3984",2016-02-05,592639,13949,7528,523
"3985",2016-02-11,567240,13351,33604,-19428
"3986",2016-02-12,579093,13630,13202,5974
"3987",2016-02-15,584173,13750,11586,11651
"3988",2016-02-16,587559,13830,5049,-606
"3989",2016-02-17,592639,13949,7983,8747
"3990",2016-02-18,587559,13830,-30036,-413
"3991",2016-02-19,590946,13909,-12016,-15173
"3992",2016-02-22,582480,13710,-3656,634
"3993",2016-02-23,580786,13670,-8293,13175
"3994",2016-02-24,585866,13790,-2952,9118
"3995",2016-02-25,596026,14029,1419,10620
"3996",2016-02-26,601105,14149,-6396,12140
"3997",2016-02-29,596026,14029,-7679,7532
"3998",2016-03-02,597719,14069,-10130,-2542
"3999",2016-03-03,606185,14268,6430,23295
"4000",2016-03-04,609572,14348,-20978,14061
"4001",2016-03-07,587559,13830,-84899,34695
"4002",2016-03-08,597719,14069,-21102,42251
"4003",2016-03-09,594332,13989,-43808,20420
"4004",2016-03-10,575707,13551,-111172,37236
"4005",2016-03-11,565547,13312,-112055,11102
"4006",2016-03-14,570627,13431,-20612,4297
"4007",2016-03-15,562160,13232,-37514,16394
"4008",2016-03-16,565547,13312,-731,8922
"4009",2016-03-17,570627,13431,6838,17210
"4010",2016-03-18,570627,13431,-11677,20237
"4011",2016-03-21,575707,13551,-58972,45387
"4012",2016-03-22,565547,13312,-1902,-28498
"4013",2016-03-23,565547,13312,-7407,-22253
"4014",2016-03-24,540148,12714,-41392,-46666
"4015",2016-03-25,545228,12833,-18229,19646
"4016",2016-03-28,533375,12554,-29126,-16862
"4017",2016-03-29,533375,12554,-12977,-4626
"4018",2016-03-30,536762,12634,-15542,-1563
"4019",2016-03-31,546921,12873,44084,-21346
"4020",2016-04-01,536762,12634,-8711,4650
"4021",2016-04-04,528295,12435,-22922,-13859
"4022",2016-04-05,523216,12315,-4561,-4689
"4023",2016-04-06,516443,12156,-19029,-5221
"4024",2016-04-07,513056,12076,-38679,-1163
"4025",2016-04-08,506283,11917,-58755,-7269
"4026",2016-04-11,514749,12116,-20215,2248
"4027",2016-04-12,519829,12236,-14519,26
"4028",2016-04-14,535068,12594,3421,6565
"4029",2016-04-15,548614,12913,66059,-15823
"4030",2016-04-18,541841,12754,7549,-78
"4031",2016-04-19,543535,12793,-1304,2078
"4032",2016-04-20,531682,12514,-10080,-18247
"4033",2016-04-21,536762,12634,-6681,10627
"4034",2016-04-22,531682,12514,-15987,6012
"4035",2016-04-25,535068,12594,-15589,18386
"4036",2016-04-26,538455,12674,-15738,23817
"4037",2016-04-27,540148,12714,-20668,3372
"4038",2016-04-28,538455,12674,1258,-2228
"4039",2016-04-29,540148,12714,22849,-8978
"4040",2016-05-02,526602,12395,-4077,-21661
"4041",2016-05-03,526602,12395,-4874,-2147
"4042",2016-05-04,519829,12236,-4425,-909
"4043",2016-05-09,513056,12076,10428,-48377
"4044",2016-05-10,518136,12196,5469,-682
"4045",2016-05-11,519829,12236,-3866,3665
"4046",2016-05-12,513056,12076,-5520,-12035
"4047",2016-05-13,511363,12036,-1779,-5049
"4048",2016-05-16,526602,12395,22061,-6893
"4049",2016-05-17,523216,12315,21011,-18610
"4050",2016-05-18,516443,12156,15004,-24989
"4051",2016-05-19,519829,12236,9433,-7267
"4052",2016-05-20,514749,12116,460,-6128
"4053",2016-05-23,523216,12315,7815,10005
"4054",2016-05-24,523216,12315,11030,-10829
"4055",2016-05-25,535068,12594,33256,1025
"4056",2016-05-26,543535,12793,14487,15785
"4057",2016-05-27,529989,12475,-21910,-3753
"4058",2016-05-30,528295,12435,-2329,5774
"4059",2016-05-31,528295,12435,-1036,-1773
"4060",2016-06-01,526602,12395,6395,-9640
"4061",2016-06-02,516443,12156,-14678,-19694
"4062",2016-06-03,524909,12355,21073,11574
"4063",2016-06-07,526602,12395,35747,-10096
"4064",2016-06-08,523216,12315,27987,-59405
"4065",2016-06-09,509670,11996,-59722,36115
"4066",2016-06-10,518136,12196,-39423,38109
"4067",2016-06-13,516443,12156,-2863,-125
"4068",2016-06-14,516443,12156,30714,-19558
"4069",2016-06-15,514749,12116,25085,-19798
"4070",2016-06-16,513056,12076,13746,-15841
"4071",2016-06-17,501203,11797,-12892,-53989
"4072",2016-06-20,504590,11877,13475,-11295
"4073",2016-06-21,499510,11757,-6633,-6813
"4074",2016-06-22,507976,11957,13905,6067
"4075",2016-06-23,504590,11877,7143,-21241
"4076",2016-06-24,480884,11319,-11209,-7648
"4077",2016-06-27,489351,11518,19685,-5155
"4078",2016-06-28,491044,11558,11637,-14200
"4079",2016-06-29,492737,11598,-6306,-7311
"4080",2016-06-30,487657,11478,-3658,-4057
"4081",2016-07-01,496124,11678,10725,-2583
"4082",2016-07-04,491044,11558,-8742,-14619
"4083",2016-07-05,489351,11518,-3399,-1482
"4084",2016-07-06,489351,11518,22969,-12502
"4085",2016-07-07,484271,11399,-14924,-12575
"4086",2016-07-08,479191,11279,-7874,-8389
"4087",2016-07-11,485964,11438,11082,10114
"4088",2016-07-12,482578,11359,-18458,-1064
"4089",2016-07-13,479191,11279,-39284,-4157
"4090",2016-07-14,469031,11040,-75286,13840
"4091",2016-07-15,469031,11040,-21741,18786
"4092",2016-07-18,474111,11159,-26045,9744
"4093",2016-07-19,479191,11279,-4624,5154
"4094",2016-07-20,484271,11399,8074,7929
"4095",2016-07-21,477498,11239,-42273,10147
"4096",2016-07-22,480884,11319,-12889,11911
"4097",2016-07-25,480884,11319,-6780,6161
"4098",2016-07-26,489351,11518,-5726,21869
"4099",2016-07-27,492737,11598,-20780,14567
"4100",2016-07-28,489351,11518,-13369,11362
"4101",2016-07-29,489351,11518,-22089,5075
"4102",2016-08-01,492737,11598,-5633,14854
"4103",2016-08-02,485964,11438,-17336,7429
"4104",2016-08-03,479191,11279,-33565,6127
"4105",2016-08-04,484271,11399,-15326,11983
"4106",2016-08-05,485964,11438,8003,1745
"4107",2016-08-08,497817,11717,9010,21184
"4108",2016-08-09,494430,11638,-7097,-6503
"4109",2016-08-10,497817,11717,-1943,-1501
"4110",2016-08-11,497817,11717,-2067,-6338
"4111",2016-08-12,499510,11757,-20268,13363
"4112",2016-08-16,494430,11638,411,-7634
"4113",2016-08-17,492737,11598,-42601,11251
"4114",2016-08-18,526602,12395,55152,11330
"4115",2016-08-19,541841,12754,63222,7604
"4116",2016-08-22,531682,12514,-47029,57017
"4117",2016-08-23,552001,12993,91514,52545
"4118",2016-08-24,558774,13152,19095,63381
"4119",2016-08-25,565547,13312,10332,83229
"4120",2016-08-26,568934,13391,31459,29052
"4121",2016-08-29,563854,13272,13058,24915
"4122",2016-08-30,570627,13431,8707,77545
"4123",2016-08-31,567240,13351,-4732,41974
"4124",2016-09-01,572320,13471,1219,51104
"4125",2016-09-02,563854,13272,34743,-26233
"4126",2016-09-05,574013,13511,14581,22708
"4127",2016-09-06,568934,13391,1094,5906
"4128",2016-09-07,584173,13750,27260,80522
"4129",2016-09-08,577400,13591,20818,5371
"4130",2016-09-09,567240,13351,-27406,14509
"4131",2016-09-12,567240,13351,18848,4502
"4132",2016-09-13,577400,13591,38267,23793
"4133",2016-09-19,565547,13312,-11050,3786
"4134",2016-09-20,572320,13471,42816,16480
"4135",2016-09-21,563854,13272,-34329,27737
"4136",2016-09-22,565547,13312,-21297,29418
"4137",2016-09-23,577400,13591,-31721,107634
"4138",2016-09-26,580786,13670,16949,8248
"4139",2016-09-27,585866,13790,34305,-13284
"4140",2016-09-28,575707,13551,-7513,-4083
"4141",2016-09-29,557081,13112,-9815,1077
"4142",2016-09-30,557081,13112,7151,-3582
"4143",2016-10-04,543535,12793,628,6780
"4144",2016-10-05,546921,12873,-22355,23755
"4145",2016-10-06,538455,12674,-32190,4441
"4146",2016-10-07,536762,12634,-23389,14909
"4147",2016-10-10,548614,12913,-11324,17723
"4148",2016-10-11,543535,12793,-15417,6475
"4149",2016-10-12,546921,12873,15288,-1818
"4150",2016-10-13,533375,12554,-36843,4533
"4151",2016-10-14,541841,12754,10930,1693
"4152",2016-10-17,526602,12395,-19963,906
"4153",2016-10-18,519829,12236,-20285,9039
"4154",2016-10-19,516443,12156,3985,3324
"4155",2016-10-20,506283,11917,-18855,9921
"4156",2016-10-21,511363,12036,11355,-9818
"4157",2016-10-24,523216,12315,-17136,16383
"4158",2016-10-25,523216,12315,-2340,948
"4159",2016-10-26,519829,12236,3983,-20810
"4160",2016-10-27,516443,12156,-4260,-6026
"4161",2016-10-28,526602,12395,3538,4817
"4162",2016-10-31,516443,12156,-96,-4061
"4163",2016-11-01,521522,12275,-3116,15731
"4164",2016-11-02,504590,11877,5346,1906
"4165",2016-11-03,499510,11757,-52055,12206
"4166",2016-11-04,529989,12475,30458,13692
"4167",2016-11-07,514749,12116,-3376,-11082
"4168",2016-11-08,506283,11917,-30996,-4038
"4169",2016-11-09,497817,11717,-18276,2416
"4170",2016-11-10,494430,11638,-22663,14275
"4171",2016-11-11,514749,12116,31382,7742
"4172",2016-11-14,514749,12116,-3099,-2463
"4173",2016-11-15,553694,13033,110374,-60955
"4174",2016-11-16,560467,13192,63396,-57443
"4175",2016-11-17,572320,13471,70019,36470
"4176",2016-11-18,575707,13551,-49736,82152
"4177",2016-11-21,574013,13511,-46543,22182
"4178",2016-11-22,590946,13909,-123794,85418
"4179",2016-11-23,597719,14069,-5228,-1657
"4180",2016-11-24,602799,14188,-53515,42645
"4181",2016-11-25,614651,14467,33635,19373
"4182",2016-11-28,612958,14428,7488,17136
"4183",2016-11-29,616345,14507,-49770,77716
"4184",2016-11-30,631584,14866,-8433,27653
"4185",2016-12-01,658676,15504,94683,49716
"4186",2016-12-02,658676,15504,-7278,143616
"4187",2016-12-05,670529,15783,38417,11687
"4188",2016-12-06,701007,16500,105114,41597
"4189",2016-12-07,694234,16341,1490,47063
"4190",2016-12-08,711167,16739,99194,140593
"4191",2016-12-09,709474,16699,-40299,104295
"4192",2016-12-12,706087,16620,-35291,117043
"4193",2016-12-13,729793,17178,56916,85507
"4194",2016-12-14,724713,17058,9546,-22774
"4195",2016-12-15,733179,17257,2126,34852
"4196",2016-12-16,729793,17178,80083,-25877
"4197",2016-12-19,753498,17736,82229,29621
"4198",2016-12-20,746725,17576,73852,-66076
"4199",2016-12-21,728099,17138,-71256,109869
"4200",2016-12-22,724713,17058,-40338,72692
"4201",2016-12-23,726406,17098,-22505,44004
"4202",2016-12-26,736566,17337,6457,12996
"4203",2016-12-27,728099,17138,3370,16325
"4204",2016-12-28,724713,17058,-25301,25320
"4205",2016-12-29,729793,17178,16392,-14257
"4206",2017-01-02,731486,17217,-9315,19585
"4207",2017-01-03,787363,18533,24399,79147
"4208",2017-01-04,826308,19449,1788,114432
"4209",2017-01-05,826308,19449,-8678,68161
"4210",2017-01-06,802603,18891,-70841,42561
"4211",2017-01-09,787363,18533,15092,5721
"4212",2017-01-10,794136,18692,93131,24234
"4213",2017-01-11,804296,18931,165982,-80051
"4214",2017-01-12,790750,18612,-23669,20309
"4215",2017-01-13,782284,18413,-3836,35808
"4216",2017-01-16,780590,18373,-9243,9941
"4217",2017-01-17,792443,18652,15092,33388
"4218",2017-01-18,848321,19967,33005,72631
"4219",2017-01-19,824615,19409,-46458,-2724
"4220",2017-01-20,848321,19967,37487,-4541
"4221",2017-01-23,829695,19529,68614,-64626
"4222",2017-01-24,805989,18971,16801,-23787
"4223",2017-01-25,807682,19011,-6713,31619
"4224",2017-01-26,799216,18812,-40927,33537
"4225",2017-01-31,789057,18572,-112663,66035
"4226",2017-02-01,800909,18851,-25230,151374
"4227",2017-02-02,760271,17895,-196497,152126
"4228",2017-02-03,758578,17855,-118267,127705
"4229",2017-02-06,756885,17815,-92505,128416
"4230",2017-02-07,799216,18812,45241,77722
"4231",2017-02-08,767044,18054,-58171,28858
"4232",2017-02-09,761965,17935,-32981,17733
"4233",2017-02-10,731486,17217,-158017,85542
"4234",2017-02-13,767044,18054,-37683,99752
"4235",2017-02-14,787363,18533,-71811,124122
"4236",2017-02-15,863560,20326,-41195,222561
"4237",2017-02-16,850014,20007,-45745,28467
"4238",2017-02-17,860173,20246,-24695,37826
"4239",2017-02-20,860173,20246,-3818,30483
"4240",2017-02-21,828001,19489,-59181,30284
"4241",2017-02-22,822922,19370,-42988,34884
"4242",2017-02-23,839854,19768,-37023,71400
"4243",2017-02-24,844934,19888,-7914,37208
"4244",2017-02-27,838161,19728,372,43021
"4245",2017-02-28,839854,19768,-75795,41881
"4246",2017-03-02,783977,18453,-138453,47398
"4247",2017-03-03,775511,18254,12120,40307
"4248",2017-03-06,734872,17297,-159391,81636
"4249",2017-03-07,734872,17297,-57042,26183
"4250",2017-03-08,714553,16819,-120210,24700
"4251",2017-03-09,712860,16779,-30262,17817
"4252",2017-03-10,717940,16899,-18669,-2733
"4253",2017-03-13,706087,16620,-50897,-296
"4254",2017-03-14,682382,16062,-147035,-20126
"4255",2017-03-15,673915,15862,-101920,-24564
"4256",2017-03-16,704394,16580,49673,19367
"4257",2017-03-17,694234,16341,45402,-58765
"4258",2017-03-20,694234,16341,10733,-10883
"4259",2017-03-21,716247,16859,26092,1301
"4260",2017-03-22,697621,16420,-16585,-69603
"4261",2017-03-23,677302,15942,-88736,52969
"4262",2017-03-24,699314,16460,-6377,74775
"4263",2017-03-27,667142,15703,-53932,-29381
"4264",2017-03-28,672222,15822,-46781,42820
"4265",2017-03-29,656983,15464,-10973,-23754
"4266",2017-03-30,653596,15384,-40683,47336
"4267",2017-03-31,656983,15464,-54799,47599
"4268",2017-04-03,675609,15902,26501,1836
"4269",2017-04-04,655289,15424,-60883,-23901
"4270",2017-04-05,645130,15185,-10498,-8854
"4271",2017-04-06,648516,15264,-553,19429
"4272",2017-04-07,636664,14986,-34711,3032
"4273",2017-04-10,648516,15264,23989,16638
"4274",2017-04-11,638357,15025,-29420,-1949
"4275",2017-04-12,648516,15264,-33808,49696
"4276",2017-04-13,638357,15025,-137110,54840
"4277",2017-04-14,623118,14667,-110110,297
"4278",2017-04-17,619731,14587,-196496,97599
"4279",2017-04-18,626504,14746,-34136,15881
"4280",2017-04-19,601105,14149,-55597,-63927
"4281",2017-04-20,626504,14746,10642,72251
"4282",2017-04-21,616345,14507,-30570,-31317
"4283",2017-04-24,636664,14986,100902,-21882
"4284",2017-04-25,633277,14906,2507,-20335
"4285",2017-04-26,626504,14746,-112329,-6678
"4286",2017-04-27,618038,14547,-22097,-17490
"4287",2017-04-28,612958,14428,-55019,11047
"4288",2017-05-02,629891,14826,19190,40279
"4289",2017-05-04,616345,14507,-40745,-52676
"4290",2017-05-08,640050,15065,-46056,107028
"4291",2017-05-10,663756,15623,37534,81801
"4292",2017-05-11,665449,15663,57106,-44326
"4293",2017-05-12,650210,15304,26741,-49577
"4294",2017-05-15,643437,15145,-47852,11235
"4295",2017-05-16,697621,16420,109220,185615
"4296",2017-05-17,692541,16301,-4078,-46923
"4297",2017-05-18,707780,16659,57253,3366
"4298",2017-05-19,694234,16341,-10544,-147916
"4299",2017-05-22,701007,16500,58476,-33714
"4300",2017-05-23,701007,16500,64134,-63384
"4301",2017-05-24,704394,16580,-44339,70814
"4302",2017-05-25,694234,16341,-37120,43846
"4303",2017-05-26,687461,16181,6487,-19996
"4304",2017-05-29,687461,16181,-31784,-22738
"4305",2017-05-30,699314,16460,69088,-9713
"4306",2017-05-31,702701,16540,25952,-46455
"4307",2017-06-01,687461,16181,-1121,-63553
"4308",2017-06-02,685768,16141,-14863,-28280
"4309",2017-06-05,692541,16301,62250,-40723
"4310",2017-06-07,695928,16380,66360,-55688
"4311",2017-06-08,729793,17178,176309,-230
"4312",2017-06-09,717940,16899,85298,-122805
"4313",2017-06-12,711167,16739,28788,-53543
"4314",2017-06-13,699314,16460,-9553,-9385
"4315",2017-06-14,721326,16978,29873,25686
"4316",2017-06-15,711167,16739,9646,-48517
"4317",2017-06-16,717940,16899,-22880,36402
"4318",2017-06-19,726406,17098,13708,17475
"4319",2017-06-20,714553,16819,2991,-41626
"4320",2017-06-21,721326,16978,7775,9620
"4321",2017-06-22,714553,16819,65274,-57192
"4322",2017-06-23,719633,16938,5554,-6812
"4323",2017-06-26,701007,16500,-1621,-27485
"4324",2017-06-27,697621,16420,3018,21416
"4325",2017-06-28,716247,16859,30074,61185
"4326",2017-06-29,726406,17098,37856,1742
"4327",2017-06-30,731486,17217,8694,25525
"4328",2017-07-03,734872,17297,15091,-545
"4329",2017-07-04,714553,16819,-8894,4236
"4330",2017-07-05,717940,16899,10498,45397
"4331",2017-07-06,723020,17018,-75571,89900
"4332",2017-07-07,712860,16779,-2885,-8206
"4333",2017-07-10,689155,16221,-81938,59397
"4334",2017-07-11,699314,16460,-15749,47036
"4335",2017-07-12,701007,16500,-59107,64327
"4336",2017-07-13,687461,16181,-63510,73394
"4337",2017-07-14,695928,16380,-20327,53494
"4338",2017-07-17,701007,16500,2530,33950
"4339",2017-07-18,716247,16859,190,22032
"4340",2017-07-19,729793,17178,11756,14712
"4341",2017-07-20,714553,16819,-6709,-1607
"4342",2017-07-21,701007,16500,-29378,1318
"4343",2017-07-24,699314,16460,-56059,24169
"4344",2017-07-25,701007,16500,14759,2469
"4345",2017-07-26,717940,16899,3659,25792
"4346",2017-07-27,723020,17018,30383,-8412
"4347",2017-07-28,728099,17138,51898,12803
"4348",2017-07-31,753498,17736,79152,837
"4349",2017-08-01,770431,18134,54187,17255
"4350",2017-08-02,748418,17616,9339,-69530
"4351",2017-08-03,728099,17138,-5549,18703
"4352",2017-08-04,753498,17736,29650,27875
"4353",2017-08-07,755192,17775,2500,7722
"4354",2017-08-08,745032,17536,384,16943
"4355",2017-08-09,746725,17576,22028,26790
"4356",2017-08-10,761965,17935,-713,49677
"4357",2017-08-11,753498,17736,20488,2005
"4358",2017-08-14,756885,17815,25978,10950
"4359",2017-08-16,719633,16938,245631,-91261
"4360",2017-08-17,707780,16659,31545,-45478
"4361",2017-08-18,689155,16221,-3106,-53422
"4362",2017-08-21,682382,16062,28719,-12955
"4363",2017-08-22,682382,16062,13770,-7047
"4364",2017-08-23,697621,16420,32018,-4910
"4365",2017-08-24,690848,16261,-7412,-15820
"4366",2017-08-25,697621,16420,34483,-21024
"4367",2017-08-28,684075,16101,-19484,-8176
"4368",2017-08-29,673915,15862,-26602,-16207
"4369",2017-08-30,670529,15783,-45456,70441
"4370",2017-08-31,662063,15583,-5921,3468
"4371",2017-09-01,653596,15384,-4124,7691
"4372",2017-09-04,643437,15145,3258,18635
"4373",2017-09-05,633277,14906,-22032,4141
"4374",2017-09-06,631584,14866,-13489,14424
"4375",2017-09-07,623118,14667,-63349,21572
"4376",2017-09-08,626504,14746,-15214,29366
"4377",2017-09-11,606185,14268,-59294,-660
"4378",2017-09-12,619731,14587,-32167,25997
"4379",2017-09-13,618038,14547,-6645,7032
"4380",2017-09-14,623118,14667,-13986,-3829
"4381",2017-09-15,612958,14428,-2482,-26284
"4382",2017-09-18,612958,14428,-23578,8426
"4383",2017-09-19,628197,14786,-34097,32982
"4384",2017-09-20,618038,14547,7178,-32488
"4385",2017-09-21,624811,14707,-10113,-1390
"4386",2017-09-22,602799,14188,-12788,-4595
"4387",2017-09-25,592639,13949,-28531,32878
"4388",2017-09-26,623118,14667,43400,-755
"4389",2017-09-27,623118,14667,46470,-44247
"4390",2017-09-28,624811,14707,-11947,34038
"4391",2017-09-29,629891,14826,6320,-2679
"4392",2017-10-10,636664,14986,-16935,48236
"4393",2017-10-11,645130,15185,7668,16919
"4394",2017-10-12,645130,15185,27573,-17426
"4395",2017-10-13,636664,14986,-14972,14445
"4396",2017-10-16,651903,15344,20000,-12741
"4397",2017-10-17,646823,15225,74796,-52468
"4398",2017-10-18,655289,15424,31890,1905
"4399",2017-10-19,665449,15663,40388,180
"4400",2017-10-20,662063,15583,40591,-12494
"4401",2017-10-23,668836,15743,7702,8508
"4402",2017-10-24,717940,16899,151787,12789
"4403",2017-10-25,694234,16341,22184,-46506
"4404",2017-10-26,733179,17257,106496,-50662
"4405",2017-10-27,751805,17696,158590,-38848
"4406",2017-10-30,758578,17855,55311,-26110
"4407",2017-10-31,777204,18293,90129,14432
"4408",2017-11-01,770431,18134,38901,-21885
"4409",2017-11-02,761965,17935,48867,60251
"4410",2017-11-03,761965,17935,89211,93412
"4411",2017-11-06,761965,17935,114979,148602
"4412",2017-11-07,746725,17576,195872,293018
"4413",2017-11-08,773817,18214,169544,75802
"4414",2017-11-09,778897,18333,84360,-41371
"4415",2017-11-10,758578,17855,189947,-174937
"4416",2017-11-13,778897,18333,133086,-20700
"4417",2017-11-14,777204,18293,76475,-73177
"4418",2017-11-15,778897,18333,163329,-62824
"4419",2017-11-16,728099,17138,105685,-154492
"4420",2017-11-17,729793,17178,119676,-85574
"4421",2017-11-20,706087,16620,15600,-65753
"4422",2017-11-21,704394,16580,32666,-25668
"4423",2017-11-22,707780,16659,58914,-54817
"4424",2017-11-23,714553,16819,98498,-64284
"4425",2017-11-24,736566,17337,88267,-63178
"4426",2017-11-27,748418,17616,111603,-86659
"4427",2017-11-28,733179,17257,75681,-70964
"4428",2017-11-29,728099,17138,73569,-84958
"4429",2017-11-30,748418,17616,36350,-37001
"4430",2017-12-01,756885,17815,170679,-116903
"4431",2017-12-04,777204,18293,115085,-69550
"4432",2017-12-05,775511,18254,154541,-111744
"4433",2017-12-06,792443,18652,157181,-20276
"4434",2017-12-07,773817,18214,80840,-71556
"4435",2017-12-08,756885,17815,39921,-28872
"4436",2017-12-11,765351,18014,93226,-65765
"4437",2017-12-12,790750,18612,49138,-59564
"4438",2017-12-13,760271,17895,23789,875
"4439",2017-12-14,726406,17098,-122222,32574
"4440",2017-12-15,760271,17895,25215,12306
"4441",2017-12-18,780590,18373,107677,126846
"4442",2017-12-19,773817,18214,81372,-86961
"4443",2017-12-20,824615,19409,165771,230139
"4444",2017-12-21,804296,18931,57343,-179365
"4445",2017-12-22,833081,19609,208836,-3747
"4446",2017-12-26,833081,19609,80813,-6061
"4447",2017-12-27,841547,19808,90439,-23329
"4448",2017-12-28,829695,19529,-4501,15244
"4449",2018-01-02,844934,19888,20559,5765
"4450",2018-01-03,812762,19130,-2141,2389
"4451",2018-01-04,787363,18533,83699,-85976
"4452",2018-01-05,765351,18014,-4044,-52341
"4453",2018-01-08,809376,19051,-56639,74156
"4454",2018-01-09,807682,19011,-2828,-9949
"4455",2018-01-10,800909,18851,-11578,23437
"4456",2018-01-11,787363,18533,-36528,37339
"4457",2018-01-12,790750,18612,-28119,81757
"4458",2018-01-15,782284,18413,1740,-23919
"4459",2018-01-16,787363,18533,-4560,7386
"4460",2018-01-17,828001,19489,167587,-97201
"4461",2018-01-18,797523,18772,31214,-79650
"4462",2018-01-19,792443,18652,-41564,44589
"4463",2018-01-22,807682,19011,47341,-61081
"4464",2018-01-23,916051,21562,203829,24223
"4465",2018-01-24,992247,23355,454317,-25120
"4466",2018-01-25,983781,23156,127259,-37268
"4467",2018-01-26,954996,22478,103201,-121445
"4468",2018-01-29,919437,21641,-114488,-33654
"4469",2018-01-30,910971,21442,40631,-52144
"4470",2018-01-31,916051,21562,66241,-88943
"4471",2018-02-01,929597,21880,98611,-63604
"4472",2018-02-02,938063,22080,134931,-29265
"4473",2018-02-05,917744,21601,54942,-9205
"4474",2018-02-06,912664,21482,-30471,44120
"4475",2018-02-07,855094,20127,-112129,88119
"4476",2018-02-08,897425,21123,42825,-10197
"4477",2018-02-09,951609,22399,235533,-73347
"4478",2018-02-12,900811,21203,2015,-50810
"4479",2018-02-13,851707,20047,-98583,20045
"4480",2018-02-14,846627,19928,-73352,46284
"4481",2018-02-19,863560,20326,-27118,28535
"4482",2018-02-20,848321,19967,-40998,27193
"4483",2018-02-21,829695,19529,-72488,39524
"4484",2018-02-22,833081,19609,59025,-56883
"4485",2018-02-23,834774,19649,8282,-20422
"4486",2018-02-26,817842,19250,-77505,44649
"4487",2018-02-27,822922,19370,165,-993
"4488",2018-02-28,812762,19130,-58858,60839
"4489",2018-03-02,787363,18533,-110656,56018
"4490",2018-03-05,760271,17895,-22939,21348
"4491",2018-03-06,760271,17895,-87856,56952
"4492",2018-03-07,748418,17616,-146372,64927
"4493",2018-03-08,736566,17337,-58722,45253
"4494",2018-03-09,767044,18054,-16933,6892
"4495",2018-03-12,770431,18134,750,-26398
"4496",2018-03-13,765351,18014,17315,-39140
"4497",2018-03-14,753498,17736,-23963,2120
"4498",2018-03-15,745032,17536,-103020,61187
"4499",2018-03-16,760271,17895,85869,-57230
"4500",2018-03-19,748418,17616,-51635,25314
"4501",2018-03-20,756885,17815,9407,4775
"4502",2018-03-21,731486,17217,-49223,-2338
"4503",2018-03-22,756885,17815,6368,32975
"4504",2018-03-23,726406,17098,-6904,2126
"4505",2018-03-26,717940,16899,-34960,28466
"4506",2018-03-27,726406,17098,-20327,14574
"4507",2018-03-28,724713,17058,-15895,18542
"4508",2018-03-29,706087,16620,-12222,-31044
"4509",2018-03-30,702701,16540,-37462,16750
"4510",2018-04-02,690848,16261,-36210,7616
"4511",2018-04-03,704394,16580,75106,-43692
"4512",2018-04-04,704394,16580,-12127,-28460
"4513",2018-04-05,717940,16899,27764,-27149
"4514",2018-04-06,760271,17895,173812,-96043
"4515",2018-04-09,795830,18732,143094,-124675
"4516",2018-04-10,790750,18612,41595,-38852
"4517",2018-04-11,814455,19170,68656,-22170
"4518",2018-04-12,761965,17935,-83293,16653
"4519",2018-04-13,753498,17736,-147378,76088
"4520",2018-04-16,741645,17457,-74669,6088
"4521",2018-04-17,739952,17417,-15900,5270
"4522",2018-04-18,753498,17736,39433,-10465
"4523",2018-04-19,748418,17616,34739,-36233
"4524",2018-04-20,768738,18094,78448,-35223
"4525",2018-04-23,758578,17855,-22293,8860
"4526",2018-04-24,723020,17018,-69689,31502
"4527",2018-04-25,721326,16978,-2366,12659
"4528",2018-04-26,709474,16699,-24242,-16174
"4529",2018-04-27,726406,17098,10207,22215
"4530",2018-04-30,751805,17696,48659,2776
"4531",2018-05-02,758578,17855,-23563,54832
"4532",2018-05-03,760271,17895,21864,11950
"4533",2018-05-04,745032,17536,34805,-37905
"4534",2018-05-08,716247,16859,-16560,-30338
"4535",2018-05-09,724713,17058,13306,-11772
"4536",2018-05-10,724713,17058,-9797,-8348
"4537",2018-05-11,726406,17098,-5104,13424
"4538",2018-05-14,741645,17457,3574,38826
"4539",2018-05-15,743339,17496,42870,-22355
"4540",2018-05-16,733179,17257,10958,-991
"4541",2018-05-17,719633,16938,-17931,7464
"4542",2018-05-18,724713,17058,-6970,12123
"4543",2018-05-21,695928,16380,-9991,-54108
"4544",2018-05-23,695928,16380,66091,-68993
"4545",2018-05-24,663756,15623,-37786,-41023
"4546",2018-05-25,655289,15424,16734,-13270
"4547",2018-05-28,665449,15663,8548,-1387
"4548",2018-05-29,650210,15304,1512,-13629
"4549",2018-05-30,634970,14946,-1383,-15285
"4550",2018-05-31,631584,14866,12144,-14338
"4551",2018-06-01,638357,15025,8876,-21250
"4552",2018-06-04,646823,15225,83521,-99483
"4553",2018-06-05,646823,15225,51140,-62438
"4554",2018-06-07,631584,14866,5791,-53993
"4555",2018-06-08,656983,15464,16183,16946
"4556",2018-06-11,668836,15743,47172,-15917
"4557",2018-06-12,655289,15424,16806,-32924
"4558",2018-06-14,623118,14667,-70846,27070
"4559",2018-06-15,668836,15743,72254,8306
"4560",2018-06-18,660369,15543,24130,-36316
"4561",2018-06-19,641743,15105,9364,-30873
"4562",2018-06-20,653596,15384,24746,-23718
"4563",2018-06-21,658676,15504,29484,-44863
"4564",2018-06-22,619731,14587,-20707,-72549
"4565",2018-06-25,629891,14826,-27722,-4652
"4566",2018-06-26,623118,14667,10128,-15294
"4567",2018-06-27,607878,14308,-4193,-33572
"4568",2018-06-28,611265,14388,3959,-4624
"4569",2018-06-29,614651,14467,5297,-1422
"4570",2018-07-02,607878,14308,10221,-17451
"4571",2018-07-03,592639,13949,-32714,16525
"4572",2018-07-04,614651,14467,-30803,25368
"4573",2018-07-05,612958,14428,2063,2743
"4574",2018-07-06,634970,14946,24112,-1110
"4575",2018-07-09,623118,14667,-8539,-1853
"4576",2018-07-10,629891,14826,10467,-11054
"4577",2018-07-11,626504,14746,-14039,-155
"4578",2018-07-12,626504,14746,3530,-11870
"4579",2018-07-13,624811,14707,-21053,2175
"4580",2018-07-16,628197,14786,-1846,-2361
"4581",2018-07-17,629891,14826,-5929,4390
"4582",2018-07-18,633277,14906,1118,-1615
"4583",2018-07-19,629891,14826,13705,-5200
"4584",2018-07-20,634970,14946,6085,-2088
"4585",2018-07-23,665449,15663,43166,169
"4586",2018-07-24,646823,15225,-2201,-22856
"4587",2018-07-25,648516,15264,-214,3535
"4588",2018-07-26,660369,15543,8967,5371
"4589",2018-07-27,663756,15623,1880,-5051
"4590",2018-07-30,660369,15543,-4177,1099
"4591",2018-07-31,692541,16301,16695,48751
"4592",2018-08-01,673915,15862,-28323,12456
"4593",2018-08-02,651903,15344,-9723,-5124
"4594",2018-08-03,662063,15583,-52205,57334
"4595",2018-08-06,677302,15942,-5277,14840
"4596",2018-08-07,692541,16301,-18472,25175
"4597",2018-08-08,675609,15902,-8127,-8694
"4598",2018-08-09,685768,16141,7552,-2885
"4599",2018-08-10,680688,16022,-16015,4521
"4600",2018-08-13,685768,16141,8621,2658
"4601",2018-08-14,684075,16101,-13431,558
"4602",2018-08-16,690848,16261,-6330,11405
"4603",2018-08-17,697621,16420,3473,13865
"4604",2018-08-20,702701,16540,-111,2297
"4605",2018-08-21,701007,16500,-15824,21323
"4606",2018-08-22,699314,16460,-28654,85847
"4607",2018-08-23,689155,16221,-35381,-7778
"4608",2018-08-24,709474,16699,15104,14668
"4609",2018-08-27,731486,17217,17323,-6680
"4610",2018-08-28,728099,17138,-12270,13159
"4611",2018-08-29,704394,16580,-40503,4164
"4612",2018-08-30,697621,16420,-16284,-3360
"4613",2018-08-31,680688,16022,-28692,944
"4614",2018-09-03,695928,16380,446,4640
"4615",2018-09-04,673915,15862,-44656,-33937
"4616",2018-09-05,685768,16141,8900,22249
"4617",2018-09-06,677302,15942,-18870,12937
"4618",2018-09-07,699314,16460,19335,5035
"4619",2018-09-10,697621,16420,15366,-5838
"4620",2018-09-11,685768,16141,-3963,-112
"4621",2018-09-12,685768,16141,1511,-13327
"4622",2018-09-13,670529,15783,-23158,-2899
"4623",2018-09-14,685768,16141,6756,12800
"4624",2018-09-17,675609,15902,-14651,1293
"4625",2018-09-18,680688,16022,-4374,-1420
"4626",2018-09-19,707780,16659,37527,2076
"4627",2018-09-20,707780,16659,11262,-20649
"4628",2018-09-21,717940,16899,236,11452
"4629",2018-09-27,706087,16620,12040,-17138
"4630",2018-09-28,712860,16779,21529,-14661
"4631",2018-10-01,694234,16341,2598,-22021
"4632",2018-10-02,680688,16022,1905,-15697
"4633",2018-10-04,675609,15902,7073,-17278
"4634",2018-10-05,660369,15543,-39986,-65561
"4635",2018-10-08,670529,15783,14217,-7395
"4636",2018-10-10,650210,15304,-16640,-4625
"4637",2018-10-11,626504,14746,-14194,-5165
"4638",2018-10-12,612958,14428,-14654,-48174
"4639",2018-10-15,601105,14149,-18946,-2935
"4640",2018-10-16,601105,14149,-186,-17124
"4641",2018-10-17,609572,14348,1017,-11970
"4642",2018-10-18,582480,13710,8425,-71354
"4643",2018-10-19,601105,14149,-2721,11526
"4644",2018-10-22,601105,14149,5888,-16507
"4645",2018-10-23,584173,13750,15698,-75092
"4646",2018-10-24,585866,13790,10841,-15014
"4647",2018-10-25,543535,12793,-65317,25182
"4648",2018-10-26,536762,12634,-38023,23763
"4649",2018-10-29,531682,12514,11023,-469
"4650",2018-10-30,509670,11996,-2752,-31999
"4651",2018-10-31,487657,11478,-85435,21528
"4652",2018-11-01,479191,11279,-107377,43561
"4653",2018-11-02,492737,11598,-68272,49126
"4654",2018-11-05,477498,11239,-65207,12463
"4655",2018-11-06,492737,11598,-58654,27185
"4656",2018-11-07,441939,10402,-333737,82659
"4657",2018-11-08,458872,10801,-219035,192182
"4658",2018-11-09,465645,10960,-58236,68905
"4659",2018-11-12,480884,11319,-973,6541
"4660",2018-11-13,497817,11717,18024,-32235
"4661",2018-11-14,511363,12036,3269,5285
"4662",2018-11-15,555387,13072,28526,44706
"4663",2018-11-16,552001,12993,27558,-41052
"4664",2018-11-19,548614,12913,-27645,-5091
"4665",2018-11-20,565547,13312,77496,-18936
"4666",2018-11-21,548614,12913,1748,-39481
"4667",2018-11-22,524909,12355,-26998,-55
"4668",2018-11-23,523216,12315,-5043,-6916
"4669",2018-11-26,536762,12634,-3365,1380
"4670",2018-11-27,543535,12793,30470,-25020
"4671",2018-11-28,538455,12674,3201,-21069
"4672",2018-11-29,545228,12833,20602,-8143
"4673",2018-11-30,550308,12953,14800,-18399
"4674",2018-12-03,552001,12993,17398,-21105
"4675",2018-12-04,540148,12714,-13032,-24766
"4676",2018-12-05,558774,13152,59126,-7266
"4677",2018-12-06,582480,13710,63327,-22872
"4678",2018-12-07,582480,13710,34499,-51072
"4679",2018-12-10,580786,13670,4196,-51094
"4680",2018-12-11,584173,13750,8946,-29791
"4681",2018-12-12,633277,14906,95606,3337
"4682",2018-12-13,626504,14746,53581,-87260
"4683",2018-12-14,631584,14866,31192,-46755
"4684",2018-12-17,662063,15583,47505,-59030
"4685",2018-12-18,653596,15384,4319,-90182
"4686",2018-12-19,670529,15783,124894,-42797
"4687",2018-12-20,690848,16261,46645,3160
"4688",2018-12-21,678995,15982,-20492,28511
"4689",2018-12-24,678995,15982,9117,15483
"4690",2018-12-26,662063,15583,20846,4200
"4691",2018-12-27,677302,15942,33311,-1342
"4692",2018-12-28,675609,15902,-416,-3243
"4693",2019-01-02,684075,16101,9145,33882
"4694",2019-01-03,678995,15982,10378,8425
"4695",2019-01-04,685768,16141,10457,58367
"4696",2019-01-07,704394,16580,56550,-15656
"4697",2019-01-08,685768,16141,1067,-35283
"4698",2019-01-09,694234,16341,2188,8964
"4699",2019-01-10,697621,16420,48858,-12363
"4700",2019-01-11,702701,16540,1545,23243
"4701",2019-01-14,695928,16380,43136,-41075
"4702",2019-01-15,707780,16659,59411,-8775
"4703",2019-01-16,709474,16699,7273,-10029
"4704",2019-01-17,712860,16779,47469,-11048
"4705",2019-01-18,716247,16859,-5255,12051
"4706",2019-01-21,714553,16819,23404,-18447
"4707",2019-01-22,685768,16141,-24829,2082
"4708",2019-01-23,687461,16181,-7323,41029
"4709",2019-01-24,673915,15862,-49981,55955
"4710",2019-01-25,687461,16181,904,46366
"4711",2019-01-28,685768,16141,-47600,56723
"4712",2019-01-29,678995,15982,-47037,40515
"4713",2019-01-30,682382,16062,-10788,32020
"4714",2019-01-31,684075,16101,50485,-27199
"4715",2019-02-01,673915,15862,-2731,-35277
"4716",2019-02-07,670529,15783,15308,-5843
"4717",2019-02-08,673915,15862,45597,-4911
"4718",2019-02-11,675609,15902,366,-10831
"4719",2019-02-12,653596,15384,-85149,24361
"4720",2019-02-13,665449,15663,-30449,31748
"4721",2019-02-14,677302,15942,65829,-3596
"4722",2019-02-15,670529,15783,26590,-20340
"4723",2019-02-18,677302,15942,40015,-16141
"4724",2019-02-19,673915,15862,6282,-22295
"4725",2019-02-20,675609,15902,259,4147
"4726",2019-02-21,665449,15663,-257,-27824
"4727",2019-02-22,668836,15743,9470,6308
"4728",2019-02-25,672222,15822,-14012,13835
"4729",2019-02-26,665449,15663,-33205,13935
"4730",2019-02-27,736566,17337,72635,145624
"4731",2019-02-28,714553,16819,-21702,6350
"4732",2019-03-04,738259,17377,2933,36872
"4733",2019-03-05,729793,17178,-12344,5145
"4734",2019-03-06,731486,17217,-59698,73192
"4735",2019-03-07,716247,16859,-51993,24248
"4736",2019-03-08,701007,16500,8558,-19419
"4737",2019-03-11,719633,16938,5962,19249
"4738",2019-03-12,739952,17417,20539,28584
"4739",2019-03-13,782284,18413,142987,77488
"4740",2019-03-14,792443,18652,130919,-23976
"4741",2019-03-15,782284,18413,10676,3276
"4742",2019-03-18,777204,18293,-2526,8172
"4743",2019-03-19,758578,17855,-53558,21159
"4744",2019-03-20,756885,17815,1850,-5399
"4745",2019-03-21,739952,17417,-22010,-7388
"4746",2019-03-22,748418,17616,-14571,20322
"4747",2019-03-25,736566,17337,18273,-30775
"4748",2019-03-26,734872,17297,18820,-22322
"4749",2019-03-27,765351,18014,116412,-80470
"4750",2019-03-28,745032,17536,37606,-64279
"4751",2019-03-29,745032,17536,64432,-82485
"4752",2019-04-01,765351,18014,70269,-29843
"4753",2019-04-02,765351,18014,72451,-62490
"4754",2019-04-03,780590,18373,100866,-58614
"4755",2019-04-04,767044,18054,117825,-137542
"4756",2019-04-05,760271,17895,3344,-12676
"4757",2019-04-08,770431,18134,4924,-1075
"4758",2019-04-09,772124,18174,9393,9615
"4759",2019-04-10,804296,18931,174161,-13340
"4760",2019-04-11,814455,19170,116836,-33033
"4761",2019-04-12,814455,19170,40476,-15582
"4762",2019-04-15,804296,18931,15979,-25586
"4763",2019-04-16,1168929,19330,30329,-44363
"4764",2019-04-17,1164109,19250,-62199,21378
"4765",2019-04-18,1250875,20685,192922,69186
"4766",2019-04-19,1207492,19967,-11887,-45429
"4767",2019-04-22,1159289,19170,-45542,13718
"4768",2019-04-23,1176160,19449,17053,-6815
"4769",2019-04-24,1183390,19569,33299,-33215
"4770",2019-04-25,1154468,19091,7124,-32148
"4771",2019-04-26,1140008,18851,-17450,2764
"4772",2019-04-29,1164109,19250,121130,-112667
"4773",2019-04-30,1171340,19370,42230,-44551
"4774",2019-05-02,1197851,19808,93684,-35262
"4775",2019-05-03,1164109,19250,11958,-43570
"4776",2019-05-07,1164109,19250,65927,-59537
"4777",2019-05-08,1152058,19051,4539,-8523
"4778",2019-05-09,1103855,18254,-62953,41884
"4779",2019-05-10,1091804,18054,-60734,31464
"4780",2019-05-13,1055652,17457,-82159,70202
"4781",2019-05-14,1094214,18094,96182,-62326
"4782",2019-05-15,1094214,18094,64014,-67495
"4783",2019-05-16,1099035,18174,199947,-202405
"4784",2019-05-17,1067703,17656,83136,-108192
"4785",2019-05-20,1106265,18293,98871,-52917
"4786",2019-05-21,1091804,18054,80240,-89353
"4787",2019-05-22,1067703,17656,25599,-33083
"4788",2019-05-23,1072523,17736,41092,-42132
"4789",2019-05-24,1077343,17815,49014,-41037
"4790",2019-05-27,1180980,19529,162570,-77006
"4791",2019-05-28,1176160,19449,54634,-41578
"4792",2019-05-29,1123136,18572,129441,-165726
"4793",2019-05-30,1099035,18174,51000,-91296
"4794",2019-05-31,1074933,17775,37223,-68744
"4795",2019-06-03,1091804,18054,48505,-24530
"4796",2019-06-04,1074933,17775,64538,-88498
"4797",2019-06-05,1074933,17775,97651,-95664
"4798",2019-06-07,1070113,17696,113530,-119340
"4799",2019-06-10,1144828,18931,206596,-122606
"4800",2019-06-11,1130367,18692,87854,-121166
"4801",2019-06-12,1132777,18732,77702,-76429
"4802",2019-06-13,1149648,19011,75365,-80251
"4803",2019-06-14,1135187,18772,-21289,17141
"4804",2019-06-17,1137597,18812,62044,579
"4805",2019-06-18,1173750,19409,-39640,89206
"4806",2019-06-19,1173750,19409,9490,-52365
"4807",2019-06-20,1180980,19529,31846,-26221
"4808",2019-06-21,1152058,19051,-1320,-31321
"4809",2019-06-24,1173750,19409,78342,-39620
"4810",2019-06-25,1156879,19130,7941,-3290
"4811",2019-06-26,1147238,18971,-29922,20752
"4812",2019-06-27,1149648,19011,19040,-7764
"4813",2019-06-28,1142418,18891,-1470,-2982
"4814",2019-07-01,1144828,18931,-18992,8810
"4815",2019-07-02,1125547,18612,-7319,-18020
"4816",2019-07-03,1132777,18732,30744,-18178
"4817",2019-07-04,1130367,18692,-3992,-13298
"4818",2019-07-05,1123136,18572,-12589,1550
"4819",2019-07-08,1089394,18014,-63495,28047
"4820",2019-07-09,1086984,17975,-1351,241
"4821",2019-07-10,1084574,17935,-30867,12751
"4822",2019-07-11,1060472,17536,-69789,11769
"4823",2019-07-12,1060472,17536,-21237,918
"4824",2019-07-15,1036370,17138,-35040,14013
"4825",2019-07-16,1009859,16699,-101291,80796
"4826",2019-07-17,1005038,16620,-49383,54467
"4827",2019-07-18,1012269,16739,12754,-11098
"4828",2019-07-19,1033960,17098,12574,-18376
"4829",2019-07-22,1021909,16899,-20849,-2431
"4830",2019-07-23,1021909,16899,-28395,4964
"4831",2019-07-24,1065292,17616,53708,5412
"4832",2019-07-25,1058062,17496,-2399,-11288
"4833",2019-07-26,1111086,18373,130097,-43482
"4834",2019-07-29,1084574,17935,40218,-54211
"4835",2019-07-30,1101445,18214,57223,-36993
"4836",2019-07-31,1065292,17616,-9808,-10458
"4837",2019-08-01,1046011,17297,-21452,13623
"4838",2019-08-02,1060472,17536,39572,-42793
"4839",2019-08-05,1050831,17377,17840,-7997
"4840",2019-08-06,1026730,16978,38558,-49332
"4841",2019-08-07,1046011,17297,18595,-3433
"4842",2019-08-08,1077343,17815,41223,-34293
"4843",2019-08-09,1142418,18891,96207,68478
"4844",2019-08-12,1130367,18692,-18543,-2602
"4845",2019-08-13,1118316,18493,17363,-27534
"4846",2019-08-14,1086984,17975,-47912,-9113
"4847",2019-08-16,1127957,18652,47674,-41468
"4848",2019-08-19,1096625,18134,-22616,-30043
"4849",2019-08-20,1065292,17616,-46393,-32869
"4850",2019-08-21,1062882,17576,13969,-50654
"4851",2019-08-22,1041191,17217,-80642,-28094
"4852",2019-08-23,1041191,17217,-21302,-7289
"4853",2019-08-26,1026730,16978,9208,-7774
"4854",2019-08-27,1026730,16978,18385,-31556
"4855",2019-08-28,1048421,17337,37498,-37330
"4856",2019-08-29,1050831,17377,-13370,19285
"4857",2019-08-30,1036370,17138,-33875,-21029
"4858",2019-09-02,1048421,17337,20097,2586
"4859",2019-09-03,1043601,17257,7713,-22342
"4860",2019-09-04,1065292,17616,60131,-33936
"4861",2019-09-05,1046011,17297,-9989,-30176
"4862",2019-09-06,1043601,17257,-15524,-6306
"4863",2019-09-09,1024320,16938,-12621,-17959
"4864",2019-09-10,1055652,17457,6970,13393
"4865",2019-09-11,1074933,17775,87966,-37481
"4866",2019-09-16,1067703,17656,3977,-6676
"4867",2019-09-17,1062882,17576,6945,-8156
"4868",2019-09-18,1055652,17457,-2439,2916
"4869",2019-09-19,1086984,17975,26060,2684
"4870",2019-09-20,1096625,18134,2714,26272
"4871",2019-09-23,1120726,18533,46385,7476
"4872",2019-09-24,1132777,18732,40328,25940
"4873",2019-09-25,1111086,18373,-27800,37580
"4874",2019-09-26,1101445,18214,-14973,17948
"4875",2019-09-27,1115906,18453,30662,8166
"4876",2019-09-30,1156879,19130,46950,22869
"4877",2019-10-01,1125547,18612,-56515,3091
"4878",2019-10-02,1086984,17975,-50377,9832
"4879",2019-10-04,1058062,17496,-24207,-13012
"4880",2019-10-07,1072523,17736,-10917,8968
"4881",2019-10-08,1084574,17935,-14221,-13679
"4882",2019-10-10,1043601,17257,-56463,-15056
"4883",2019-10-11,1050831,17377,6735,-9515
"4884",2019-10-14,1067703,17656,3469,2034
"4885",2019-10-15,1074933,17775,-10159,8507
"4886",2019-10-16,1072523,17736,419,-2145
"4887",2019-10-17,1060472,17536,-3803,2806
"4888",2019-10-18,1067703,17656,52017,-51973
"4889",2019-10-21,1077343,17815,28324,-10027
"4890",2019-10-22,1062882,17576,-14982,-327
"4891",2019-10-23,1053242,17417,-1842,-7127
"4892",2019-10-24,1060472,17536,-16679,34753
"4893",2019-10-25,1055652,17457,-1359,-5155
"4894",2019-10-28,1067703,17656,5936,5025
"4895",2019-10-29,1070113,17696,-1636,3055
"4896",2019-10-30,1024320,16938,-92967,19682
"4897",2019-10-31,1009859,16699,-59712,-7861
"4898",2019-11-01,992988,16420,-61687,27932
"4899",2019-11-04,985757,16301,-105269,57360
"4900",2019-11-05,988167,16341,-47765,21696
"4901",2019-11-06,1009859,16699,8837,10395
"4902",2019-11-07,1014679,16779,-4898,1715
"4903",2019-11-08,1002628,16580,-21296,-5821
"4904",2019-11-11,997808,16500,-28265,28650
"4905",2019-11-12,1017089,16819,-5135,25538
"4906",2019-11-13,1026730,16978,-5507,20907
"4907",2019-11-14,1007448,16659,12387,-18366
"4908",2019-11-15,978527,16181,-98800,28015
"4909",2019-11-18,891761,14746,-254102,-133228
"4910",2019-11-19,870069,14388,-113534,3681
"4911",2019-11-20,865249,14308,-49364,7011
"4912",2019-11-21,850788,14069,-8949,-6794
"4913",2019-11-22,862839,14268,25731,-27797
"4914",2019-11-25,884530,14627,70813,-79667
"4915",2019-11-26,903811,14946,80952,-39416
"4916",2019-11-27,935144,15464,149128,-45341
"4917",2019-11-28,918272,15185,1608,-30419
"4918",2019-11-29,903811,14946,-25764,23815
"4919",2019-12-02,884530,14627,-29671,6423
"4920",2019-12-03,860428,14228,-54705,-12532
"4921",2019-12-04,882120,14587,7895,-16597
"4922",2019-12-05,886940,14667,16070,-9132
"4923",2019-12-06,886940,14667,126,-5127
"4924",2019-12-09,867659,14348,-44399,6719
"4925",2019-12-10,865249,14308,-38545,16927
"4926",2019-12-11,850788,14069,-33024,-86634
"4927",2019-12-12,855608,14149,-2637,-42992
"4928",2019-12-13,858018,14188,-7858,-18643
"4929",2019-12-16,848378,14029,-7826,-66912
"4930",2019-12-17,855608,14149,4116,9415
"4931",2019-12-18,855608,14149,-4916,-13879
"4932",2019-12-19,860428,14228,21597,-31511
"4933",2019-12-20,860428,14228,-7525,-13900
"4934",2019-12-23,850788,14069,-42704,2917
"4935",2019-12-24,848378,14029,-20433,7488
"4936",2019-12-26,865249,14308,21371,2662
"4937",2019-12-27,882120,14587,55138,18628
"4938",2019-12-30,874889,14467,6979,-29797
"4939",2020-01-02,865249,14308,-5938,-22898
"4940",2020-01-03,855608,14149,-29754,-20115
"4941",2020-01-06,836327,13830,-23115,-11589
"4942",2020-01-07,833917,13790,-15062,-3165
"4943",2020-01-08,792944,13112,-54136,6115
"4944",2020-01-09,812225,13431,-53562,8454
"4945",2020-01-10,824276,13630,-17148,17452
"4946",2020-01-13,838737,13870,-24645,7411
"4947",2020-01-14,862839,14268,43862,35123
"4948",2020-01-15,867659,14348,26009,-26776
"4949",2020-01-16,867659,14348,-142,12827
"4950",2020-01-17,853198,14109,-34475,-2893
"4951",2020-01-20,850788,14069,-28943,427
"4952",2020-01-21,858018,14188,-10893,17818
"4953",2020-01-22,872479,14428,-11533,-35468
"4954",2020-01-23,923093,15264,54276,-82984
"4955",2020-01-28,877300,14507,32122,-106402
"4956",2020-01-29,858018,14188,-17835,-26050
"4957",2020-01-30,829096,13710,-74433,15145
"4958",2020-01-31,807405,13351,-47172,-7057
"4959",2020-02-03,797764,13192,-6211,-35468
"4960",2020-02-04,804995,13312,-28073,-26694
"4961",2020-02-05,812225,13431,-42399,23010
"4962",2020-02-06,841147,13909,-952,33098
"4963",2020-02-07,824276,13630,-16087,-18344
"4964",2020-02-10,833917,13790,15467,-9960
"4965",2020-02-11,848378,14029,6517,19828
"4966",2020-02-12,853198,14109,-15467,8311
"4967",2020-02-13,824276,13630,-82611,8136
"4968",2020-02-14,824276,13630,-33470,8259
"4969",2020-02-17,824276,13630,-63090,25330
"4970",2020-02-18,807405,13351,-65906,-49334
"4971",2020-02-19,802585,13272,-14806,-15045
"4972",2020-02-20,783303,12953,-59320,21178
"4973",2020-02-21,764022,12634,-87794,-8110
"4974",2020-02-24,727869,12036,-75041,50118
"4975",2020-02-25,737510,12196,-19797,4723
"4976",2020-02-26,732690,12116,-32294,-2243
"4977",2020-02-27,735100,12156,-15027,8152
"4978",2020-02-28,723049,11957,32375,-41989
"4979",2020-03-02,718229,11877,-13345,-17854
"4980",2020-03-03,710998,11757,-42002,-13886
"4981",2020-03-04,720639,11917,-45815,-2873
"4982",2020-03-05,718229,11877,-73841,-39737
"4983",2020-03-06,686897,11359,-52226,-87953
"4984",2020-03-09,665205,11000,-3268,-23124
"4985",2020-03-10,650744,10761,-22426,-20192
"4986",2020-03-11,643514,10641,-36649,-37440
"4987",2020-03-12,609771,10083,4188,-12109
"4988",2020-03-13,573619,9486,-11565,-45413
"4989",2020-03-16,583260,9645,-17168,4079
"4990",2020-03-17,532646,8808,-88434,-3720
"4991",2020-03-18,486853,8051,-89337,-66202
"4992",2020-03-19,452147,7477,-18375,32354
"4993",2020-03-20,467572,7732,-904,-20529
"4994",2020-03-23,443470,7333,-40803,-24249
"4995",2020-03-24,472874,7820,-11354,-17305
"4996",2020-03-25,527826,8728,-27489,-10387
"4997",2020-03-26,576029,9525,5429,-29690
"4998",2020-03-27,573619,9486,-33112,-30456
"4999",2020-03-30,604951,10004,-5411,13304
"5000",2020-03-31,636283,10522,51989,-14462
"5001",2020-04-01,621822,10283,-16818,-38506
"5002",2020-04-02,621822,10283,56888,-15892
"5003",2020-04-03,631463,10442,9146,5313
"5004",2020-04-06,641104,10601,40343,1062
"5005",2020-04-07,672436,11120,14360,35115
"5006",2020-04-08,655565,10841,-13229,-39707
"5007",2020-04-09,672436,11120,23047,6915
"5008",2020-04-10,665205,11000,-14729,-7237
"5009",2020-04-13,648334,10721,-4119,5262
"5010",2020-04-14,660385,10920,-13382,18924
"5011",2020-04-16,655565,10841,-19975,4029
"5012",2020-04-17,657975,10880,-39570,6564
"5013",2020-04-20,643514,10641,-22662,-9792
"5014",2020-04-21,624232,10322,-7625,-12723
"5015",2020-04-22,600131,9924,-77170,160
"5016",2020-04-23,600131,9924,-53054,25100
"5017",2020-04-24,578439,9565,-66662,1777
"5018",2020-04-27,602541,9964,-17366,35826
"5019",2020-04-28,629053,10402,39505,-3243
"5020",2020-04-29,638693,10562,208,-148
"5021",2020-05-04,607361,10043,-38749,-45488
"5022",2020-05-06,609771,10083,-10977,-25051
"5023",2020-05-07,614592,10163,8529,738
"5024",2020-05-08,636283,10522,228,3709
"5025",2020-05-11,662795,10960,52385,-7623
"5026",2020-05-12,645924,10681,-17936,-63873
"5027",2020-05-13,648334,10721,-15292,-41829
"5028",2020-05-14,643514,10641,-5463,-23198
"5029",2020-05-15,650744,10761,8056,-14345
"5030",2020-05-18,653154,10801,17381,2879
"5031",2020-05-19,686897,11359,67118,46379
"5032",2020-05-20,665205,11000,-4055,-3388
"5033",2020-05-21,665205,11000,0,0
"5034",2020-05-22,665205,11000,0,0
"5035",2020-05-25,665205,11000,0,0
"5036",2020-05-26,665205,11000,0,0
"5037",2020-05-27,665205,11000,0,0
"5038",2020-05-28,665205,11000,0,0
"5039",2020-05-29,665205,11000,0,0
"5040",2020-06-01,665205,11000,0,0
"5041",2020-06-02,665205,11000,0,0
"5042",2020-06-03,665205,11000,0,0
"5043",2020-06-04,665205,11000,0,0
"5044",2020-06-05,665205,11000,0,0
"5045",2020-06-08,665205,11000,0,0
"5046",2020-06-09,665205,11000,0,0
"5047",2020-06-10,665205,11000,0,0
"5048",2020-06-11,665205,11000,0,0
"5049",2020-06-12,665205,11000,0,0
"5050",2020-06-15,665205,11000,0,0
"5051",2020-06-16,665205,11000,0,0
"5052",2020-06-17,665205,11000,0,0
"5053",2020-06-18,665205,11000,0,0
"5054",2020-06-19,665205,11000,0,0
"5055",2020-06-22,665205,11000,0,0
"5056",2020-06-23,665205,11000,0,0
"5057",2020-06-24,665205,11000,0,0
"5058",2020-06-25,665205,11000,0,0
"5059",2020-06-26,665205,11000,0,0
"5060",2020-06-29,665205,11000,0,0
"5061",2020-06-30,665205,11000,0,0
"5062",2020-07-01,665205,11000,0,0
"5063",2020-07-02,665205,11000,0,0
"5064",2020-07-03,665205,11000,0,0
"5065",2020-07-06,542287,11250,-1397089,63742
"5066",2020-07-07,532646,11050,-247885,-52499
"5067",2020-07-08,535056,11100,-74358,22728
"5068",2020-07-09,547107,11350,-159325,-15078
"5069",2020-07-10,542287,11250,-80555,-6439
"5070",2020-07-13,580849,12050,-77563,-20780
"5071",2020-07-14,580849,12050,-74191,-2603
"5072",2020-07-15,602541,12500,-7231,10551
"5073",2020-07-16,595310,12350,-38311,3864
"5074",2020-07-17,621822,12900,17271,46401
"5075",2020-07-20,633873,13150,-144816,-1087
"5076",2020-07-21,617002,12800,-67786,-107003
"5077",2020-07-22,590490,12250,-130157,-73713
"5078",2020-07-23,588080,12200,-46363,-14205
"5079",2020-07-24,573619,11900,-83234,-36240
"5080",2020-07-27,571209,11850,-84703,-16294
"5081",2020-07-28,566389,11750,-65556,-21532
"5082",2020-07-29,551928,11450,-90196,-151275
"5083",2020-07-30,547107,11350,-122978,-121257
"5084",2020-07-31,549517,11400,-15684,-45866
"5085",2020-08-03,539877,11200,-27107,-26595
"5086",2020-08-04,554338,11500,-71093,-13950
"5087",2020-08-05,563978,11700,-74667,61703
"5088",2020-08-06,576029,11950,-103764,20946
"5089",2020-08-07,576029,11950,-98550,-4897
"5090",2020-08-10,597721,12400,77290,102472
"5091",2020-08-11,609771,12650,-25230,39013
"5092",2020-08-12,609771,12650,-55271,113391
"5093",2020-08-13,604951,12550,-93443,152482
"5094",2020-08-14,612182,12700,-76229,78486
"5095",2020-08-18,588080,12200,-25163,104881
"5096",2020-08-19,595310,12350,-44937,80981
"5097",2020-08-20,602541,12500,-55103,116780
"5098",2020-08-21,595310,12350,-16344,-8778
"5099",2020-08-24,583260,12100,-27344,-5109
"5100",2020-08-25,600131,12450,12024,85378
"5101",2020-08-26,590490,12250,3380,-44953
"5102",2020-08-27,578439,12000,-43622,-18020
"5103",2020-08-28,578439,12000,16818,46900
"5104",2020-08-31,580849,12050,48937,62123
"5105",2020-09-01,624232,12950,-10046,102669
"5106",2020-09-02,617002,12800,12248,-56029
"5107",2020-09-03,617002,12800,17938,-112174
"5108",2020-09-04,604951,12550,-99347,19011
"5109",2020-09-07,600131,12450,-43372,-3802
"5110",2020-09-08,590490,12250,-10683,-31891
"5111",2020-09-09,585670,12150,-13739,-31052
"5112",2020-09-10,590490,12250,-18010,10821
"5113",2020-09-11,588080,12200,-38240,-17696
"5114",2020-09-14,602541,12500,-28127,42186
"5115",2020-09-15,597721,12400,-10923,-24369
"5116",2020-09-16,595310,12350,-15607,13230
"5117",2020-09-17,641104,13300,153729,70603
"5118",2020-09-18,636283,13200,-38185,-44021
"5119",2020-09-21,641104,13300,30335,625
"5120",2020-09-22,624232,12950,51155,-68214
"5121",2020-09-23,660385,13700,199375,17250
"5122",2020-09-24,617002,12800,-79687,-125263
"5123",2020-09-25,612182,12700,-10187,-28383
"5124",2020-09-28,624232,12950,-15834,15939
"5125",2020-09-29,682076,14150,172754,286927
