"","date","MarketCap","Adj_Price","NetBuyAmount_Inst","NetBuyAmount_Frgn"
"3",2000-01-04,NA,NA,0,0
"4",2000-01-05,NA,NA,0,0
"5",2000-01-06,NA,NA,0,0
"6",2000-01-07,NA,NA,0,0
"7",2000-01-10,NA,NA,0,0
"8",2000-01-11,NA,NA,0,0
"9",2000-01-12,NA,NA,0,0
"10",2000-01-13,NA,NA,0,0
"11",2000-01-14,NA,NA,0,0
"12",2000-01-17,NA,NA,0,0
"13",2000-01-18,NA,NA,0,0
"14",2000-01-19,NA,NA,0,0
"15",2000-01-20,NA,NA,0,0
"16",2000-01-21,NA,NA,0,0
"17",2000-01-24,NA,NA,0,0
"18",2000-01-25,NA,NA,0,0
"19",2000-01-26,NA,NA,0,0
"20",2000-01-27,NA,NA,0,0
"21",2000-01-28,NA,NA,0,0
"22",2000-01-31,NA,NA,0,0
"23",2000-02-01,NA,NA,0,0
"24",2000-02-02,NA,NA,0,0
"25",2000-02-03,NA,NA,0,0
"26",2000-02-07,NA,NA,0,0
"27",2000-02-08,NA,NA,0,0
"28",2000-02-09,NA,NA,0,0
"29",2000-02-10,NA,NA,0,0
"30",2000-02-11,NA,NA,0,0
"31",2000-02-14,NA,NA,0,0
"32",2000-02-15,NA,NA,0,0
"33",2000-02-16,NA,NA,0,0
"34",2000-02-17,NA,NA,0,0
"35",2000-02-18,NA,NA,0,0
"36",2000-02-21,NA,NA,0,0
"37",2000-02-22,NA,NA,0,0
"38",2000-02-23,NA,NA,0,0
"39",2000-02-24,NA,NA,0,0
"40",2000-02-25,NA,NA,0,0
"41",2000-02-28,NA,NA,0,0
"42",2000-02-29,NA,NA,0,0
"43",2000-03-02,NA,NA,0,0
"44",2000-03-03,NA,NA,0,0
"45",2000-03-06,NA,NA,0,0
"46",2000-03-07,NA,NA,0,0
"47",2000-03-08,NA,NA,0,0
"48",2000-03-09,NA,NA,0,0
"49",2000-03-10,NA,NA,0,0
"50",2000-03-13,NA,NA,0,0
"51",2000-03-14,NA,NA,0,0
"52",2000-03-15,NA,NA,0,0
"53",2000-03-16,NA,NA,0,0
"54",2000-03-17,NA,NA,0,0
"55",2000-03-20,NA,NA,0,0
"56",2000-03-21,NA,NA,0,0
"57",2000-03-22,NA,NA,0,0
"58",2000-03-23,NA,NA,0,0
"59",2000-03-24,NA,NA,0,0
"60",2000-03-27,NA,NA,0,0
"61",2000-03-28,NA,NA,0,0
"62",2000-03-29,NA,NA,0,0
"63",2000-03-30,NA,NA,0,0
"64",2000-03-31,NA,NA,0,0
"65",2000-04-03,NA,NA,0,0
"66",2000-04-04,NA,NA,0,0
"67",2000-04-06,NA,NA,0,0
"68",2000-04-07,NA,NA,0,0
"69",2000-04-10,NA,NA,0,0
"70",2000-04-11,NA,NA,0,0
"71",2000-04-12,NA,NA,0,0
"72",2000-04-14,NA,NA,0,0
"73",2000-04-17,NA,NA,0,0
"74",2000-04-18,NA,NA,0,0
"75",2000-04-19,NA,NA,0,0
"76",2000-04-20,NA,NA,0,0
"77",2000-04-21,NA,NA,0,0
"78",2000-04-24,NA,NA,0,0
"79",2000-04-25,NA,NA,0,0
"80",2000-04-26,NA,NA,0,0
"81",2000-04-27,NA,NA,0,0
"82",2000-04-28,NA,NA,0,0
"83",2000-05-02,NA,NA,0,0
"84",2000-05-03,NA,NA,0,0
"85",2000-05-04,NA,NA,0,0
"86",2000-05-08,NA,NA,0,0
"87",2000-05-09,NA,NA,0,0
"88",2000-05-10,NA,NA,0,0
"89",2000-05-12,NA,NA,0,0
"90",2000-05-15,NA,NA,0,0
"91",2000-05-16,NA,NA,0,0
"92",2000-05-17,NA,NA,0,0
"93",2000-05-18,NA,NA,0,0
"94",2000-05-19,NA,NA,0,0
"95",2000-05-22,NA,NA,0,0
"96",2000-05-23,NA,NA,0,0
"97",2000-05-24,NA,NA,0,0
"98",2000-05-25,NA,NA,0,0
"99",2000-05-26,NA,NA,0,0
"100",2000-05-29,NA,NA,0,0
"101",2000-05-30,NA,NA,0,0
"102",2000-05-31,NA,NA,0,0
"103",2000-06-01,NA,NA,0,0
"104",2000-06-02,NA,NA,0,0
"105",2000-06-05,NA,NA,0,0
"106",2000-06-07,NA,NA,0,0
"107",2000-06-08,NA,NA,0,0
"108",2000-06-09,NA,NA,0,0
"109",2000-06-12,NA,NA,0,0
"110",2000-06-13,NA,NA,0,0
"111",2000-06-14,NA,NA,0,0
"112",2000-06-15,NA,NA,0,0
"113",2000-06-16,NA,NA,0,0
"114",2000-06-19,NA,NA,0,0
"115",2000-06-20,NA,NA,0,0
"116",2000-06-21,NA,NA,0,0
"117",2000-06-22,NA,NA,0,0
"118",2000-06-23,NA,NA,0,0
"119",2000-06-26,NA,NA,0,0
"120",2000-06-27,NA,NA,0,0
"121",2000-06-28,NA,NA,0,0
"122",2000-06-29,NA,NA,0,0
"123",2000-06-30,NA,NA,0,0
"124",2000-07-03,NA,NA,0,0
"125",2000-07-04,NA,NA,0,0
"126",2000-07-05,NA,NA,0,0
"127",2000-07-06,NA,NA,0,0
"128",2000-07-07,NA,NA,0,0
"129",2000-07-10,NA,NA,0,0
"130",2000-07-11,NA,NA,0,0
"131",2000-07-12,NA,NA,0,0
"132",2000-07-13,NA,NA,0,0
"133",2000-07-14,NA,NA,0,0
"134",2000-07-18,NA,NA,0,0
"135",2000-07-19,NA,NA,0,0
"136",2000-07-20,NA,NA,0,0
"137",2000-07-21,NA,NA,0,0
"138",2000-07-24,NA,NA,0,0
"139",2000-07-25,NA,NA,0,0
"140",2000-07-26,NA,NA,0,0
"141",2000-07-27,NA,NA,0,0
"142",2000-07-28,NA,NA,0,0
"143",2000-07-31,NA,NA,0,0
"144",2000-08-01,NA,NA,0,0
"145",2000-08-02,NA,NA,0,0
"146",2000-08-03,NA,NA,0,0
"147",2000-08-04,NA,NA,0,0
"148",2000-08-07,NA,NA,0,0
"149",2000-08-08,NA,NA,0,0
"150",2000-08-09,NA,NA,0,0
"151",2000-08-10,NA,NA,0,0
"152",2000-08-11,NA,NA,0,0
"153",2000-08-14,NA,NA,0,0
"154",2000-08-16,NA,NA,0,0
"155",2000-08-17,NA,NA,0,0
"156",2000-08-18,NA,NA,0,0
"157",2000-08-21,NA,NA,0,0
"158",2000-08-22,NA,NA,0,0
"159",2000-08-23,NA,NA,0,0
"160",2000-08-24,NA,NA,0,0
"161",2000-08-25,NA,NA,0,0
"162",2000-08-28,NA,NA,0,0
"163",2000-08-29,NA,NA,0,0
"164",2000-08-30,NA,NA,0,0
"165",2000-08-31,NA,NA,0,0
"166",2000-09-01,NA,NA,0,0
"167",2000-09-04,NA,NA,0,0
"168",2000-09-05,NA,NA,0,0
"169",2000-09-06,NA,NA,0,0
"170",2000-09-07,NA,NA,0,0
"171",2000-09-08,NA,NA,0,0
"172",2000-09-14,NA,NA,0,0
"173",2000-09-15,NA,NA,0,0
"174",2000-09-18,NA,NA,0,0
"175",2000-09-19,NA,NA,0,0
"176",2000-09-20,NA,NA,0,0
"177",2000-09-21,NA,NA,0,0
"178",2000-09-22,NA,NA,0,0
"179",2000-09-25,NA,NA,0,0
"180",2000-09-26,NA,NA,0,0
"181",2000-09-27,NA,NA,0,0
"182",2000-09-28,NA,NA,0,0
"183",2000-09-29,NA,NA,0,0
"184",2000-10-02,NA,NA,0,0
"185",2000-10-04,NA,NA,0,0
"186",2000-10-05,NA,NA,0,0
"187",2000-10-06,NA,NA,0,0
"188",2000-10-09,NA,NA,0,0
"189",2000-10-10,NA,NA,0,0
"190",2000-10-11,NA,NA,0,0
"191",2000-10-12,NA,NA,0,0
"192",2000-10-13,NA,NA,0,0
"193",2000-10-16,NA,NA,0,0
"194",2000-10-17,NA,NA,0,0
"195",2000-10-18,NA,NA,0,0
"196",2000-10-19,NA,NA,0,0
"197",2000-10-20,NA,NA,0,0
"198",2000-10-23,NA,NA,0,0
"199",2000-10-24,NA,NA,0,0
"200",2000-10-25,NA,NA,0,0
"201",2000-10-26,NA,NA,0,0
"202",2000-10-27,NA,NA,0,0
"203",2000-10-30,NA,NA,0,0
"204",2000-10-31,NA,NA,0,0
"205",2000-11-01,NA,NA,0,0
"206",2000-11-02,NA,NA,0,0
"207",2000-11-03,NA,NA,0,0
"208",2000-11-06,NA,NA,0,0
"209",2000-11-07,NA,NA,0,0
"210",2000-11-08,NA,NA,0,0
"211",2000-11-09,NA,NA,0,0
"212",2000-11-10,NA,NA,0,0
"213",2000-11-13,NA,NA,0,0
"214",2000-11-14,NA,NA,0,0
"215",2000-11-15,NA,NA,0,0
"216",2000-11-16,NA,NA,0,0
"217",2000-11-17,NA,NA,0,0
"218",2000-11-20,NA,NA,0,0
"219",2000-11-21,NA,NA,0,0
"220",2000-11-22,NA,NA,0,0
"221",2000-11-23,NA,NA,0,0
"222",2000-11-24,NA,NA,0,0
"223",2000-11-27,NA,NA,0,0
"224",2000-11-28,NA,NA,0,0
"225",2000-11-29,NA,NA,0,0
"226",2000-11-30,NA,NA,0,0
"227",2000-12-01,NA,NA,0,0
"228",2000-12-04,NA,NA,0,0
"229",2000-12-05,NA,NA,0,0
"230",2000-12-06,NA,NA,0,0
"231",2000-12-07,NA,NA,0,0
"232",2000-12-08,NA,NA,0,0
"233",2000-12-11,NA,NA,0,0
"234",2000-12-12,NA,NA,0,0
"235",2000-12-13,NA,NA,0,0
"236",2000-12-14,NA,NA,0,0
"237",2000-12-15,NA,NA,0,0
"238",2000-12-18,NA,NA,0,0
"239",2000-12-19,NA,NA,0,0
"240",2000-12-20,NA,NA,0,0
"241",2000-12-21,NA,NA,0,0
"242",2000-12-22,NA,NA,0,0
"243",2000-12-26,NA,NA,0,0
"244",2001-01-02,NA,NA,0,0
"245",2001-01-03,NA,NA,0,0
"246",2001-01-04,NA,NA,0,0
"247",2001-01-05,NA,NA,0,0
"248",2001-01-08,NA,NA,0,0
"249",2001-01-09,NA,NA,0,0
"250",2001-01-10,NA,NA,0,0
"251",2001-01-11,NA,NA,0,0
"252",2001-01-12,NA,NA,0,0
"253",2001-01-15,NA,NA,0,0
"254",2001-01-16,NA,NA,0,0
"255",2001-01-17,NA,NA,0,0
"256",2001-01-18,NA,NA,0,0
"257",2001-01-19,NA,NA,0,0
"258",2001-01-22,NA,NA,0,0
"259",2001-01-26,NA,NA,0,0
"260",2001-01-29,NA,NA,0,0
"261",2001-01-30,NA,NA,0,0
"262",2001-01-31,NA,NA,0,0
"263",2001-02-01,NA,NA,0,0
"264",2001-02-02,NA,NA,0,0
"265",2001-02-05,NA,NA,0,0
"266",2001-02-06,NA,NA,0,0
"267",2001-02-07,NA,NA,0,0
"268",2001-02-08,NA,NA,0,0
"269",2001-02-09,NA,NA,0,0
"270",2001-02-12,NA,NA,0,0
"271",2001-02-13,NA,NA,0,0
"272",2001-02-14,NA,NA,0,0
"273",2001-02-15,NA,NA,0,0
"274",2001-02-16,NA,NA,0,0
"275",2001-02-19,NA,NA,0,0
"276",2001-02-20,NA,NA,0,0
"277",2001-02-21,NA,NA,0,0
"278",2001-02-22,NA,NA,0,0
"279",2001-02-23,NA,NA,0,0
"280",2001-02-26,NA,NA,0,0
"281",2001-02-27,NA,NA,0,0
"282",2001-02-28,NA,NA,0,0
"283",2001-03-02,NA,NA,0,0
"284",2001-03-05,NA,NA,0,0
"285",2001-03-06,NA,NA,0,0
"286",2001-03-07,NA,NA,0,0
"287",2001-03-08,NA,NA,0,0
"288",2001-03-09,NA,NA,0,0
"289",2001-03-12,NA,NA,0,0
"290",2001-03-13,NA,NA,0,0
"291",2001-03-14,NA,NA,0,0
"292",2001-03-15,NA,NA,0,0
"293",2001-03-16,NA,NA,0,0
"294",2001-03-19,NA,NA,0,0
"295",2001-03-20,NA,NA,0,0
"296",2001-03-21,NA,NA,0,0
"297",2001-03-22,NA,NA,0,0
"298",2001-03-23,NA,NA,0,0
"299",2001-03-26,NA,NA,0,0
"300",2001-03-27,NA,NA,0,0
"301",2001-03-28,NA,NA,0,0
"302",2001-03-29,NA,NA,0,0
"303",2001-03-30,NA,NA,0,0
"304",2001-04-02,NA,NA,0,0
"305",2001-04-03,NA,NA,0,0
"306",2001-04-04,NA,NA,0,0
"307",2001-04-06,NA,NA,0,0
"308",2001-04-09,NA,NA,0,0
"309",2001-04-10,NA,NA,0,0
"310",2001-04-11,NA,NA,0,0
"311",2001-04-12,NA,NA,0,0
"312",2001-04-13,NA,NA,0,0
"313",2001-04-16,NA,NA,0,0
"314",2001-04-17,NA,NA,0,0
"315",2001-04-18,NA,NA,0,0
"316",2001-04-19,NA,NA,0,0
"317",2001-04-20,NA,NA,0,0
"318",2001-04-23,NA,NA,0,0
"319",2001-04-24,NA,NA,0,0
"320",2001-04-25,NA,NA,0,0
"321",2001-04-26,NA,NA,0,0
"322",2001-04-27,NA,NA,0,0
"323",2001-04-30,NA,NA,0,0
"324",2001-05-02,NA,NA,0,0
"325",2001-05-03,NA,NA,0,0
"326",2001-05-04,NA,NA,0,0
"327",2001-05-07,NA,NA,0,0
"328",2001-05-08,NA,NA,0,0
"329",2001-05-09,NA,NA,0,0
"330",2001-05-10,NA,NA,0,0
"331",2001-05-11,NA,NA,0,0
"332",2001-05-14,NA,NA,0,0
"333",2001-05-15,NA,NA,0,0
"334",2001-05-16,NA,NA,0,0
"335",2001-05-17,NA,NA,0,0
"336",2001-05-18,NA,NA,0,0
"337",2001-05-21,NA,NA,0,0
"338",2001-05-22,NA,NA,0,0
"339",2001-05-23,NA,NA,0,0
"340",2001-05-24,NA,NA,0,0
"341",2001-05-25,NA,NA,0,0
"342",2001-05-28,NA,NA,0,0
"343",2001-05-29,NA,NA,0,0
"344",2001-05-30,NA,NA,0,0
"345",2001-05-31,NA,NA,0,0
"346",2001-06-01,NA,NA,0,0
"347",2001-06-04,NA,NA,0,0
"348",2001-06-05,NA,NA,0,0
"349",2001-06-07,NA,NA,0,0
"350",2001-06-08,NA,NA,0,0
"351",2001-06-11,NA,NA,0,0
"352",2001-06-12,NA,NA,0,0
"353",2001-06-13,NA,NA,0,0
"354",2001-06-14,NA,NA,0,0
"355",2001-06-15,NA,NA,0,0
"356",2001-06-18,NA,NA,0,0
"357",2001-06-19,NA,NA,0,0
"358",2001-06-20,NA,NA,0,0
"359",2001-06-21,NA,NA,0,0
"360",2001-06-22,NA,NA,0,0
"361",2001-06-25,NA,NA,0,0
"362",2001-06-26,NA,NA,0,0
"363",2001-06-27,NA,NA,0,0
"364",2001-06-28,NA,NA,0,0
"365",2001-06-29,NA,NA,0,0
"366",2001-07-02,NA,NA,0,0
"367",2001-07-03,NA,NA,0,0
"368",2001-07-04,NA,NA,0,0
"369",2001-07-05,NA,NA,0,0
"370",2001-07-06,NA,NA,0,0
"371",2001-07-09,NA,NA,0,0
"372",2001-07-10,NA,NA,0,0
"373",2001-07-11,NA,NA,0,0
"374",2001-07-12,NA,NA,0,0
"375",2001-07-13,NA,NA,0,0
"376",2001-07-16,NA,NA,0,0
"377",2001-07-18,NA,NA,0,0
"378",2001-07-19,NA,NA,0,0
"379",2001-07-20,NA,NA,0,0
"380",2001-07-23,NA,NA,0,0
"381",2001-07-24,NA,NA,0,0
"382",2001-07-25,NA,NA,0,0
"383",2001-07-26,NA,NA,0,0
"384",2001-07-27,NA,NA,0,0
"385",2001-07-30,NA,NA,0,0
"386",2001-07-31,NA,NA,0,0
"387",2001-08-01,NA,NA,0,0
"388",2001-08-02,NA,NA,0,0
"389",2001-08-03,NA,NA,0,0
"390",2001-08-06,NA,NA,0,0
"391",2001-08-07,NA,NA,0,0
"392",2001-08-08,NA,NA,0,0
"393",2001-08-09,NA,NA,0,0
"394",2001-08-10,NA,NA,0,0
"395",2001-08-13,NA,NA,0,0
"396",2001-08-14,NA,NA,0,0
"397",2001-08-16,NA,NA,0,0
"398",2001-08-17,NA,NA,0,0
"399",2001-08-20,NA,NA,0,0
"400",2001-08-21,NA,NA,0,0
"401",2001-08-22,NA,NA,0,0
"402",2001-08-23,NA,NA,0,0
"403",2001-08-24,NA,NA,0,0
"404",2001-08-27,NA,NA,0,0
"405",2001-08-28,NA,NA,0,0
"406",2001-08-29,NA,NA,0,0
"407",2001-08-30,NA,NA,0,0
"408",2001-08-31,NA,NA,0,0
"409",2001-09-03,NA,NA,0,0
"410",2001-09-04,NA,NA,0,0
"411",2001-09-05,NA,NA,0,0
"412",2001-09-06,NA,NA,0,0
"413",2001-09-07,NA,NA,0,0
"414",2001-09-10,NA,NA,0,0
"415",2001-09-11,NA,NA,0,0
"416",2001-09-12,NA,NA,0,0
"417",2001-09-13,NA,NA,0,0
"418",2001-09-14,NA,NA,0,0
"419",2001-09-17,NA,NA,0,0
"420",2001-09-18,NA,NA,0,0
"421",2001-09-19,NA,NA,0,0
"422",2001-09-20,NA,NA,0,0
"423",2001-09-21,NA,NA,0,0
"424",2001-09-24,NA,NA,0,0
"425",2001-09-25,NA,NA,0,0
"426",2001-09-26,NA,NA,0,0
"427",2001-09-27,NA,NA,0,0
"428",2001-09-28,NA,NA,0,0
"429",2001-10-04,NA,NA,0,0
"430",2001-10-05,NA,NA,0,0
"431",2001-10-08,NA,NA,0,0
"432",2001-10-09,NA,NA,0,0
"433",2001-10-10,NA,NA,0,0
"434",2001-10-11,NA,NA,0,0
"435",2001-10-12,NA,NA,0,0
"436",2001-10-15,NA,NA,0,0
"437",2001-10-16,NA,NA,0,0
"438",2001-10-17,NA,NA,0,0
"439",2001-10-18,NA,NA,0,0
"440",2001-10-19,NA,NA,0,0
"441",2001-10-22,NA,NA,0,0
"442",2001-10-23,NA,NA,0,0
"443",2001-10-24,NA,NA,0,0
"444",2001-10-25,NA,NA,0,0
"445",2001-10-26,NA,NA,0,0
"446",2001-10-29,NA,NA,0,0
"447",2001-10-30,NA,NA,0,0
"448",2001-10-31,NA,NA,0,0
"449",2001-11-01,NA,NA,0,0
"450",2001-11-02,NA,NA,0,0
"451",2001-11-05,NA,NA,0,0
"452",2001-11-06,NA,NA,0,0
"453",2001-11-07,NA,NA,0,0
"454",2001-11-08,NA,NA,0,0
"455",2001-11-09,NA,NA,0,0
"456",2001-11-12,NA,NA,0,0
"457",2001-11-13,NA,NA,0,0
"458",2001-11-14,NA,NA,0,0
"459",2001-11-15,NA,NA,0,0
"460",2001-11-16,NA,NA,0,0
"461",2001-11-19,NA,NA,0,0
"462",2001-11-20,NA,NA,0,0
"463",2001-11-21,NA,NA,0,0
"464",2001-11-22,NA,NA,0,0
"465",2001-11-23,NA,NA,0,0
"466",2001-11-26,NA,NA,0,0
"467",2001-11-27,NA,NA,0,0
"468",2001-11-28,NA,NA,0,0
"469",2001-11-29,NA,NA,0,0
"470",2001-11-30,NA,NA,0,0
"471",2001-12-03,NA,NA,0,0
"472",2001-12-04,NA,NA,0,0
"473",2001-12-05,NA,NA,0,0
"474",2001-12-06,NA,NA,0,0
"475",2001-12-07,NA,NA,0,0
"476",2001-12-10,NA,NA,0,0
"477",2001-12-11,NA,NA,0,0
"478",2001-12-12,NA,NA,0,0
"479",2001-12-13,NA,NA,0,0
"480",2001-12-14,NA,NA,0,0
"481",2001-12-17,NA,NA,0,0
"482",2001-12-18,NA,NA,0,0
"483",2001-12-19,NA,NA,0,0
"484",2001-12-20,NA,NA,0,0
"485",2001-12-21,NA,NA,0,0
"486",2001-12-24,NA,NA,0,0
"487",2001-12-26,NA,NA,0,0
"488",2001-12-27,NA,NA,0,0
"489",2001-12-28,NA,NA,0,0
"490",2002-01-02,NA,NA,0,0
"491",2002-01-03,NA,NA,0,0
"492",2002-01-04,NA,NA,0,0
"493",2002-01-07,NA,NA,0,0
"494",2002-01-08,NA,NA,0,0
"495",2002-01-09,NA,NA,0,0
"496",2002-01-10,NA,NA,0,0
"497",2002-01-11,NA,NA,0,0
"498",2002-01-14,NA,NA,0,0
"499",2002-01-15,NA,NA,0,0
"500",2002-01-16,NA,NA,0,0
"501",2002-01-17,NA,NA,0,0
"502",2002-01-18,NA,NA,0,0
"503",2002-01-21,NA,NA,0,0
"504",2002-01-22,NA,NA,0,0
"505",2002-01-23,NA,NA,0,0
"506",2002-01-24,NA,NA,0,0
"507",2002-01-25,NA,NA,0,0
"508",2002-01-28,NA,NA,0,0
"509",2002-01-29,NA,NA,0,0
"510",2002-01-30,NA,NA,0,0
"511",2002-01-31,NA,NA,0,0
"512",2002-02-01,NA,NA,0,0
"513",2002-02-04,NA,NA,0,0
"514",2002-02-05,NA,NA,0,0
"515",2002-02-06,NA,NA,0,0
"516",2002-02-07,NA,NA,0,0
"517",2002-02-08,NA,NA,0,0
"518",2002-02-14,NA,NA,0,0
"519",2002-02-15,NA,NA,0,0
"520",2002-02-18,NA,NA,0,0
"521",2002-02-19,NA,NA,0,0
"522",2002-02-20,NA,NA,0,0
"523",2002-02-21,NA,NA,0,0
"524",2002-02-22,NA,NA,0,0
"525",2002-02-25,NA,NA,0,0
"526",2002-02-26,NA,NA,0,0
"527",2002-02-27,NA,NA,0,0
"528",2002-02-28,NA,NA,0,0
"529",2002-03-04,NA,NA,0,0
"530",2002-03-05,NA,NA,0,0
"531",2002-03-06,NA,NA,0,0
"532",2002-03-07,NA,NA,0,0
"533",2002-03-08,NA,NA,0,0
"534",2002-03-11,NA,NA,0,0
"535",2002-03-12,NA,NA,0,0
"536",2002-03-13,NA,NA,0,0
"537",2002-03-14,NA,NA,0,0
"538",2002-03-15,NA,NA,0,0
"539",2002-03-18,NA,NA,0,0
"540",2002-03-19,NA,NA,0,0
"541",2002-03-20,NA,NA,0,0
"542",2002-03-21,NA,NA,0,0
"543",2002-03-22,NA,NA,0,0
"544",2002-03-25,NA,NA,0,0
"545",2002-03-26,NA,NA,0,0
"546",2002-03-27,NA,NA,0,0
"547",2002-03-28,NA,NA,0,0
"548",2002-03-29,NA,NA,0,0
"549",2002-04-01,NA,NA,0,0
"550",2002-04-02,NA,NA,0,0
"551",2002-04-03,NA,NA,0,0
"552",2002-04-04,NA,NA,0,0
"553",2002-04-08,NA,NA,0,0
"554",2002-04-09,NA,NA,0,0
"555",2002-04-10,NA,NA,0,0
"556",2002-04-11,NA,NA,0,0
"557",2002-04-12,NA,NA,0,0
"558",2002-04-15,NA,NA,0,0
"559",2002-04-16,NA,NA,0,0
"560",2002-04-17,NA,NA,0,0
"561",2002-04-18,NA,NA,0,0
"562",2002-04-19,NA,NA,0,0
"563",2002-04-22,NA,NA,0,0
"564",2002-04-23,NA,NA,0,0
"565",2002-04-24,NA,NA,0,0
"566",2002-04-25,NA,NA,0,0
"567",2002-04-26,NA,NA,0,0
"568",2002-04-29,NA,NA,0,0
"569",2002-04-30,NA,NA,0,0
"570",2002-05-02,NA,NA,0,0
"571",2002-05-03,NA,NA,0,0
"572",2002-05-06,NA,NA,0,0
"573",2002-05-07,NA,NA,0,0
"574",2002-05-08,NA,NA,0,0
"575",2002-05-09,NA,NA,0,0
"576",2002-05-10,NA,NA,0,0
"577",2002-05-13,NA,NA,0,0
"578",2002-05-14,NA,NA,0,0
"579",2002-05-15,NA,NA,0,0
"580",2002-05-16,NA,NA,0,0
"581",2002-05-17,NA,NA,0,0
"582",2002-05-20,NA,NA,0,0
"583",2002-05-21,NA,NA,0,0
"584",2002-05-22,NA,NA,0,0
"585",2002-05-23,NA,NA,0,0
"586",2002-05-24,NA,NA,0,0
"587",2002-05-27,NA,NA,0,0
"588",2002-05-28,NA,NA,0,0
"589",2002-05-29,NA,NA,0,0
"590",2002-05-30,NA,NA,0,0
"591",2002-05-31,NA,NA,0,0
"592",2002-06-03,NA,NA,0,0
"593",2002-06-04,NA,NA,0,0
"594",2002-06-05,NA,NA,0,0
"595",2002-06-07,NA,NA,0,0
"596",2002-06-10,NA,NA,0,0
"597",2002-06-11,NA,NA,0,0
"598",2002-06-12,NA,NA,0,0
"599",2002-06-14,NA,NA,0,0
"600",2002-06-17,NA,NA,0,0
"601",2002-06-18,NA,NA,0,0
"602",2002-06-19,NA,NA,0,0
"603",2002-06-20,NA,NA,0,0
"604",2002-06-21,NA,NA,0,0
"605",2002-06-24,NA,NA,0,0
"606",2002-06-25,NA,NA,0,0
"607",2002-06-26,NA,NA,0,0
"608",2002-06-27,NA,NA,0,0
"609",2002-06-28,NA,NA,0,0
"610",2002-07-02,NA,NA,0,0
"611",2002-07-03,NA,NA,0,0
"612",2002-07-04,NA,NA,0,0
"613",2002-07-05,NA,NA,0,0
"614",2002-07-08,NA,NA,0,0
"615",2002-07-09,NA,NA,0,0
"616",2002-07-10,NA,NA,0,0
"617",2002-07-11,NA,NA,0,0
"618",2002-07-12,NA,NA,0,0
"619",2002-07-15,NA,NA,0,0
"620",2002-07-16,NA,NA,0,0
"621",2002-07-18,NA,NA,0,0
"622",2002-07-19,NA,NA,0,0
"623",2002-07-22,NA,NA,0,0
"624",2002-07-23,NA,NA,0,0
"625",2002-07-24,NA,NA,0,0
"626",2002-07-25,NA,NA,0,0
"627",2002-07-26,NA,NA,0,0
"628",2002-07-29,NA,NA,0,0
"629",2002-07-30,NA,NA,0,0
"630",2002-07-31,NA,NA,0,0
"631",2002-08-01,NA,NA,0,0
"632",2002-08-02,NA,NA,0,0
"633",2002-08-05,NA,NA,0,0
"634",2002-08-06,NA,NA,0,0
"635",2002-08-07,NA,NA,0,0
"636",2002-08-08,NA,NA,0,0
"637",2002-08-09,NA,NA,0,0
"638",2002-08-12,NA,NA,0,0
"639",2002-08-13,NA,NA,0,0
"640",2002-08-14,NA,NA,0,0
"641",2002-08-16,NA,NA,0,0
"642",2002-08-19,NA,NA,0,0
"643",2002-08-20,NA,NA,0,0
"644",2002-08-21,NA,NA,0,0
"645",2002-08-22,NA,NA,0,0
"646",2002-08-23,NA,NA,0,0
"647",2002-08-26,NA,NA,0,0
"648",2002-08-27,NA,NA,0,0
"649",2002-08-28,NA,NA,0,0
"650",2002-08-29,NA,NA,0,0
"651",2002-08-30,NA,NA,0,0
"652",2002-09-02,NA,NA,0,0
"653",2002-09-03,NA,NA,0,0
"654",2002-09-04,NA,NA,0,0
"655",2002-09-05,NA,NA,0,0
"656",2002-09-06,NA,NA,0,0
"657",2002-09-09,NA,NA,0,0
"658",2002-09-10,NA,NA,0,0
"659",2002-09-11,NA,NA,0,0
"660",2002-09-12,NA,NA,0,0
"661",2002-09-13,NA,NA,0,0
"662",2002-09-16,NA,NA,0,0
"663",2002-09-17,NA,NA,0,0
"664",2002-09-18,NA,NA,0,0
"665",2002-09-19,NA,NA,0,0
"666",2002-09-23,NA,NA,0,0
"667",2002-09-24,NA,NA,0,0
"668",2002-09-25,NA,NA,0,0
"669",2002-09-26,NA,NA,0,0
"670",2002-09-27,NA,NA,0,0
"671",2002-09-30,NA,NA,0,0
"672",2002-10-01,NA,NA,0,0
"673",2002-10-02,NA,NA,0,0
"674",2002-10-04,NA,NA,0,0
"675",2002-10-07,NA,NA,0,0
"676",2002-10-08,NA,NA,0,0
"677",2002-10-09,NA,NA,0,0
"678",2002-10-10,NA,NA,0,0
"679",2002-10-11,NA,NA,0,0
"680",2002-10-14,NA,NA,0,0
"681",2002-10-15,NA,NA,0,0
"682",2002-10-16,NA,NA,0,0
"683",2002-10-17,NA,NA,0,0
"684",2002-10-18,NA,NA,0,0
"685",2002-10-21,NA,NA,0,0
"686",2002-10-22,NA,NA,0,0
"687",2002-10-23,NA,NA,0,0
"688",2002-10-24,NA,NA,0,0
"689",2002-10-25,NA,NA,0,0
"690",2002-10-28,NA,NA,0,0
"691",2002-10-29,NA,NA,0,0
"692",2002-10-30,NA,NA,0,0
"693",2002-10-31,NA,NA,0,0
"694",2002-11-01,NA,NA,0,0
"695",2002-11-04,NA,NA,0,0
"696",2002-11-05,NA,NA,0,0
"697",2002-11-06,NA,NA,0,0
"698",2002-11-07,NA,NA,0,0
"699",2002-11-08,NA,NA,0,0
"700",2002-11-11,NA,NA,0,0
"701",2002-11-12,NA,NA,0,0
"702",2002-11-13,NA,NA,0,0
"703",2002-11-14,NA,NA,0,0
"704",2002-11-15,NA,NA,0,0
"705",2002-11-18,NA,NA,0,0
"706",2002-11-19,NA,NA,0,0
"707",2002-11-20,NA,NA,0,0
"708",2002-11-21,NA,NA,0,0
"709",2002-11-22,NA,NA,0,0
"710",2002-11-25,NA,NA,0,0
"711",2002-11-26,NA,NA,0,0
"712",2002-11-27,NA,NA,0,0
"713",2002-11-28,NA,NA,0,0
"714",2002-11-29,NA,NA,0,0
"715",2002-12-02,NA,NA,0,0
"716",2002-12-03,NA,NA,0,0
"717",2002-12-04,NA,NA,0,0
"718",2002-12-05,NA,NA,0,0
"719",2002-12-06,NA,NA,0,0
"720",2002-12-09,NA,NA,0,0
"721",2002-12-10,NA,NA,0,0
"722",2002-12-11,NA,NA,0,0
"723",2002-12-12,NA,NA,0,0
"724",2002-12-13,NA,NA,0,0
"725",2002-12-16,NA,NA,0,0
"726",2002-12-17,NA,NA,0,0
"727",2002-12-18,NA,NA,0,0
"728",2002-12-20,NA,NA,0,0
"729",2002-12-23,NA,NA,0,0
"730",2002-12-24,NA,NA,0,0
"731",2002-12-26,NA,NA,0,0
"732",2002-12-27,NA,NA,0,0
"733",2002-12-30,NA,NA,0,0
"734",2003-01-02,NA,NA,0,0
"735",2003-01-03,NA,NA,0,0
"736",2003-01-06,NA,NA,0,0
"737",2003-01-07,NA,NA,0,0
"738",2003-01-08,NA,NA,0,0
"739",2003-01-09,NA,NA,0,0
"740",2003-01-10,NA,NA,0,0
"741",2003-01-13,NA,NA,0,0
"742",2003-01-14,NA,NA,0,0
"743",2003-01-15,NA,NA,0,0
"744",2003-01-16,NA,NA,0,0
"745",2003-01-17,NA,NA,0,0
"746",2003-01-20,NA,NA,0,0
"747",2003-01-21,NA,NA,0,0
"748",2003-01-22,NA,NA,0,0
"749",2003-01-23,NA,NA,0,0
"750",2003-01-24,NA,NA,0,0
"751",2003-01-27,NA,NA,0,0
"752",2003-01-28,NA,NA,0,0
"753",2003-01-29,NA,NA,0,0
"754",2003-01-30,NA,NA,0,0
"755",2003-02-03,NA,NA,0,0
"756",2003-02-04,NA,NA,0,0
"757",2003-02-05,NA,NA,0,0
"758",2003-02-06,NA,NA,0,0
"759",2003-02-07,NA,NA,0,0
"760",2003-02-10,NA,NA,0,0
"761",2003-02-11,NA,NA,0,0
"762",2003-02-12,NA,NA,0,0
"763",2003-02-13,NA,NA,0,0
"764",2003-02-14,NA,NA,0,0
"765",2003-02-17,NA,NA,0,0
"766",2003-02-18,NA,NA,0,0
"767",2003-02-19,NA,NA,0,0
"768",2003-02-20,NA,NA,0,0
"769",2003-02-21,NA,NA,0,0
"770",2003-02-24,NA,NA,0,0
"771",2003-02-25,NA,NA,0,0
"772",2003-02-26,NA,NA,0,0
"773",2003-02-27,NA,NA,0,0
"774",2003-02-28,NA,NA,0,0
"775",2003-03-03,NA,NA,0,0
"776",2003-03-04,NA,NA,0,0
"777",2003-03-05,NA,NA,0,0
"778",2003-03-06,NA,NA,0,0
"779",2003-03-07,NA,NA,0,0
"780",2003-03-10,NA,NA,0,0
"781",2003-03-11,NA,NA,0,0
"782",2003-03-12,NA,NA,0,0
"783",2003-03-13,NA,NA,0,0
"784",2003-03-14,NA,NA,0,0
"785",2003-03-17,NA,NA,0,0
"786",2003-03-18,NA,NA,0,0
"787",2003-03-19,NA,NA,0,0
"788",2003-03-20,NA,NA,0,0
"789",2003-03-21,NA,NA,0,0
"790",2003-03-24,NA,NA,0,0
"791",2003-03-25,NA,NA,0,0
"792",2003-03-26,NA,NA,0,0
"793",2003-03-27,NA,NA,0,0
"794",2003-03-28,NA,NA,0,0
"795",2003-03-31,NA,NA,0,0
"796",2003-04-01,NA,NA,0,0
"797",2003-04-02,NA,NA,0,0
"798",2003-04-03,NA,NA,0,0
"799",2003-04-04,NA,NA,0,0
"800",2003-04-07,NA,NA,0,0
"801",2003-04-08,NA,NA,0,0
"802",2003-04-09,NA,NA,0,0
"803",2003-04-10,NA,NA,0,0
"804",2003-04-11,NA,NA,0,0
"805",2003-04-14,NA,NA,0,0
"806",2003-04-15,NA,NA,0,0
"807",2003-04-16,NA,NA,0,0
"808",2003-04-17,NA,NA,0,0
"809",2003-04-18,NA,NA,0,0
"810",2003-04-21,NA,NA,0,0
"811",2003-04-22,NA,NA,0,0
"812",2003-04-23,NA,NA,0,0
"813",2003-04-24,NA,NA,0,0
"814",2003-04-25,NA,NA,0,0
"815",2003-04-28,NA,NA,0,0
"816",2003-04-29,NA,NA,0,0
"817",2003-04-30,NA,NA,0,0
"818",2003-05-02,NA,NA,0,0
"819",2003-05-06,NA,NA,0,0
"820",2003-05-07,NA,NA,0,0
"821",2003-05-09,NA,NA,0,0
"822",2003-05-12,NA,NA,0,0
"823",2003-05-13,NA,NA,0,0
"824",2003-05-14,NA,NA,0,0
"825",2003-05-15,NA,NA,0,0
"826",2003-05-16,NA,NA,0,0
"827",2003-05-19,NA,NA,0,0
"828",2003-05-20,NA,NA,0,0
"829",2003-05-21,NA,NA,0,0
"830",2003-05-22,NA,NA,0,0
"831",2003-05-23,NA,NA,0,0
"832",2003-05-26,NA,NA,0,0
"833",2003-05-27,NA,NA,0,0
"834",2003-05-28,NA,NA,0,0
"835",2003-05-29,NA,NA,0,0
"836",2003-05-30,NA,NA,0,0
"837",2003-06-02,NA,NA,0,0
"838",2003-06-03,NA,NA,0,0
"839",2003-06-04,NA,NA,0,0
"840",2003-06-05,NA,NA,0,0
"841",2003-06-09,NA,NA,0,0
"842",2003-06-10,NA,NA,0,0
"843",2003-06-11,NA,NA,0,0
"844",2003-06-12,NA,NA,0,0
"845",2003-06-13,NA,NA,0,0
"846",2003-06-16,NA,NA,0,0
"847",2003-06-17,NA,NA,0,0
"848",2003-06-18,NA,NA,0,0
"849",2003-06-19,NA,NA,0,0
"850",2003-06-20,NA,NA,0,0
"851",2003-06-23,NA,NA,0,0
"852",2003-06-24,NA,NA,0,0
"853",2003-06-25,NA,NA,0,0
"854",2003-06-26,NA,NA,0,0
"855",2003-06-27,NA,NA,0,0
"856",2003-06-30,NA,NA,0,0
"857",2003-07-01,NA,NA,0,0
"858",2003-07-02,NA,NA,0,0
"859",2003-07-03,NA,NA,0,0
"860",2003-07-04,NA,NA,0,0
"861",2003-07-07,NA,NA,0,0
"862",2003-07-08,NA,NA,0,0
"863",2003-07-09,NA,NA,0,0
"864",2003-07-10,NA,NA,0,0
"865",2003-07-11,NA,NA,0,0
"866",2003-07-14,NA,NA,0,0
"867",2003-07-15,NA,NA,0,0
"868",2003-07-16,NA,NA,0,0
"869",2003-07-18,NA,NA,0,0
"870",2003-07-21,NA,NA,0,0
"871",2003-07-22,NA,NA,0,0
"872",2003-07-23,NA,NA,0,0
"873",2003-07-24,NA,NA,0,0
"874",2003-07-25,NA,NA,0,0
"875",2003-07-28,NA,NA,0,0
"876",2003-07-29,NA,NA,0,0
"877",2003-07-30,NA,NA,0,0
"878",2003-07-31,NA,NA,0,0
"879",2003-08-01,NA,NA,0,0
"880",2003-08-04,NA,NA,0,0
"881",2003-08-05,NA,NA,0,0
"882",2003-08-06,NA,NA,0,0
"883",2003-08-07,NA,NA,0,0
"884",2003-08-08,NA,NA,0,0
"885",2003-08-11,NA,NA,0,0
"886",2003-08-12,NA,NA,0,0
"887",2003-08-13,NA,NA,0,0
"888",2003-08-14,NA,NA,0,0
"889",2003-08-18,NA,NA,0,0
"890",2003-08-19,NA,NA,0,0
"891",2003-08-20,NA,NA,0,0
"892",2003-08-21,NA,NA,0,0
"893",2003-08-22,NA,NA,0,0
"894",2003-08-25,NA,NA,0,0
"895",2003-08-26,NA,NA,0,0
"896",2003-08-27,NA,NA,0,0
"897",2003-08-28,NA,NA,0,0
"898",2003-08-29,NA,NA,0,0
"899",2003-09-01,NA,NA,0,0
"900",2003-09-02,NA,NA,0,0
"901",2003-09-03,NA,NA,0,0
"902",2003-09-04,NA,NA,0,0
"903",2003-09-05,NA,NA,0,0
"904",2003-09-08,NA,NA,0,0
"905",2003-09-09,NA,NA,0,0
"906",2003-09-15,NA,NA,0,0
"907",2003-09-16,NA,NA,0,0
"908",2003-09-17,NA,NA,0,0
"909",2003-09-18,NA,NA,0,0
"910",2003-09-19,NA,NA,0,0
"911",2003-09-22,NA,NA,0,0
"912",2003-09-23,NA,NA,0,0
"913",2003-09-24,NA,NA,0,0
"914",2003-09-25,NA,NA,0,0
"915",2003-09-26,NA,NA,0,0
"916",2003-09-29,NA,NA,0,0
"917",2003-09-30,NA,NA,0,0
"918",2003-10-01,NA,NA,0,0
"919",2003-10-02,NA,NA,0,0
"920",2003-10-06,NA,NA,0,0
"921",2003-10-07,NA,NA,0,0
"922",2003-10-08,NA,NA,0,0
"923",2003-10-09,NA,NA,0,0
"924",2003-10-10,NA,NA,0,0
"925",2003-10-13,NA,NA,0,0
"926",2003-10-14,NA,NA,0,0
"927",2003-10-15,NA,NA,0,0
"928",2003-10-16,NA,NA,0,0
"929",2003-10-17,NA,NA,0,0
"930",2003-10-20,NA,NA,0,0
"931",2003-10-21,NA,NA,0,0
"932",2003-10-22,NA,NA,0,0
"933",2003-10-23,NA,NA,0,0
"934",2003-10-24,NA,NA,0,0
"935",2003-10-27,NA,NA,0,0
"936",2003-10-28,NA,NA,0,0
"937",2003-10-29,NA,NA,0,0
"938",2003-10-30,NA,NA,0,0
"939",2003-10-31,NA,NA,0,0
"940",2003-11-03,NA,NA,0,0
"941",2003-11-04,NA,NA,0,0
"942",2003-11-05,NA,NA,0,0
"943",2003-11-06,NA,NA,0,0
"944",2003-11-07,NA,NA,0,0
"945",2003-11-10,NA,NA,0,0
"946",2003-11-11,NA,NA,0,0
"947",2003-11-12,NA,NA,0,0
"948",2003-11-13,NA,NA,0,0
"949",2003-11-14,NA,NA,0,0
"950",2003-11-17,NA,NA,0,0
"951",2003-11-18,NA,NA,0,0
"952",2003-11-19,NA,NA,0,0
"953",2003-11-20,NA,NA,0,0
"954",2003-11-21,NA,NA,0,0
"955",2003-11-24,NA,NA,0,0
"956",2003-11-25,NA,NA,0,0
"957",2003-11-26,NA,NA,0,0
"958",2003-11-27,NA,NA,0,0
"959",2003-11-28,NA,NA,0,0
"960",2003-12-01,NA,NA,0,0
"961",2003-12-02,NA,NA,0,0
"962",2003-12-03,NA,NA,0,0
"963",2003-12-04,NA,NA,0,0
"964",2003-12-05,NA,NA,0,0
"965",2003-12-08,NA,NA,0,0
"966",2003-12-09,NA,NA,0,0
"967",2003-12-10,NA,NA,0,0
"968",2003-12-11,NA,NA,0,0
"969",2003-12-12,NA,NA,0,0
"970",2003-12-15,NA,NA,0,0
"971",2003-12-16,NA,NA,0,0
"972",2003-12-17,NA,NA,0,0
"973",2003-12-18,NA,NA,0,0
"974",2003-12-19,NA,NA,0,0
"975",2003-12-22,NA,NA,0,0
"976",2003-12-23,NA,NA,0,0
"977",2003-12-24,NA,NA,0,0
"978",2003-12-26,NA,NA,0,0
"979",2003-12-29,NA,NA,0,0
"980",2003-12-30,NA,NA,0,0
"981",2004-01-02,NA,NA,0,0
"982",2004-01-05,NA,NA,0,0
"983",2004-01-06,NA,NA,0,0
"984",2004-01-07,NA,NA,0,0
"985",2004-01-08,NA,NA,0,0
"986",2004-01-09,NA,NA,0,0
"987",2004-01-12,NA,NA,0,0
"988",2004-01-13,NA,NA,0,0
"989",2004-01-14,NA,NA,0,0
"990",2004-01-15,NA,NA,0,0
"991",2004-01-16,NA,NA,0,0
"992",2004-01-19,NA,NA,0,0
"993",2004-01-20,NA,NA,0,0
"994",2004-01-26,NA,NA,0,0
"995",2004-01-27,NA,NA,0,0
"996",2004-01-28,NA,NA,0,0
"997",2004-01-29,NA,NA,0,0
"998",2004-01-30,NA,NA,0,0
"999",2004-02-02,NA,NA,0,0
"1000",2004-02-03,NA,NA,0,0
"1001",2004-02-04,NA,NA,0,0
"1002",2004-02-05,NA,NA,0,0
"1003",2004-02-06,NA,NA,0,0
"1004",2004-02-09,NA,NA,0,0
"1005",2004-02-10,NA,NA,0,0
"1006",2004-02-11,NA,NA,0,0
"1007",2004-02-12,NA,NA,0,0
"1008",2004-02-13,NA,NA,0,0
"1009",2004-02-16,NA,NA,0,0
"1010",2004-02-17,NA,NA,0,0
"1011",2004-02-18,NA,NA,0,0
"1012",2004-02-19,NA,NA,0,0
"1013",2004-02-20,NA,NA,0,0
"1014",2004-02-23,NA,NA,0,0
"1015",2004-02-24,NA,NA,0,0
"1016",2004-02-25,NA,NA,0,0
"1017",2004-02-26,NA,NA,0,0
"1018",2004-02-27,NA,NA,0,0
"1019",2004-03-02,NA,NA,0,0
"1020",2004-03-03,NA,NA,0,0
"1021",2004-03-04,NA,NA,0,0
"1022",2004-03-05,NA,NA,0,0
"1023",2004-03-08,NA,NA,0,0
"1024",2004-03-09,NA,NA,0,0
"1025",2004-03-10,NA,NA,0,0
"1026",2004-03-11,NA,NA,0,0
"1027",2004-03-12,NA,NA,0,0
"1028",2004-03-15,NA,NA,0,0
"1029",2004-03-16,NA,NA,0,0
"1030",2004-03-17,NA,NA,0,0
"1031",2004-03-18,NA,NA,0,0
"1032",2004-03-19,NA,NA,0,0
"1033",2004-03-22,NA,NA,0,0
"1034",2004-03-23,NA,NA,0,0
"1035",2004-03-24,NA,NA,0,0
"1036",2004-03-25,NA,NA,0,0
"1037",2004-03-26,NA,NA,0,0
"1038",2004-03-29,NA,NA,0,0
"1039",2004-03-30,NA,NA,0,0
"1040",2004-03-31,NA,NA,0,0
"1041",2004-04-01,NA,NA,0,0
"1042",2004-04-02,NA,NA,0,0
"1043",2004-04-06,NA,NA,0,0
"1044",2004-04-07,NA,NA,0,0
"1045",2004-04-08,NA,NA,0,0
"1046",2004-04-09,NA,NA,0,0
"1047",2004-04-12,NA,NA,0,0
"1048",2004-04-13,NA,NA,0,0
"1049",2004-04-14,NA,NA,0,0
"1050",2004-04-16,NA,NA,0,0
"1051",2004-04-19,NA,NA,0,0
"1052",2004-04-20,NA,NA,0,0
"1053",2004-04-21,NA,NA,0,0
"1054",2004-04-22,NA,NA,0,0
"1055",2004-04-23,NA,NA,0,0
"1056",2004-04-26,NA,NA,0,0
"1057",2004-04-27,NA,NA,0,0
"1058",2004-04-28,NA,NA,0,0
"1059",2004-04-29,NA,NA,0,0
"1060",2004-04-30,NA,NA,0,0
"1061",2004-05-03,NA,NA,0,0
"1062",2004-05-04,NA,NA,0,0
"1063",2004-05-06,NA,NA,0,0
"1064",2004-05-07,NA,NA,0,0
"1065",2004-05-10,NA,NA,0,0
"1066",2004-05-11,NA,NA,0,0
"1067",2004-05-12,NA,NA,0,0
"1068",2004-05-13,NA,NA,0,0
"1069",2004-05-14,NA,NA,0,0
"1070",2004-05-17,NA,NA,0,0
"1071",2004-05-18,NA,NA,0,0
"1072",2004-05-19,NA,NA,0,0
"1073",2004-05-20,NA,NA,0,0
"1074",2004-05-21,NA,NA,0,0
"1075",2004-05-24,NA,NA,0,0
"1076",2004-05-25,NA,NA,0,0
"1077",2004-05-27,NA,NA,0,0
"1078",2004-05-28,NA,NA,0,0
"1079",2004-05-31,NA,NA,0,0
"1080",2004-06-01,NA,NA,0,0
"1081",2004-06-02,NA,NA,0,0
"1082",2004-06-03,NA,NA,0,0
"1083",2004-06-04,NA,NA,0,0
"1084",2004-06-07,NA,NA,0,0
"1085",2004-06-08,NA,NA,0,0
"1086",2004-06-09,NA,NA,0,0
"1087",2004-06-10,NA,NA,0,0
"1088",2004-06-11,NA,NA,0,0
"1089",2004-06-14,NA,NA,0,0
"1090",2004-06-15,NA,NA,0,0
"1091",2004-06-16,NA,NA,0,0
"1092",2004-06-17,NA,NA,0,0
"1093",2004-06-18,NA,NA,0,0
"1094",2004-06-21,NA,NA,0,0
"1095",2004-06-22,NA,NA,0,0
"1096",2004-06-23,NA,NA,0,0
"1097",2004-06-24,NA,NA,0,0
"1098",2004-06-25,NA,NA,0,0
"1099",2004-06-28,NA,NA,0,0
"1100",2004-06-29,NA,NA,0,0
"1101",2004-06-30,NA,NA,0,0
"1102",2004-07-01,NA,NA,0,0
"1103",2004-07-02,NA,NA,0,0
"1104",2004-07-05,NA,NA,0,0
"1105",2004-07-06,NA,NA,0,0
"1106",2004-07-07,NA,NA,0,0
"1107",2004-07-08,NA,NA,0,0
"1108",2004-07-09,NA,NA,0,0
"1109",2004-07-12,NA,NA,0,0
"1110",2004-07-13,NA,NA,0,0
"1111",2004-07-14,NA,NA,0,0
"1112",2004-07-15,NA,NA,0,0
"1113",2004-07-16,NA,NA,0,0
"1114",2004-07-19,NA,NA,0,0
"1115",2004-07-20,NA,NA,0,0
"1116",2004-07-21,NA,NA,0,0
"1117",2004-07-22,NA,NA,0,0
"1118",2004-07-23,NA,NA,0,0
"1119",2004-07-26,NA,NA,0,0
"1120",2004-07-27,NA,NA,0,0
"1121",2004-07-28,NA,NA,0,0
"1122",2004-07-29,NA,NA,0,0
"1123",2004-07-30,NA,NA,0,0
"1124",2004-08-02,NA,NA,0,0
"1125",2004-08-03,NA,NA,0,0
"1126",2004-08-04,NA,NA,0,0
"1127",2004-08-05,NA,NA,0,0
"1128",2004-08-06,NA,NA,0,0
"1129",2004-08-09,NA,NA,0,0
"1130",2004-08-10,NA,NA,0,0
"1131",2004-08-11,NA,NA,0,0
"1132",2004-08-12,NA,NA,0,0
"1133",2004-08-13,NA,NA,0,0
"1134",2004-08-16,NA,NA,0,0
"1135",2004-08-17,NA,NA,0,0
"1136",2004-08-18,NA,NA,0,0
"1137",2004-08-19,NA,NA,0,0
"1138",2004-08-20,NA,NA,0,0
"1139",2004-08-23,NA,NA,0,0
"1140",2004-08-24,NA,NA,0,0
"1141",2004-08-25,NA,NA,0,0
"1142",2004-08-26,NA,NA,0,0
"1143",2004-08-27,NA,NA,0,0
"1144",2004-08-30,NA,NA,0,0
"1145",2004-08-31,NA,NA,0,0
"1146",2004-09-01,NA,NA,0,0
"1147",2004-09-02,NA,NA,0,0
"1148",2004-09-03,NA,NA,0,0
"1149",2004-09-06,NA,NA,0,0
"1150",2004-09-07,NA,NA,0,0
"1151",2004-09-08,NA,NA,0,0
"1152",2004-09-09,NA,NA,0,0
"1153",2004-09-10,NA,NA,0,0
"1154",2004-09-13,NA,NA,0,0
"1155",2004-09-14,NA,NA,0,0
"1156",2004-09-15,NA,NA,0,0
"1157",2004-09-16,NA,NA,0,0
"1158",2004-09-17,NA,NA,0,0
"1159",2004-09-20,NA,NA,0,0
"1160",2004-09-21,NA,NA,0,0
"1161",2004-09-22,NA,NA,0,0
"1162",2004-09-23,NA,NA,0,0
"1163",2004-09-24,NA,NA,0,0
"1164",2004-09-30,NA,NA,0,0
"1165",2004-10-01,NA,NA,0,0
"1166",2004-10-04,NA,NA,0,0
"1167",2004-10-05,NA,NA,0,0
"1168",2004-10-06,NA,NA,0,0
"1169",2004-10-07,NA,NA,0,0
"1170",2004-10-08,NA,NA,0,0
"1171",2004-10-11,NA,NA,0,0
"1172",2004-10-12,NA,NA,0,0
"1173",2004-10-13,NA,NA,0,0
"1174",2004-10-14,NA,NA,0,0
"1175",2004-10-15,NA,NA,0,0
"1176",2004-10-18,NA,NA,0,0
"1177",2004-10-19,NA,NA,0,0
"1178",2004-10-20,NA,NA,0,0
"1179",2004-10-21,NA,NA,0,0
"1180",2004-10-22,NA,NA,0,0
"1181",2004-10-25,NA,NA,0,0
"1182",2004-10-26,NA,NA,0,0
"1183",2004-10-27,NA,NA,0,0
"1184",2004-10-28,NA,NA,0,0
"1185",2004-10-29,NA,NA,0,0
"1186",2004-11-01,NA,NA,0,0
"1187",2004-11-02,NA,NA,0,0
"1188",2004-11-03,NA,NA,0,0
"1189",2004-11-04,NA,NA,0,0
"1190",2004-11-05,NA,NA,0,0
"1191",2004-11-08,NA,NA,0,0
"1192",2004-11-09,NA,NA,0,0
"1193",2004-11-10,NA,NA,0,0
"1194",2004-11-11,NA,NA,0,0
"1195",2004-11-12,NA,NA,0,0
"1196",2004-11-15,NA,NA,0,0
"1197",2004-11-16,NA,NA,0,0
"1198",2004-11-17,NA,NA,0,0
"1199",2004-11-18,NA,NA,0,0
"1200",2004-11-19,NA,NA,0,0
"1201",2004-11-22,NA,NA,0,0
"1202",2004-11-23,NA,NA,0,0
"1203",2004-11-24,NA,NA,0,0
"1204",2004-11-25,NA,NA,0,0
"1205",2004-11-26,NA,NA,0,0
"1206",2004-11-29,NA,NA,0,0
"1207",2004-11-30,NA,NA,0,0
"1208",2004-12-01,NA,NA,0,0
"1209",2004-12-02,NA,NA,0,0
"1210",2004-12-03,NA,NA,0,0
"1211",2004-12-06,NA,NA,0,0
"1212",2004-12-07,NA,NA,0,0
"1213",2004-12-08,NA,NA,0,0
"1214",2004-12-09,NA,NA,0,0
"1215",2004-12-10,NA,NA,0,0
"1216",2004-12-13,NA,NA,0,0
"1217",2004-12-14,NA,NA,0,0
"1218",2004-12-15,NA,NA,0,0
"1219",2004-12-16,NA,NA,0,0
"1220",2004-12-17,NA,NA,0,0
"1221",2004-12-20,NA,NA,0,0
"1222",2004-12-21,NA,NA,0,0
"1223",2004-12-22,NA,NA,0,0
"1224",2004-12-23,NA,NA,0,0
"1225",2004-12-24,NA,NA,0,0
"1226",2004-12-27,NA,NA,0,0
"1227",2004-12-28,NA,NA,0,0
"1228",2004-12-29,NA,NA,0,0
"1229",2004-12-30,NA,NA,0,0
"1230",2005-01-03,NA,NA,0,0
"1231",2005-01-04,NA,NA,0,0
"1232",2005-01-05,NA,NA,0,0
"1233",2005-01-06,NA,NA,0,0
"1234",2005-01-07,NA,NA,0,0
"1235",2005-01-10,NA,NA,0,0
"1236",2005-01-11,NA,NA,0,0
"1237",2005-01-12,NA,NA,0,0
"1238",2005-01-13,NA,NA,0,0
"1239",2005-01-14,NA,NA,0,0
"1240",2005-01-17,NA,NA,0,0
"1241",2005-01-18,NA,NA,0,0
"1242",2005-01-19,NA,NA,0,0
"1243",2005-01-20,NA,NA,0,0
"1244",2005-01-21,NA,NA,0,0
"1245",2005-01-24,NA,NA,0,0
"1246",2005-01-25,NA,NA,0,0
"1247",2005-01-26,NA,NA,0,0
"1248",2005-01-27,NA,NA,0,0
"1249",2005-01-28,NA,NA,0,0
"1250",2005-01-31,NA,NA,0,0
"1251",2005-02-01,NA,NA,0,0
"1252",2005-02-02,NA,NA,0,0
"1253",2005-02-03,NA,NA,0,0
"1254",2005-02-04,NA,NA,0,0
"1255",2005-02-07,NA,NA,0,0
"1256",2005-02-11,NA,NA,0,0
"1257",2005-02-14,NA,NA,0,0
"1258",2005-02-15,NA,NA,0,0
"1259",2005-02-16,NA,NA,0,0
"1260",2005-02-17,NA,NA,0,0
"1261",2005-02-18,NA,NA,0,0
"1262",2005-02-21,NA,NA,0,0
"1263",2005-02-22,NA,NA,0,0
"1264",2005-02-23,NA,NA,0,0
"1265",2005-02-24,NA,NA,0,0
"1266",2005-02-25,NA,NA,0,0
"1267",2005-02-28,NA,NA,0,0
"1268",2005-03-02,NA,NA,0,0
"1269",2005-03-03,NA,NA,0,0
"1270",2005-03-04,NA,NA,0,0
"1271",2005-03-07,NA,NA,0,0
"1272",2005-03-08,NA,NA,0,0
"1273",2005-03-09,NA,NA,0,0
"1274",2005-03-10,NA,NA,0,0
"1275",2005-03-11,NA,NA,0,0
"1276",2005-03-14,NA,NA,0,0
"1277",2005-03-15,NA,NA,0,0
"1278",2005-03-16,NA,NA,0,0
"1279",2005-03-17,NA,NA,0,0
"1280",2005-03-18,NA,NA,0,0
"1281",2005-03-21,NA,NA,0,0
"1282",2005-03-22,NA,NA,0,0
"1283",2005-03-23,NA,NA,0,0
"1284",2005-03-24,NA,NA,0,0
"1285",2005-03-25,NA,NA,0,0
"1286",2005-03-28,NA,NA,0,0
"1287",2005-03-29,NA,NA,0,0
"1288",2005-03-30,NA,NA,0,0
"1289",2005-03-31,NA,NA,0,0
"1290",2005-04-01,NA,NA,0,0
"1291",2005-04-04,NA,NA,0,0
"1292",2005-04-06,NA,NA,0,0
"1293",2005-04-07,NA,NA,0,0
"1294",2005-04-08,NA,NA,0,0
"1295",2005-04-11,NA,NA,0,0
"1296",2005-04-12,NA,NA,0,0
"1297",2005-04-13,NA,NA,0,0
"1298",2005-04-14,NA,NA,0,0
"1299",2005-04-15,NA,NA,0,0
"1300",2005-04-18,NA,NA,0,0
"1301",2005-04-19,NA,NA,0,0
"1302",2005-04-20,NA,NA,0,0
"1303",2005-04-21,NA,NA,0,0
"1304",2005-04-22,NA,NA,0,0
"1305",2005-04-25,NA,NA,0,0
"1306",2005-04-26,NA,NA,0,0
"1307",2005-04-27,NA,NA,0,0
"1308",2005-04-28,NA,NA,0,0
"1309",2005-04-29,NA,NA,0,0
"1310",2005-05-02,NA,NA,0,0
"1311",2005-05-03,NA,NA,0,0
"1312",2005-05-04,NA,NA,0,0
"1313",2005-05-06,NA,NA,0,0
"1314",2005-05-09,NA,NA,0,0
"1315",2005-05-10,NA,NA,0,0
"1316",2005-05-11,NA,NA,0,0
"1317",2005-05-12,NA,NA,0,0
"1318",2005-05-13,NA,NA,0,0
"1319",2005-05-16,NA,NA,0,0
"1320",2005-05-17,NA,NA,0,0
"1321",2005-05-18,NA,NA,0,0
"1322",2005-05-19,NA,NA,0,0
"1323",2005-05-20,NA,NA,0,0
"1324",2005-05-23,NA,NA,0,0
"1325",2005-05-24,NA,NA,0,0
"1326",2005-05-25,NA,NA,0,0
"1327",2005-05-26,NA,NA,0,0
"1328",2005-05-27,NA,NA,0,0
"1329",2005-05-30,NA,NA,0,0
"1330",2005-05-31,NA,NA,0,0
"1331",2005-06-01,NA,NA,0,0
"1332",2005-06-02,NA,NA,0,0
"1333",2005-06-03,NA,NA,0,0
"1334",2005-06-07,NA,NA,0,0
"1335",2005-06-08,NA,NA,0,0
"1336",2005-06-09,NA,NA,0,0
"1337",2005-06-10,NA,NA,0,0
"1338",2005-06-13,NA,NA,0,0
"1339",2005-06-14,NA,NA,0,0
"1340",2005-06-15,NA,NA,0,0
"1341",2005-06-16,NA,NA,0,0
"1342",2005-06-17,NA,NA,0,0
"1343",2005-06-20,NA,NA,0,0
"1344",2005-06-21,NA,NA,0,0
"1345",2005-06-22,NA,NA,0,0
"1346",2005-06-23,NA,NA,0,0
"1347",2005-06-24,NA,NA,0,0
"1348",2005-06-27,NA,NA,0,0
"1349",2005-06-28,NA,NA,0,0
"1350",2005-06-29,NA,NA,0,0
"1351",2005-06-30,NA,NA,0,0
"1352",2005-07-01,NA,NA,0,0
"1353",2005-07-04,NA,NA,0,0
"1354",2005-07-05,NA,NA,0,0
"1355",2005-07-06,NA,NA,0,0
"1356",2005-07-07,NA,NA,0,0
"1357",2005-07-08,NA,NA,0,0
"1358",2005-07-11,NA,NA,0,0
"1359",2005-07-12,NA,NA,0,0
"1360",2005-07-13,NA,NA,0,0
"1361",2005-07-14,NA,NA,0,0
"1362",2005-07-15,NA,NA,0,0
"1363",2005-07-18,NA,NA,0,0
"1364",2005-07-19,NA,NA,0,0
"1365",2005-07-20,NA,NA,0,0
"1366",2005-07-21,NA,NA,0,0
"1367",2005-07-22,NA,NA,0,0
"1368",2005-07-25,NA,NA,0,0
"1369",2005-07-26,NA,NA,0,0
"1370",2005-07-27,NA,NA,0,0
"1371",2005-07-28,NA,NA,0,0
"1372",2005-07-29,NA,NA,0,0
"1373",2005-08-01,NA,NA,0,0
"1374",2005-08-02,NA,NA,0,0
"1375",2005-08-03,NA,NA,0,0
"1376",2005-08-04,NA,NA,0,0
"1377",2005-08-05,NA,NA,0,0
"1378",2005-08-08,NA,NA,0,0
"1379",2005-08-09,NA,NA,0,0
"1380",2005-08-10,NA,NA,0,0
"1381",2005-08-11,NA,NA,0,0
"1382",2005-08-12,NA,NA,0,0
"1383",2005-08-16,NA,NA,0,0
"1384",2005-08-17,NA,NA,0,0
"1385",2005-08-18,NA,NA,0,0
"1386",2005-08-19,NA,NA,0,0
"1387",2005-08-22,NA,NA,0,0
"1388",2005-08-23,NA,NA,0,0
"1389",2005-08-24,NA,NA,0,0
"1390",2005-08-25,NA,NA,0,0
"1391",2005-08-26,NA,NA,0,0
"1392",2005-08-29,NA,NA,0,0
"1393",2005-08-30,NA,NA,0,0
"1394",2005-08-31,NA,NA,0,0
"1395",2005-09-01,NA,NA,0,0
"1396",2005-09-02,NA,NA,0,0
"1397",2005-09-05,NA,NA,0,0
"1398",2005-09-06,NA,NA,0,0
"1399",2005-09-07,NA,NA,0,0
"1400",2005-09-08,NA,NA,0,0
"1401",2005-09-09,NA,NA,0,0
"1402",2005-09-12,NA,NA,0,0
"1403",2005-09-13,NA,NA,0,0
"1404",2005-09-14,NA,NA,0,0
"1405",2005-09-15,NA,NA,0,0
"1406",2005-09-16,NA,NA,0,0
"1407",2005-09-20,NA,NA,0,0
"1408",2005-09-21,NA,NA,0,0
"1409",2005-09-22,NA,NA,0,0
"1410",2005-09-23,NA,NA,0,0
"1411",2005-09-26,NA,NA,0,0
"1412",2005-09-27,NA,NA,0,0
"1413",2005-09-28,NA,NA,0,0
"1414",2005-09-29,NA,NA,0,0
"1415",2005-09-30,NA,NA,0,0
"1416",2005-10-04,NA,NA,0,0
"1417",2005-10-05,NA,NA,0,0
"1418",2005-10-06,NA,NA,0,0
"1419",2005-10-07,NA,NA,0,0
"1420",2005-10-10,NA,NA,0,0
"1421",2005-10-11,NA,NA,0,0
"1422",2005-10-12,NA,NA,0,0
"1423",2005-10-13,NA,NA,0,0
"1424",2005-10-14,NA,NA,0,0
"1425",2005-10-17,NA,NA,0,0
"1426",2005-10-18,NA,NA,0,0
"1427",2005-10-19,NA,NA,0,0
"1428",2005-10-20,NA,NA,0,0
"1429",2005-10-21,NA,NA,0,0
"1430",2005-10-24,NA,NA,0,0
"1431",2005-10-25,NA,NA,0,0
"1432",2005-10-26,NA,NA,0,0
"1433",2005-10-27,NA,NA,0,0
"1434",2005-10-28,NA,NA,0,0
"1435",2005-10-31,NA,NA,0,0
"1436",2005-11-01,NA,NA,0,0
"1437",2005-11-02,NA,NA,0,0
"1438",2005-11-03,NA,NA,0,0
"1439",2005-11-04,NA,NA,0,0
"1440",2005-11-07,NA,NA,0,0
"1441",2005-11-08,NA,NA,0,0
"1442",2005-11-09,NA,NA,0,0
"1443",2005-11-10,NA,NA,0,0
"1444",2005-11-11,NA,NA,0,0
"1445",2005-11-14,NA,NA,0,0
"1446",2005-11-15,NA,NA,0,0
"1447",2005-11-16,NA,NA,0,0
"1448",2005-11-17,NA,NA,0,0
"1449",2005-11-18,NA,NA,0,0
"1450",2005-11-21,NA,NA,0,0
"1451",2005-11-22,NA,NA,0,0
"1452",2005-11-23,NA,NA,0,0
"1453",2005-11-24,NA,NA,0,0
"1454",2005-11-25,NA,NA,0,0
"1455",2005-11-28,NA,NA,0,0
"1456",2005-11-29,NA,NA,0,0
"1457",2005-11-30,NA,NA,0,0
"1458",2005-12-01,NA,NA,0,0
"1459",2005-12-02,NA,NA,0,0
"1460",2005-12-05,NA,NA,0,0
"1461",2005-12-06,NA,NA,0,0
"1462",2005-12-07,NA,NA,0,0
"1463",2005-12-08,NA,NA,0,0
"1464",2005-12-09,NA,NA,0,0
"1465",2005-12-12,NA,NA,0,0
"1466",2005-12-13,NA,NA,0,0
"1467",2005-12-14,NA,NA,0,0
"1468",2005-12-15,NA,NA,0,0
"1469",2005-12-16,NA,NA,0,0
"1470",2005-12-19,NA,NA,0,0
"1471",2005-12-20,NA,NA,0,0
"1472",2005-12-21,NA,NA,0,0
"1473",2005-12-22,NA,NA,0,0
"1474",2005-12-23,NA,NA,0,0
"1475",2005-12-26,NA,NA,0,0
"1476",2005-12-27,NA,NA,0,0
"1477",2005-12-28,NA,NA,0,0
"1478",2005-12-29,NA,NA,0,0
"1479",2006-01-02,NA,NA,0,0
"1480",2006-01-03,NA,NA,0,0
"1481",2006-01-04,NA,NA,0,0
"1482",2006-01-05,NA,NA,0,0
"1483",2006-01-06,NA,NA,0,0
"1484",2006-01-09,NA,NA,0,0
"1485",2006-01-10,NA,NA,0,0
"1486",2006-01-11,NA,NA,0,0
"1487",2006-01-12,NA,NA,0,0
"1488",2006-01-13,NA,NA,0,0
"1489",2006-01-16,NA,NA,0,0
"1490",2006-01-17,NA,NA,0,0
"1491",2006-01-18,NA,NA,0,0
"1492",2006-01-19,NA,NA,0,0
"1493",2006-01-20,NA,NA,0,0
"1494",2006-01-23,NA,NA,0,0
"1495",2006-01-24,NA,NA,0,0
"1496",2006-01-25,NA,NA,0,0
"1497",2006-01-26,NA,NA,0,0
"1498",2006-01-27,NA,NA,0,0
"1499",2006-01-31,NA,NA,0,0
"1500",2006-02-01,NA,NA,0,0
"1501",2006-02-02,NA,NA,0,0
"1502",2006-02-03,NA,NA,0,0
"1503",2006-02-06,NA,NA,0,0
"1504",2006-02-07,NA,NA,0,0
"1505",2006-02-08,NA,NA,0,0
"1506",2006-02-09,NA,NA,0,0
"1507",2006-02-10,NA,NA,0,0
"1508",2006-02-13,NA,NA,0,0
"1509",2006-02-14,NA,NA,0,0
"1510",2006-02-15,NA,NA,0,0
"1511",2006-02-16,NA,NA,0,0
"1512",2006-02-17,NA,NA,0,0
"1513",2006-02-20,NA,NA,0,0
"1514",2006-02-21,NA,NA,0,0
"1515",2006-02-22,NA,NA,0,0
"1516",2006-02-23,NA,NA,0,0
"1517",2006-02-24,NA,NA,0,0
"1518",2006-02-27,NA,NA,0,0
"1519",2006-02-28,NA,NA,0,0
"1520",2006-03-02,NA,NA,0,0
"1521",2006-03-03,NA,NA,0,0
"1522",2006-03-06,NA,NA,0,0
"1523",2006-03-07,NA,NA,0,0
"1524",2006-03-08,NA,NA,0,0
"1525",2006-03-09,NA,NA,0,0
"1526",2006-03-10,NA,NA,0,0
"1527",2006-03-13,NA,NA,0,0
"1528",2006-03-14,NA,NA,0,0
"1529",2006-03-15,NA,NA,0,0
"1530",2006-03-16,NA,NA,0,0
"1531",2006-03-17,NA,NA,0,0
"1532",2006-03-20,NA,NA,0,0
"1533",2006-03-21,NA,NA,0,0
"1534",2006-03-22,NA,NA,0,0
"1535",2006-03-23,NA,NA,0,0
"1536",2006-03-24,NA,NA,0,0
"1537",2006-03-27,NA,NA,0,0
"1538",2006-03-28,NA,NA,0,0
"1539",2006-03-29,NA,NA,0,0
"1540",2006-03-30,NA,NA,0,0
"1541",2006-03-31,NA,NA,0,0
"1542",2006-04-03,NA,NA,0,0
"1543",2006-04-04,NA,NA,0,0
"1544",2006-04-05,NA,NA,0,0
"1545",2006-04-06,NA,NA,0,0
"1546",2006-04-07,NA,NA,0,0
"1547",2006-04-10,NA,NA,0,0
"1548",2006-04-11,NA,NA,0,0
"1549",2006-04-12,NA,NA,0,0
"1550",2006-04-13,NA,NA,0,0
"1551",2006-04-14,NA,NA,0,0
"1552",2006-04-17,NA,NA,0,0
"1553",2006-04-18,NA,NA,0,0
"1554",2006-04-19,NA,NA,0,0
"1555",2006-04-20,NA,NA,0,0
"1556",2006-04-21,NA,NA,0,0
"1557",2006-04-24,NA,NA,0,0
"1558",2006-04-25,NA,NA,0,0
"1559",2006-04-26,NA,NA,0,0
"1560",2006-04-27,NA,NA,0,0
"1561",2006-04-28,NA,NA,0,0
"1562",2006-05-02,NA,NA,0,0
"1563",2006-05-03,NA,NA,0,0
"1564",2006-05-04,NA,NA,0,0
"1565",2006-05-08,NA,NA,0,0
"1566",2006-05-09,NA,NA,0,0
"1567",2006-05-10,NA,NA,0,0
"1568",2006-05-11,NA,NA,0,0
"1569",2006-05-12,NA,NA,0,0
"1570",2006-05-15,NA,NA,0,0
"1571",2006-05-16,NA,NA,0,0
"1572",2006-05-17,NA,NA,0,0
"1573",2006-05-18,NA,NA,0,0
"1574",2006-05-19,NA,NA,0,0
"1575",2006-05-22,NA,NA,0,0
"1576",2006-05-23,NA,NA,0,0
"1577",2006-05-24,NA,NA,0,0
"1578",2006-05-25,NA,NA,0,0
"1579",2006-05-26,NA,NA,0,0
"1580",2006-05-29,NA,NA,0,0
"1581",2006-05-30,NA,NA,0,0
"1582",2006-06-01,NA,NA,0,0
"1583",2006-06-02,NA,NA,0,0
"1584",2006-06-05,NA,NA,0,0
"1585",2006-06-07,NA,NA,0,0
"1586",2006-06-08,NA,NA,0,0
"1587",2006-06-09,NA,NA,0,0
"1588",2006-06-12,NA,NA,0,0
"1589",2006-06-13,NA,NA,0,0
"1590",2006-06-14,NA,NA,0,0
"1591",2006-06-15,NA,NA,0,0
"1592",2006-06-16,NA,NA,0,0
"1593",2006-06-19,NA,NA,0,0
"1594",2006-06-20,NA,NA,0,0
"1595",2006-06-21,NA,NA,0,0
"1596",2006-06-22,NA,NA,0,0
"1597",2006-06-23,NA,NA,0,0
"1598",2006-06-26,NA,NA,0,0
"1599",2006-06-27,NA,NA,0,0
"1600",2006-06-28,NA,NA,0,0
"1601",2006-06-29,NA,NA,0,0
"1602",2006-06-30,NA,NA,0,0
"1603",2006-07-03,NA,NA,0,0
"1604",2006-07-04,NA,NA,0,0
"1605",2006-07-05,NA,NA,0,0
"1606",2006-07-06,NA,NA,0,0
"1607",2006-07-07,NA,NA,0,0
"1608",2006-07-10,NA,NA,0,0
"1609",2006-07-11,NA,NA,0,0
"1610",2006-07-12,NA,NA,0,0
"1611",2006-07-13,NA,NA,0,0
"1612",2006-07-14,NA,NA,0,0
"1613",2006-07-18,NA,NA,0,0
"1614",2006-07-19,NA,NA,0,0
"1615",2006-07-20,NA,NA,0,0
"1616",2006-07-21,NA,NA,0,0
"1617",2006-07-24,NA,NA,0,0
"1618",2006-07-25,NA,NA,0,0
"1619",2006-07-26,NA,NA,0,0
"1620",2006-07-27,NA,NA,0,0
"1621",2006-07-28,NA,NA,0,0
"1622",2006-07-31,NA,NA,0,0
"1623",2006-08-01,NA,NA,0,0
"1624",2006-08-02,NA,NA,0,0
"1625",2006-08-03,NA,NA,0,0
"1626",2006-08-04,NA,NA,0,0
"1627",2006-08-07,NA,NA,0,0
"1628",2006-08-08,NA,NA,0,0
"1629",2006-08-09,NA,NA,0,0
"1630",2006-08-10,NA,NA,0,0
"1631",2006-08-11,NA,NA,0,0
"1632",2006-08-14,NA,NA,0,0
"1633",2006-08-16,NA,NA,0,0
"1634",2006-08-17,NA,NA,0,0
"1635",2006-08-18,NA,NA,0,0
"1636",2006-08-21,NA,NA,0,0
"1637",2006-08-22,NA,NA,0,0
"1638",2006-08-23,NA,NA,0,0
"1639",2006-08-24,NA,NA,0,0
"1640",2006-08-25,NA,NA,0,0
"1641",2006-08-28,NA,NA,0,0
"1642",2006-08-29,NA,NA,0,0
"1643",2006-08-30,NA,NA,0,0
"1644",2006-08-31,NA,NA,0,0
"1645",2006-09-01,NA,NA,0,0
"1646",2006-09-04,NA,NA,0,0
"1647",2006-09-05,NA,NA,0,0
"1648",2006-09-06,NA,NA,0,0
"1649",2006-09-07,NA,NA,0,0
"1650",2006-09-08,NA,NA,0,0
"1651",2006-09-11,NA,NA,0,0
"1652",2006-09-12,NA,NA,0,0
"1653",2006-09-13,NA,NA,0,0
"1654",2006-09-14,NA,NA,0,0
"1655",2006-09-15,NA,NA,0,0
"1656",2006-09-18,NA,NA,0,0
"1657",2006-09-19,NA,NA,0,0
"1658",2006-09-20,NA,NA,0,0
"1659",2006-09-21,NA,NA,0,0
"1660",2006-09-22,NA,NA,0,0
"1661",2006-09-25,NA,NA,0,0
"1662",2006-09-26,NA,NA,0,0
"1663",2006-09-27,NA,NA,0,0
"1664",2006-09-28,NA,NA,0,0
"1665",2006-09-29,NA,NA,0,0
"1666",2006-10-02,NA,NA,0,0
"1667",2006-10-04,NA,NA,0,0
"1668",2006-10-09,NA,NA,0,0
"1669",2006-10-10,NA,NA,0,0
"1670",2006-10-11,NA,NA,0,0
"1671",2006-10-12,NA,NA,0,0
"1672",2006-10-13,NA,NA,0,0
"1673",2006-10-16,NA,NA,0,0
"1674",2006-10-17,NA,NA,0,0
"1675",2006-10-18,NA,NA,0,0
"1676",2006-10-19,NA,NA,0,0
"1677",2006-10-20,NA,NA,0,0
"1678",2006-10-23,NA,NA,0,0
"1679",2006-10-24,NA,NA,0,0
"1680",2006-10-25,NA,NA,0,0
"1681",2006-10-26,NA,NA,0,0
"1682",2006-10-27,NA,NA,0,0
"1683",2006-10-30,NA,NA,0,0
"1684",2006-10-31,NA,NA,0,0
"1685",2006-11-01,NA,NA,0,0
"1686",2006-11-02,NA,NA,0,0
"1687",2006-11-03,NA,NA,0,0
"1688",2006-11-06,NA,NA,0,0
"1689",2006-11-07,NA,NA,0,0
"1690",2006-11-08,NA,NA,0,0
"1691",2006-11-09,NA,NA,0,0
"1692",2006-11-10,NA,NA,0,0
"1693",2006-11-13,NA,NA,0,0
"1694",2006-11-14,NA,NA,0,0
"1695",2006-11-15,NA,NA,0,0
"1696",2006-11-16,NA,NA,0,0
"1697",2006-11-17,NA,NA,0,0
"1698",2006-11-20,NA,NA,0,0
"1699",2006-11-21,NA,NA,0,0
"1700",2006-11-22,NA,NA,0,0
"1701",2006-11-23,NA,NA,0,0
"1702",2006-11-24,NA,NA,0,0
"1703",2006-11-27,NA,NA,0,0
"1704",2006-11-28,NA,NA,0,0
"1705",2006-11-29,NA,NA,0,0
"1706",2006-11-30,NA,NA,0,0
"1707",2006-12-01,NA,NA,0,0
"1708",2006-12-04,NA,NA,0,0
"1709",2006-12-05,NA,NA,0,0
"1710",2006-12-06,NA,NA,0,0
"1711",2006-12-07,NA,NA,0,0
"1712",2006-12-08,NA,NA,0,0
"1713",2006-12-11,NA,NA,0,0
"1714",2006-12-12,NA,NA,0,0
"1715",2006-12-13,NA,NA,0,0
"1716",2006-12-14,NA,NA,0,0
"1717",2006-12-15,NA,NA,0,0
"1718",2006-12-18,NA,NA,0,0
"1719",2006-12-19,NA,NA,0,0
"1720",2006-12-20,NA,NA,0,0
"1721",2006-12-21,NA,NA,0,0
"1722",2006-12-22,NA,NA,0,0
"1723",2006-12-26,NA,NA,0,0
"1724",2006-12-27,NA,NA,0,0
"1725",2006-12-28,NA,NA,0,0
"1726",2007-01-02,NA,NA,0,0
"1727",2007-01-03,NA,NA,0,0
"1728",2007-01-04,NA,NA,0,0
"1729",2007-01-05,NA,NA,0,0
"1730",2007-01-08,NA,NA,0,0
"1731",2007-01-09,NA,NA,0,0
"1732",2007-01-10,NA,NA,0,0
"1733",2007-01-11,NA,NA,0,0
"1734",2007-01-12,NA,NA,0,0
"1735",2007-01-15,NA,NA,0,0
"1736",2007-01-16,NA,NA,0,0
"1737",2007-01-17,NA,NA,0,0
"1738",2007-01-18,NA,NA,0,0
"1739",2007-01-19,NA,NA,0,0
"1740",2007-01-22,NA,NA,0,0
"1741",2007-01-23,NA,NA,0,0
"1742",2007-01-24,NA,NA,0,0
"1743",2007-01-25,NA,NA,0,0
"1744",2007-01-26,NA,NA,0,0
"1745",2007-01-29,NA,NA,0,0
"1746",2007-01-30,NA,NA,0,0
"1747",2007-01-31,NA,NA,0,0
"1748",2007-02-01,NA,NA,0,0
"1749",2007-02-02,NA,NA,0,0
"1750",2007-02-05,NA,NA,0,0
"1751",2007-02-06,NA,NA,0,0
"1752",2007-02-07,NA,NA,0,0
"1753",2007-02-08,NA,NA,0,0
"1754",2007-02-09,NA,NA,0,0
"1755",2007-02-12,NA,NA,0,0
"1756",2007-02-13,NA,NA,0,0
"1757",2007-02-14,NA,NA,0,0
"1758",2007-02-15,NA,NA,0,0
"1759",2007-02-16,NA,NA,0,0
"1760",2007-02-20,NA,NA,0,0
"1761",2007-02-21,NA,NA,0,0
"1762",2007-02-22,NA,NA,0,0
"1763",2007-02-23,NA,NA,0,0
"1764",2007-02-26,NA,NA,0,0
"1765",2007-02-27,NA,NA,0,0
"1766",2007-02-28,NA,NA,0,0
"1767",2007-03-02,NA,NA,0,0
"1768",2007-03-05,NA,NA,0,0
"1769",2007-03-06,NA,NA,0,0
"1770",2007-03-07,NA,NA,0,0
"1771",2007-03-08,NA,NA,0,0
"1772",2007-03-09,NA,NA,0,0
"1773",2007-03-12,NA,NA,0,0
"1774",2007-03-13,NA,NA,0,0
"1775",2007-03-14,NA,NA,0,0
"1776",2007-03-15,NA,NA,0,0
"1777",2007-03-16,NA,NA,0,0
"1778",2007-03-19,NA,NA,0,0
"1779",2007-03-20,NA,NA,0,0
"1780",2007-03-21,NA,NA,0,0
"1781",2007-03-22,NA,NA,0,0
"1782",2007-03-23,NA,NA,0,0
"1783",2007-03-26,NA,NA,0,0
"1784",2007-03-27,NA,NA,0,0
"1785",2007-03-28,NA,NA,0,0
"1786",2007-03-29,NA,NA,0,0
"1787",2007-03-30,NA,NA,0,0
"1788",2007-04-02,NA,NA,0,0
"1789",2007-04-03,NA,NA,0,0
"1790",2007-04-04,NA,NA,0,0
"1791",2007-04-05,NA,NA,0,0
"1792",2007-04-06,NA,NA,0,0
"1793",2007-04-09,NA,NA,0,0
"1794",2007-04-10,NA,NA,0,0
"1795",2007-04-11,NA,NA,0,0
"1796",2007-04-12,NA,NA,0,0
"1797",2007-04-13,NA,NA,0,0
"1798",2007-04-16,NA,NA,0,0
"1799",2007-04-17,NA,NA,0,0
"1800",2007-04-18,NA,NA,0,0
"1801",2007-04-19,NA,NA,0,0
"1802",2007-04-20,NA,NA,0,0
"1803",2007-04-23,NA,NA,0,0
"1804",2007-04-24,NA,NA,0,0
"1805",2007-04-25,NA,NA,0,0
"1806",2007-04-26,NA,NA,0,0
"1807",2007-04-27,NA,NA,0,0
"1808",2007-04-30,NA,NA,0,0
"1809",2007-05-02,NA,NA,0,0
"1810",2007-05-03,NA,NA,0,0
"1811",2007-05-04,NA,NA,0,0
"1812",2007-05-07,NA,NA,0,0
"1813",2007-05-08,NA,NA,0,0
"1814",2007-05-09,NA,NA,0,0
"1815",2007-05-10,NA,NA,0,0
"1816",2007-05-11,NA,NA,0,0
"1817",2007-05-14,NA,NA,0,0
"1818",2007-05-15,NA,NA,0,0
"1819",2007-05-16,NA,NA,0,0
"1820",2007-05-17,NA,NA,0,0
"1821",2007-05-18,NA,NA,0,0
"1822",2007-05-21,NA,NA,0,0
"1823",2007-05-22,NA,NA,0,0
"1824",2007-05-23,NA,NA,0,0
"1825",2007-05-25,NA,NA,0,0
"1826",2007-05-28,NA,NA,0,0
"1827",2007-05-29,NA,NA,0,0
"1828",2007-05-30,NA,NA,0,0
"1829",2007-05-31,NA,NA,0,0
"1830",2007-06-01,NA,NA,0,0
"1831",2007-06-04,NA,NA,0,0
"1832",2007-06-05,NA,NA,0,0
"1833",2007-06-07,NA,NA,0,0
"1834",2007-06-08,NA,NA,0,0
"1835",2007-06-11,NA,NA,0,0
"1836",2007-06-12,NA,NA,0,0
"1837",2007-06-13,NA,NA,0,0
"1838",2007-06-14,NA,NA,0,0
"1839",2007-06-15,NA,NA,0,0
"1840",2007-06-18,NA,NA,0,0
"1841",2007-06-19,NA,NA,0,0
"1842",2007-06-20,NA,NA,0,0
"1843",2007-06-21,NA,NA,0,0
"1844",2007-06-22,NA,NA,0,0
"1845",2007-06-25,NA,NA,0,0
"1846",2007-06-26,NA,NA,0,0
"1847",2007-06-27,NA,NA,0,0
"1848",2007-06-28,NA,NA,0,0
"1849",2007-06-29,NA,NA,0,0
"1850",2007-07-02,NA,NA,0,0
"1851",2007-07-03,NA,NA,0,0
"1852",2007-07-04,NA,NA,0,0
"1853",2007-07-05,NA,NA,0,0
"1854",2007-07-06,NA,NA,0,0
"1855",2007-07-09,NA,NA,0,0
"1856",2007-07-10,NA,NA,0,0
"1857",2007-07-11,NA,NA,0,0
"1858",2007-07-12,NA,NA,0,0
"1859",2007-07-13,NA,NA,0,0
"1860",2007-07-16,NA,NA,0,0
"1861",2007-07-18,NA,NA,0,0
"1862",2007-07-19,NA,NA,0,0
"1863",2007-07-20,NA,NA,0,0
"1864",2007-07-23,NA,NA,0,0
"1865",2007-07-24,NA,NA,0,0
"1866",2007-07-25,NA,NA,0,0
"1867",2007-07-26,NA,NA,0,0
"1868",2007-07-27,NA,NA,0,0
"1869",2007-07-30,NA,NA,0,0
"1870",2007-07-31,NA,NA,0,0
"1871",2007-08-01,NA,NA,0,0
"1872",2007-08-02,NA,NA,0,0
"1873",2007-08-03,NA,NA,0,0
"1874",2007-08-06,NA,NA,0,0
"1875",2007-08-07,NA,NA,0,0
"1876",2007-08-08,NA,NA,0,0
"1877",2007-08-09,NA,NA,0,0
"1878",2007-08-10,NA,NA,0,0
"1879",2007-08-13,NA,NA,0,0
"1880",2007-08-14,NA,NA,0,0
"1881",2007-08-16,NA,NA,0,0
"1882",2007-08-17,NA,NA,0,0
"1883",2007-08-20,NA,NA,0,0
"1884",2007-08-21,NA,NA,0,0
"1885",2007-08-22,NA,NA,0,0
"1886",2007-08-23,NA,NA,0,0
"1887",2007-08-24,NA,NA,0,0
"1888",2007-08-27,NA,NA,0,0
"1889",2007-08-28,NA,NA,0,0
"1890",2007-08-29,NA,NA,0,0
"1891",2007-08-30,NA,NA,0,0
"1892",2007-08-31,NA,NA,0,0
"1893",2007-09-03,NA,NA,0,0
"1894",2007-09-04,NA,NA,0,0
"1895",2007-09-05,NA,NA,0,0
"1896",2007-09-06,NA,NA,0,0
"1897",2007-09-07,NA,NA,0,0
"1898",2007-09-10,NA,NA,0,0
"1899",2007-09-11,NA,NA,0,0
"1900",2007-09-12,NA,NA,0,0
"1901",2007-09-13,NA,NA,0,0
"1902",2007-09-14,NA,NA,0,0
"1903",2007-09-17,NA,NA,0,0
"1904",2007-09-18,NA,NA,0,0
"1905",2007-09-19,NA,NA,0,0
"1906",2007-09-20,NA,NA,0,0
"1907",2007-09-21,NA,NA,0,0
"1908",2007-09-27,NA,NA,0,0
"1909",2007-09-28,NA,NA,0,0
"1910",2007-10-01,NA,NA,0,0
"1911",2007-10-02,NA,NA,0,0
"1912",2007-10-04,NA,NA,0,0
"1913",2007-10-05,NA,NA,0,0
"1914",2007-10-08,NA,NA,0,0
"1915",2007-10-09,NA,NA,0,0
"1916",2007-10-10,NA,NA,0,0
"1917",2007-10-11,NA,NA,0,0
"1918",2007-10-12,NA,NA,0,0
"1919",2007-10-15,NA,NA,0,0
"1920",2007-10-16,NA,NA,0,0
"1921",2007-10-17,NA,NA,0,0
"1922",2007-10-18,NA,NA,0,0
"1923",2007-10-19,NA,NA,0,0
"1924",2007-10-22,NA,NA,0,0
"1925",2007-10-23,NA,NA,0,0
"1926",2007-10-24,NA,NA,0,0
"1927",2007-10-25,NA,NA,0,0
"1928",2007-10-26,NA,NA,0,0
"1929",2007-10-29,NA,NA,0,0
"1930",2007-10-30,NA,NA,0,0
"1931",2007-10-31,NA,NA,0,0
"1932",2007-11-01,NA,NA,0,0
"1933",2007-11-02,NA,NA,0,0
"1934",2007-11-05,NA,NA,0,0
"1935",2007-11-06,NA,NA,0,0
"1936",2007-11-07,NA,NA,0,0
"1937",2007-11-08,NA,NA,0,0
"1938",2007-11-09,NA,NA,0,0
"1939",2007-11-12,NA,NA,0,0
"1940",2007-11-13,NA,NA,0,0
"1941",2007-11-14,NA,NA,0,0
"1942",2007-11-15,NA,NA,0,0
"1943",2007-11-16,NA,NA,0,0
"1944",2007-11-19,NA,NA,0,0
"1945",2007-11-20,NA,NA,0,0
"1946",2007-11-21,NA,NA,0,0
"1947",2007-11-22,NA,NA,0,0
"1948",2007-11-23,NA,NA,0,0
"1949",2007-11-26,NA,NA,0,0
"1950",2007-11-27,NA,NA,0,0
"1951",2007-11-28,NA,NA,0,0
"1952",2007-11-29,NA,NA,0,0
"1953",2007-11-30,NA,NA,0,0
"1954",2007-12-03,NA,NA,0,0
"1955",2007-12-04,NA,NA,0,0
"1956",2007-12-05,NA,NA,0,0
"1957",2007-12-06,NA,NA,0,0
"1958",2007-12-07,NA,NA,0,0
"1959",2007-12-10,NA,NA,0,0
"1960",2007-12-11,NA,NA,0,0
"1961",2007-12-12,NA,NA,0,0
"1962",2007-12-13,NA,NA,0,0
"1963",2007-12-14,NA,NA,0,0
"1964",2007-12-17,NA,NA,0,0
"1965",2007-12-18,NA,NA,0,0
"1966",2007-12-20,NA,NA,0,0
"1967",2007-12-21,NA,NA,0,0
"1968",2007-12-24,NA,NA,0,0
"1969",2007-12-26,NA,NA,0,0
"1970",2007-12-27,NA,NA,0,0
"1971",2007-12-28,NA,NA,0,0
"1972",2008-01-02,NA,NA,0,0
"1973",2008-01-03,NA,NA,0,0
"1974",2008-01-04,NA,NA,0,0
"1975",2008-01-07,NA,NA,0,0
"1976",2008-01-08,NA,NA,0,0
"1977",2008-01-09,NA,NA,0,0
"1978",2008-01-10,NA,NA,0,0
"1979",2008-01-11,NA,NA,0,0
"1980",2008-01-14,NA,NA,0,0
"1981",2008-01-15,NA,NA,0,0
"1982",2008-01-16,NA,NA,0,0
"1983",2008-01-17,NA,NA,0,0
"1984",2008-01-18,NA,NA,0,0
"1985",2008-01-21,NA,NA,0,0
"1986",2008-01-22,NA,NA,0,0
"1987",2008-01-23,NA,NA,0,0
"1988",2008-01-24,NA,NA,0,0
"1989",2008-01-25,NA,NA,0,0
"1990",2008-01-28,NA,NA,0,0
"1991",2008-01-29,NA,NA,0,0
"1992",2008-01-30,NA,NA,0,0
"1993",2008-01-31,NA,NA,0,0
"1994",2008-02-01,NA,NA,0,0
"1995",2008-02-04,NA,NA,0,0
"1996",2008-02-05,NA,NA,0,0
"1997",2008-02-11,NA,NA,0,0
"1998",2008-02-12,NA,NA,0,0
"1999",2008-02-13,NA,NA,0,0
"2000",2008-02-14,NA,NA,0,0
"2001",2008-02-15,NA,NA,0,0
"2002",2008-02-18,NA,NA,0,0
"2003",2008-02-19,NA,NA,0,0
"2004",2008-02-20,NA,NA,0,0
"2005",2008-02-21,NA,NA,0,0
"2006",2008-02-22,NA,NA,0,0
"2007",2008-02-25,NA,NA,0,0
"2008",2008-02-26,NA,NA,0,0
"2009",2008-02-27,NA,NA,0,0
"2010",2008-02-28,NA,NA,0,0
"2011",2008-02-29,NA,NA,0,0
"2012",2008-03-03,NA,NA,0,0
"2013",2008-03-04,NA,NA,0,0
"2014",2008-03-05,NA,NA,0,0
"2015",2008-03-06,NA,NA,0,0
"2016",2008-03-07,NA,NA,0,0
"2017",2008-03-10,NA,NA,0,0
"2018",2008-03-11,NA,NA,0,0
"2019",2008-03-12,NA,NA,0,0
"2020",2008-03-13,NA,NA,0,0
"2021",2008-03-14,NA,NA,0,0
"2022",2008-03-17,NA,NA,0,0
"2023",2008-03-18,NA,NA,0,0
"2024",2008-03-19,NA,NA,0,0
"2025",2008-03-20,NA,NA,0,0
"2026",2008-03-21,NA,NA,0,0
"2027",2008-03-24,NA,NA,0,0
"2028",2008-03-25,NA,NA,0,0
"2029",2008-03-26,NA,NA,0,0
"2030",2008-03-27,NA,NA,0,0
"2031",2008-03-28,NA,NA,0,0
"2032",2008-03-31,NA,NA,0,0
"2033",2008-04-01,NA,NA,0,0
"2034",2008-04-02,NA,NA,0,0
"2035",2008-04-03,NA,NA,0,0
"2036",2008-04-04,NA,NA,0,0
"2037",2008-04-07,NA,NA,0,0
"2038",2008-04-08,NA,NA,0,0
"2039",2008-04-10,NA,NA,0,0
"2040",2008-04-11,NA,NA,0,0
"2041",2008-04-14,NA,NA,0,0
"2042",2008-04-15,NA,NA,0,0
"2043",2008-04-16,NA,NA,0,0
"2044",2008-04-17,NA,NA,0,0
"2045",2008-04-18,NA,NA,0,0
"2046",2008-04-21,NA,NA,0,0
"2047",2008-04-22,NA,NA,0,0
"2048",2008-04-23,NA,NA,0,0
"2049",2008-04-24,NA,NA,0,0
"2050",2008-04-25,NA,NA,0,0
"2051",2008-04-28,NA,NA,0,0
"2052",2008-04-29,NA,NA,0,0
"2053",2008-04-30,NA,NA,0,0
"2054",2008-05-02,NA,NA,0,0
"2055",2008-05-06,NA,NA,0,0
"2056",2008-05-07,NA,NA,0,0
"2057",2008-05-08,NA,NA,0,0
"2058",2008-05-09,NA,NA,0,0
"2059",2008-05-13,NA,NA,0,0
"2060",2008-05-14,NA,NA,0,0
"2061",2008-05-15,NA,NA,0,0
"2062",2008-05-16,NA,NA,0,0
"2063",2008-05-19,NA,NA,0,0
"2064",2008-05-20,NA,NA,0,0
"2065",2008-05-21,NA,NA,0,0
"2066",2008-05-22,NA,NA,0,0
"2067",2008-05-23,NA,NA,0,0
"2068",2008-05-26,NA,NA,0,0
"2069",2008-05-27,NA,NA,0,0
"2070",2008-05-28,NA,NA,0,0
"2071",2008-05-29,NA,NA,0,0
"2072",2008-05-30,NA,NA,0,0
"2073",2008-06-02,NA,NA,0,0
"2074",2008-06-03,NA,NA,0,0
"2075",2008-06-04,NA,NA,0,0
"2076",2008-06-05,NA,NA,0,0
"2077",2008-06-09,NA,NA,0,0
"2078",2008-06-10,NA,NA,0,0
"2079",2008-06-11,NA,NA,0,0
"2080",2008-06-12,NA,NA,0,0
"2081",2008-06-13,NA,NA,0,0
"2082",2008-06-16,NA,NA,0,0
"2083",2008-06-17,NA,NA,0,0
"2084",2008-06-18,NA,NA,0,0
"2085",2008-06-19,NA,NA,0,0
"2086",2008-06-20,NA,NA,0,0
"2087",2008-06-23,NA,NA,0,0
"2088",2008-06-24,NA,NA,0,0
"2089",2008-06-25,NA,NA,0,0
"2090",2008-06-26,NA,NA,0,0
"2091",2008-06-27,NA,NA,0,0
"2092",2008-06-30,NA,NA,0,0
"2093",2008-07-01,NA,NA,0,0
"2094",2008-07-02,NA,NA,0,0
"2095",2008-07-03,NA,NA,0,0
"2096",2008-07-04,NA,NA,0,0
"2097",2008-07-07,NA,NA,0,0
"2098",2008-07-08,NA,NA,0,0
"2099",2008-07-09,NA,NA,0,0
"2100",2008-07-10,NA,NA,0,0
"2101",2008-07-11,NA,NA,0,0
"2102",2008-07-14,NA,NA,0,0
"2103",2008-07-15,NA,NA,0,0
"2104",2008-07-16,NA,NA,0,0
"2105",2008-07-17,NA,NA,0,0
"2106",2008-07-18,NA,NA,0,0
"2107",2008-07-21,NA,NA,0,0
"2108",2008-07-22,NA,NA,0,0
"2109",2008-07-23,NA,NA,0,0
"2110",2008-07-24,NA,NA,0,0
"2111",2008-07-25,NA,NA,0,0
"2112",2008-07-28,NA,NA,0,0
"2113",2008-07-29,NA,NA,0,0
"2114",2008-07-30,NA,NA,0,0
"2115",2008-07-31,NA,NA,0,0
"2116",2008-08-01,NA,NA,0,0
"2117",2008-08-04,NA,NA,0,0
"2118",2008-08-05,NA,NA,0,0
"2119",2008-08-06,NA,NA,0,0
"2120",2008-08-07,NA,NA,0,0
"2121",2008-08-08,NA,NA,0,0
"2122",2008-08-11,NA,NA,0,0
"2123",2008-08-12,NA,NA,0,0
"2124",2008-08-13,NA,NA,0,0
"2125",2008-08-14,NA,NA,0,0
"2126",2008-08-18,NA,NA,0,0
"2127",2008-08-19,NA,NA,0,0
"2128",2008-08-20,NA,NA,0,0
"2129",2008-08-21,NA,NA,0,0
"2130",2008-08-22,NA,NA,0,0
"2131",2008-08-25,NA,NA,0,0
"2132",2008-08-26,NA,NA,0,0
"2133",2008-08-27,NA,NA,0,0
"2134",2008-08-28,NA,NA,0,0
"2135",2008-08-29,NA,NA,0,0
"2136",2008-09-01,NA,NA,0,0
"2137",2008-09-02,NA,NA,0,0
"2138",2008-09-03,NA,NA,0,0
"2139",2008-09-04,NA,NA,0,0
"2140",2008-09-05,NA,NA,0,0
"2141",2008-09-08,NA,NA,0,0
"2142",2008-09-09,NA,NA,0,0
"2143",2008-09-10,NA,NA,0,0
"2144",2008-09-11,NA,NA,0,0
"2145",2008-09-12,NA,NA,0,0
"2146",2008-09-16,NA,NA,0,0
"2147",2008-09-17,NA,NA,0,0
"2148",2008-09-18,NA,NA,0,0
"2149",2008-09-19,NA,NA,0,0
"2150",2008-09-22,NA,NA,0,0
"2151",2008-09-23,NA,NA,0,0
"2152",2008-09-24,NA,NA,0,0
"2153",2008-09-25,NA,NA,0,0
"2154",2008-09-26,NA,NA,0,0
"2155",2008-09-29,NA,NA,0,0
"2156",2008-09-30,NA,NA,0,0
"2157",2008-10-01,NA,NA,0,0
"2158",2008-10-02,NA,NA,0,0
"2159",2008-10-06,NA,NA,0,0
"2160",2008-10-07,NA,NA,0,0
"2161",2008-10-08,NA,NA,0,0
"2162",2008-10-09,NA,NA,0,0
"2163",2008-10-10,NA,NA,0,0
"2164",2008-10-13,NA,NA,0,0
"2165",2008-10-14,NA,NA,0,0
"2166",2008-10-15,NA,NA,0,0
"2167",2008-10-16,NA,NA,0,0
"2168",2008-10-17,NA,NA,0,0
"2169",2008-10-20,NA,NA,0,0
"2170",2008-10-21,NA,NA,0,0
"2171",2008-10-22,NA,NA,0,0
"2172",2008-10-23,NA,NA,0,0
"2173",2008-10-24,NA,NA,0,0
"2174",2008-10-27,NA,NA,0,0
"2175",2008-10-28,NA,NA,0,0
"2176",2008-10-29,NA,NA,0,0
"2177",2008-10-30,NA,NA,0,0
"2178",2008-10-31,NA,NA,0,0
"2179",2008-11-03,NA,NA,0,0
"2180",2008-11-04,NA,NA,0,0
"2181",2008-11-05,NA,NA,0,0
"2182",2008-11-06,NA,NA,0,0
"2183",2008-11-07,NA,NA,0,0
"2184",2008-11-10,NA,NA,0,0
"2185",2008-11-11,NA,NA,0,0
"2186",2008-11-12,NA,NA,0,0
"2187",2008-11-13,NA,NA,0,0
"2188",2008-11-14,NA,NA,0,0
"2189",2008-11-17,NA,NA,0,0
"2190",2008-11-18,NA,NA,0,0
"2191",2008-11-19,NA,NA,0,0
"2192",2008-11-20,NA,NA,0,0
"2193",2008-11-21,NA,NA,0,0
"2194",2008-11-24,NA,NA,0,0
"2195",2008-11-25,NA,NA,0,0
"2196",2008-11-26,NA,NA,0,0
"2197",2008-11-27,NA,NA,0,0
"2198",2008-11-28,NA,NA,0,0
"2199",2008-12-01,NA,NA,0,0
"2200",2008-12-02,NA,NA,0,0
"2201",2008-12-03,NA,NA,0,0
"2202",2008-12-04,NA,NA,0,0
"2203",2008-12-05,NA,NA,0,0
"2204",2008-12-08,NA,NA,0,0
"2205",2008-12-09,NA,NA,0,0
"2206",2008-12-10,NA,NA,0,0
"2207",2008-12-11,NA,NA,0,0
"2208",2008-12-12,NA,NA,0,0
"2209",2008-12-15,NA,NA,0,0
"2210",2008-12-16,NA,NA,0,0
"2211",2008-12-17,NA,NA,0,0
"2212",2008-12-18,NA,NA,0,0
"2213",2008-12-19,NA,NA,0,0
"2214",2008-12-22,NA,NA,0,0
"2215",2008-12-23,NA,NA,0,0
"2216",2008-12-24,NA,NA,0,0
"2217",2008-12-26,NA,NA,0,0
"2218",2008-12-29,NA,NA,0,0
"2219",2008-12-30,NA,NA,0,0
"2220",2009-01-02,NA,NA,0,0
"2221",2009-01-05,NA,NA,0,0
"2222",2009-01-06,NA,NA,0,0
"2223",2009-01-07,NA,NA,0,0
"2224",2009-01-08,NA,NA,0,0
"2225",2009-01-09,NA,NA,0,0
"2226",2009-01-12,NA,NA,0,0
"2227",2009-01-13,NA,NA,0,0
"2228",2009-01-14,NA,NA,0,0
"2229",2009-01-15,NA,NA,0,0
"2230",2009-01-16,NA,NA,0,0
"2231",2009-01-19,NA,NA,0,0
"2232",2009-01-20,NA,NA,0,0
"2233",2009-01-21,NA,NA,0,0
"2234",2009-01-22,NA,NA,0,0
"2235",2009-01-23,NA,NA,0,0
"2236",2009-01-28,NA,NA,0,0
"2237",2009-01-29,NA,NA,0,0
"2238",2009-01-30,NA,NA,0,0
"2239",2009-02-02,NA,NA,0,0
"2240",2009-02-03,NA,NA,0,0
"2241",2009-02-04,NA,NA,0,0
"2242",2009-02-05,NA,NA,0,0
"2243",2009-02-06,NA,NA,0,0
"2244",2009-02-09,NA,NA,0,0
"2245",2009-02-10,NA,NA,0,0
"2246",2009-02-11,NA,NA,0,0
"2247",2009-02-12,NA,NA,0,0
"2248",2009-02-13,NA,NA,0,0
"2249",2009-02-16,NA,NA,0,0
"2250",2009-02-17,NA,NA,0,0
"2251",2009-02-18,NA,NA,0,0
"2252",2009-02-19,NA,NA,0,0
"2253",2009-02-20,NA,NA,0,0
"2254",2009-02-23,NA,NA,0,0
"2255",2009-02-24,NA,NA,0,0
"2256",2009-02-25,NA,NA,0,0
"2257",2009-02-26,NA,NA,0,0
"2258",2009-02-27,NA,NA,0,0
"2259",2009-03-02,NA,NA,0,0
"2260",2009-03-03,NA,NA,0,0
"2261",2009-03-04,NA,NA,0,0
"2262",2009-03-05,NA,NA,0,0
"2263",2009-03-06,NA,NA,0,0
"2264",2009-03-09,NA,NA,0,0
"2265",2009-03-10,NA,NA,0,0
"2266",2009-03-11,NA,NA,0,0
"2267",2009-03-12,NA,NA,0,0
"2268",2009-03-13,NA,NA,0,0
"2269",2009-03-16,NA,NA,0,0
"2270",2009-03-17,NA,NA,0,0
"2271",2009-03-18,NA,NA,0,0
"2272",2009-03-19,NA,NA,0,0
"2273",2009-03-20,NA,NA,0,0
"2274",2009-03-23,NA,NA,0,0
"2275",2009-03-24,NA,NA,0,0
"2276",2009-03-25,NA,NA,0,0
"2277",2009-03-26,NA,NA,0,0
"2278",2009-03-27,NA,NA,0,0
"2279",2009-03-30,NA,NA,0,0
"2280",2009-03-31,NA,NA,0,0
"2281",2009-04-01,NA,NA,0,0
"2282",2009-04-02,NA,NA,0,0
"2283",2009-04-03,NA,NA,0,0
"2284",2009-04-06,NA,NA,0,0
"2285",2009-04-07,NA,NA,0,0
"2286",2009-04-08,NA,NA,0,0
"2287",2009-04-09,NA,NA,0,0
"2288",2009-04-10,NA,NA,0,0
"2289",2009-04-13,NA,NA,0,0
"2290",2009-04-14,NA,NA,0,0
"2291",2009-04-15,NA,NA,0,0
"2292",2009-04-16,NA,NA,0,0
"2293",2009-04-17,NA,NA,0,0
"2294",2009-04-20,NA,NA,0,0
"2295",2009-04-21,NA,NA,0,0
"2296",2009-04-22,NA,NA,0,0
"2297",2009-04-23,NA,NA,0,0
"2298",2009-04-24,NA,NA,0,0
"2299",2009-04-27,NA,NA,0,0
"2300",2009-04-28,NA,NA,0,0
"2301",2009-04-29,NA,NA,0,0
"2302",2009-04-30,NA,NA,0,0
"2303",2009-05-04,NA,NA,0,0
"2304",2009-05-06,NA,NA,0,0
"2305",2009-05-07,NA,NA,0,0
"2306",2009-05-08,NA,NA,0,0
"2307",2009-05-11,NA,NA,0,0
"2308",2009-05-12,NA,NA,0,0
"2309",2009-05-13,NA,NA,0,0
"2310",2009-05-14,NA,NA,0,0
"2311",2009-05-15,NA,NA,0,0
"2312",2009-05-18,NA,NA,0,0
"2313",2009-05-19,NA,NA,0,0
"2314",2009-05-20,NA,NA,0,0
"2315",2009-05-21,NA,NA,0,0
"2316",2009-05-22,NA,NA,0,0
"2317",2009-05-25,NA,NA,0,0
"2318",2009-05-26,NA,NA,0,0
"2319",2009-05-27,NA,NA,0,0
"2320",2009-05-28,NA,NA,0,0
"2321",2009-05-29,NA,NA,0,0
"2322",2009-06-01,NA,NA,0,0
"2323",2009-06-02,NA,NA,0,0
"2324",2009-06-03,NA,NA,0,0
"2325",2009-06-04,NA,NA,0,0
"2326",2009-06-05,NA,NA,0,0
"2327",2009-06-08,NA,NA,0,0
"2328",2009-06-09,NA,NA,0,0
"2329",2009-06-10,NA,NA,0,0
"2330",2009-06-11,NA,NA,0,0
"2331",2009-06-12,NA,NA,0,0
"2332",2009-06-15,NA,NA,0,0
"2333",2009-06-16,NA,NA,0,0
"2334",2009-06-17,NA,NA,0,0
"2335",2009-06-18,NA,NA,0,0
"2336",2009-06-19,NA,NA,0,0
"2337",2009-06-22,NA,NA,0,0
"2338",2009-06-23,NA,NA,0,0
"2339",2009-06-24,NA,NA,0,0
"2340",2009-06-25,NA,NA,0,0
"2341",2009-06-26,NA,NA,0,0
"2342",2009-06-29,NA,NA,0,0
"2343",2009-06-30,NA,NA,0,0
"2344",2009-07-01,NA,NA,0,0
"2345",2009-07-02,NA,NA,0,0
"2346",2009-07-03,NA,NA,0,0
"2347",2009-07-06,NA,NA,0,0
"2348",2009-07-07,NA,NA,0,0
"2349",2009-07-08,NA,NA,0,0
"2350",2009-07-09,NA,NA,0,0
"2351",2009-07-10,NA,NA,0,0
"2352",2009-07-13,NA,NA,0,0
"2353",2009-07-14,NA,NA,0,0
"2354",2009-07-15,NA,NA,0,0
"2355",2009-07-16,NA,NA,0,0
"2356",2009-07-17,NA,NA,0,0
"2357",2009-07-20,NA,NA,0,0
"2358",2009-07-21,NA,NA,0,0
"2359",2009-07-22,NA,NA,0,0
"2360",2009-07-23,NA,NA,0,0
"2361",2009-07-24,NA,NA,0,0
"2362",2009-07-27,NA,NA,0,0
"2363",2009-07-28,NA,NA,0,0
"2364",2009-07-29,NA,NA,0,0
"2365",2009-07-30,NA,NA,0,0
"2366",2009-07-31,NA,NA,0,0
"2367",2009-08-03,NA,NA,0,0
"2368",2009-08-04,NA,NA,0,0
"2369",2009-08-05,NA,NA,0,0
"2370",2009-08-06,NA,NA,0,0
"2371",2009-08-07,NA,NA,0,0
"2372",2009-08-10,NA,NA,0,0
"2373",2009-08-11,NA,NA,0,0
"2374",2009-08-12,NA,NA,0,0
"2375",2009-08-13,NA,NA,0,0
"2376",2009-08-14,NA,NA,0,0
"2377",2009-08-17,NA,NA,0,0
"2378",2009-08-18,NA,NA,0,0
"2379",2009-08-19,NA,NA,0,0
"2380",2009-08-20,NA,NA,0,0
"2381",2009-08-21,NA,NA,0,0
"2382",2009-08-24,NA,NA,0,0
"2383",2009-08-25,NA,NA,0,0
"2384",2009-08-26,NA,NA,0,0
"2385",2009-08-27,NA,NA,0,0
"2386",2009-08-28,NA,NA,0,0
"2387",2009-08-31,NA,NA,0,0
"2388",2009-09-01,NA,NA,0,0
"2389",2009-09-02,NA,NA,0,0
"2390",2009-09-03,NA,NA,0,0
"2391",2009-09-04,NA,NA,0,0
"2392",2009-09-07,NA,NA,0,0
"2393",2009-09-08,NA,NA,0,0
"2394",2009-09-09,NA,NA,0,0
"2395",2009-09-10,NA,NA,0,0
"2396",2009-09-11,NA,NA,0,0
"2397",2009-09-14,NA,NA,0,0
"2398",2009-09-15,NA,NA,0,0
"2399",2009-09-16,NA,NA,0,0
"2400",2009-09-17,NA,NA,0,0
"2401",2009-09-18,NA,NA,0,0
"2402",2009-09-21,NA,NA,0,0
"2403",2009-09-22,NA,NA,0,0
"2404",2009-09-23,NA,NA,0,0
"2405",2009-09-24,NA,NA,0,0
"2406",2009-09-25,NA,NA,0,0
"2407",2009-09-28,NA,NA,0,0
"2408",2009-09-29,NA,NA,0,0
"2409",2009-09-30,NA,NA,0,0
"2410",2009-10-01,NA,NA,0,0
"2411",2009-10-05,NA,NA,0,0
"2412",2009-10-06,NA,NA,0,0
"2413",2009-10-07,NA,NA,0,0
"2414",2009-10-08,NA,NA,0,0
"2415",2009-10-09,NA,NA,0,0
"2416",2009-10-12,NA,NA,0,0
"2417",2009-10-13,NA,NA,0,0
"2418",2009-10-14,NA,NA,0,0
"2419",2009-10-15,NA,NA,0,0
"2420",2009-10-16,NA,NA,0,0
"2421",2009-10-19,NA,NA,0,0
"2422",2009-10-20,NA,NA,0,0
"2423",2009-10-21,NA,NA,0,0
"2424",2009-10-22,NA,NA,0,0
"2425",2009-10-23,NA,NA,0,0
"2426",2009-10-26,NA,NA,0,0
"2427",2009-10-27,NA,NA,0,0
"2428",2009-10-28,NA,NA,0,0
"2429",2009-10-29,NA,NA,0,0
"2430",2009-10-30,NA,NA,0,0
"2431",2009-11-02,NA,NA,0,0
"2432",2009-11-03,NA,NA,0,0
"2433",2009-11-04,NA,NA,0,0
"2434",2009-11-05,NA,NA,0,0
"2435",2009-11-06,NA,NA,0,0
"2436",2009-11-09,NA,NA,0,0
"2437",2009-11-10,NA,NA,0,0
"2438",2009-11-11,NA,NA,0,0
"2439",2009-11-12,NA,NA,0,0
"2440",2009-11-13,NA,NA,0,0
"2441",2009-11-16,NA,NA,0,0
"2442",2009-11-17,NA,NA,0,0
"2443",2009-11-18,NA,NA,0,0
"2444",2009-11-19,NA,NA,0,0
"2445",2009-11-20,NA,NA,0,0
"2446",2009-11-23,NA,NA,0,0
"2447",2009-11-24,NA,NA,0,0
"2448",2009-11-25,NA,NA,0,0
"2449",2009-11-26,NA,NA,0,0
"2450",2009-11-27,NA,NA,0,0
"2451",2009-11-30,NA,NA,0,0
"2452",2009-12-01,NA,NA,0,0
"2453",2009-12-02,NA,NA,0,0
"2454",2009-12-03,NA,NA,0,0
"2455",2009-12-04,NA,NA,0,0
"2456",2009-12-07,NA,NA,0,0
"2457",2009-12-08,NA,NA,0,0
"2458",2009-12-09,NA,NA,0,0
"2459",2009-12-10,NA,NA,0,0
"2460",2009-12-11,NA,NA,0,0
"2461",2009-12-14,NA,NA,0,0
"2462",2009-12-15,NA,NA,0,0
"2463",2009-12-16,NA,NA,0,0
"2464",2009-12-17,NA,NA,0,0
"2465",2009-12-18,NA,NA,0,0
"2466",2009-12-21,NA,NA,0,0
"2467",2009-12-22,NA,NA,0,0
"2468",2009-12-23,NA,NA,0,0
"2469",2009-12-24,NA,NA,0,0
"2470",2009-12-28,NA,NA,0,0
"2471",2009-12-29,NA,NA,0,0
"2472",2009-12-30,NA,NA,0,0
"2473",2010-01-04,NA,NA,0,0
"2474",2010-01-05,NA,NA,0,0
"2475",2010-01-06,NA,NA,0,0
"2476",2010-01-07,NA,NA,0,0
"2477",2010-01-08,NA,NA,0,0
"2478",2010-01-11,NA,NA,0,0
"2479",2010-01-12,NA,NA,0,0
"2480",2010-01-13,NA,NA,0,0
"2481",2010-01-14,NA,NA,0,0
"2482",2010-01-15,NA,NA,0,0
"2483",2010-01-18,NA,NA,0,0
"2484",2010-01-19,NA,NA,0,0
"2485",2010-01-20,NA,NA,0,0
"2486",2010-01-21,NA,NA,0,0
"2487",2010-01-22,NA,NA,0,0
"2488",2010-01-25,NA,NA,0,0
"2489",2010-01-26,NA,NA,0,0
"2490",2010-01-27,NA,NA,0,0
"2491",2010-01-28,NA,NA,0,0
"2492",2010-01-29,NA,NA,0,0
"2493",2010-02-01,NA,NA,0,0
"2494",2010-02-02,NA,NA,0,0
"2495",2010-02-03,NA,NA,0,0
"2496",2010-02-04,NA,NA,0,0
"2497",2010-02-05,NA,NA,0,0
"2498",2010-02-08,NA,NA,0,0
"2499",2010-02-09,NA,NA,0,0
"2500",2010-02-10,NA,NA,0,0
"2501",2010-02-11,NA,NA,0,0
"2502",2010-02-12,NA,NA,0,0
"2503",2010-02-16,NA,NA,0,0
"2504",2010-02-17,NA,NA,0,0
"2505",2010-02-18,NA,NA,0,0
"2506",2010-02-19,NA,NA,0,0
"2507",2010-02-22,NA,NA,0,0
"2508",2010-02-23,NA,NA,0,0
"2509",2010-02-24,NA,NA,0,0
"2510",2010-02-25,NA,NA,0,0
"2511",2010-02-26,NA,NA,0,0
"2512",2010-03-02,NA,NA,0,0
"2513",2010-03-03,NA,NA,0,0
"2514",2010-03-04,NA,NA,0,0
"2515",2010-03-05,NA,NA,0,0
"2516",2010-03-08,NA,NA,0,0
"2517",2010-03-09,NA,NA,0,0
"2518",2010-03-10,NA,NA,0,0
"2519",2010-03-11,NA,NA,0,0
"2520",2010-03-12,NA,NA,0,0
"2521",2010-03-15,NA,NA,0,0
"2522",2010-03-16,NA,NA,0,0
"2523",2010-03-17,NA,NA,0,0
"2524",2010-03-18,NA,NA,0,0
"2525",2010-03-19,NA,NA,0,0
"2526",2010-03-22,NA,NA,0,0
"2527",2010-03-23,NA,NA,0,0
"2528",2010-03-24,NA,NA,0,0
"2529",2010-03-25,NA,NA,0,0
"2530",2010-03-26,NA,NA,0,0
"2531",2010-03-29,NA,NA,0,0
"2532",2010-03-30,NA,NA,0,0
"2533",2010-03-31,NA,NA,0,0
"2534",2010-04-01,NA,NA,0,0
"2535",2010-04-02,NA,NA,0,0
"2536",2010-04-05,NA,NA,0,0
"2537",2010-04-06,NA,NA,0,0
"2538",2010-04-07,NA,NA,0,0
"2539",2010-04-08,NA,NA,0,0
"2540",2010-04-09,NA,NA,0,0
"2541",2010-04-12,NA,NA,0,0
"2542",2010-04-13,NA,NA,0,0
"2543",2010-04-14,NA,NA,0,0
"2544",2010-04-15,NA,NA,0,0
"2545",2010-04-16,NA,NA,0,0
"2546",2010-04-19,NA,NA,0,0
"2547",2010-04-20,NA,NA,0,0
"2548",2010-04-21,NA,NA,0,0
"2549",2010-04-22,NA,NA,0,0
"2550",2010-04-23,NA,NA,0,0
"2551",2010-04-26,NA,NA,0,0
"2552",2010-04-27,NA,NA,0,0
"2553",2010-04-28,NA,NA,0,0
"2554",2010-04-29,NA,NA,0,0
"2555",2010-04-30,NA,NA,0,0
"2556",2010-05-03,NA,NA,0,0
"2557",2010-05-04,NA,NA,0,0
"2558",2010-05-06,NA,NA,0,0
"2559",2010-05-07,NA,NA,0,0
"2560",2010-05-10,NA,NA,0,0
"2561",2010-05-11,NA,NA,0,0
"2562",2010-05-12,NA,NA,0,0
"2563",2010-05-13,NA,NA,0,0
"2564",2010-05-14,NA,NA,0,0
"2565",2010-05-17,NA,NA,0,0
"2566",2010-05-18,NA,NA,0,0
"2567",2010-05-19,NA,NA,0,0
"2568",2010-05-20,NA,NA,0,0
"2569",2010-05-24,NA,NA,0,0
"2570",2010-05-25,NA,NA,0,0
"2571",2010-05-26,NA,NA,0,0
"2572",2010-05-27,NA,NA,0,0
"2573",2010-05-28,NA,NA,0,0
"2574",2010-05-31,NA,NA,0,0
"2575",2010-06-01,NA,NA,0,0
"2576",2010-06-03,NA,NA,0,0
"2577",2010-06-04,NA,NA,0,0
"2578",2010-06-07,NA,NA,0,0
"2579",2010-06-08,NA,NA,0,0
"2580",2010-06-09,NA,NA,0,0
"2581",2010-06-10,NA,NA,0,0
"2582",2010-06-11,NA,NA,0,0
"2583",2010-06-14,NA,NA,0,0
"2584",2010-06-15,NA,NA,0,0
"2585",2010-06-16,NA,NA,0,0
"2586",2010-06-17,NA,NA,0,0
"2587",2010-06-18,NA,NA,0,0
"2588",2010-06-21,NA,NA,0,0
"2589",2010-06-22,NA,NA,0,0
"2590",2010-06-23,NA,NA,0,0
"2591",2010-06-24,NA,NA,0,0
"2592",2010-06-25,NA,NA,0,0
"2593",2010-06-28,NA,NA,0,0
"2594",2010-06-29,NA,NA,0,0
"2595",2010-06-30,NA,NA,0,0
"2596",2010-07-01,NA,NA,0,0
"2597",2010-07-02,NA,NA,0,0
"2598",2010-07-05,NA,NA,0,0
"2599",2010-07-06,NA,NA,0,0
"2600",2010-07-07,NA,NA,0,0
"2601",2010-07-08,NA,NA,0,0
"2602",2010-07-09,NA,NA,0,0
"2603",2010-07-12,NA,NA,0,0
"2604",2010-07-13,NA,NA,0,0
"2605",2010-07-14,NA,NA,0,0
"2606",2010-07-15,NA,NA,0,0
"2607",2010-07-16,NA,NA,0,0
"2608",2010-07-19,NA,NA,0,0
"2609",2010-07-20,NA,NA,0,0
"2610",2010-07-21,NA,NA,0,0
"2611",2010-07-22,NA,NA,0,0
"2612",2010-07-23,NA,NA,0,0
"2613",2010-07-26,NA,NA,0,0
"2614",2010-07-27,NA,NA,0,0
"2615",2010-07-28,NA,NA,0,0
"2616",2010-07-29,NA,NA,0,0
"2617",2010-07-30,NA,NA,0,0
"2618",2010-08-02,NA,NA,0,0
"2619",2010-08-03,NA,NA,0,0
"2620",2010-08-04,NA,NA,0,0
"2621",2010-08-05,NA,NA,0,0
"2622",2010-08-06,NA,NA,0,0
"2623",2010-08-09,NA,NA,0,0
"2624",2010-08-10,NA,NA,0,0
"2625",2010-08-11,NA,NA,0,0
"2626",2010-08-12,NA,NA,0,0
"2627",2010-08-13,NA,NA,0,0
"2628",2010-08-16,NA,NA,0,0
"2629",2010-08-17,NA,NA,0,0
"2630",2010-08-18,NA,NA,0,0
"2631",2010-08-19,NA,NA,0,0
"2632",2010-08-20,NA,NA,0,0
"2633",2010-08-23,NA,NA,0,0
"2634",2010-08-24,NA,NA,0,0
"2635",2010-08-25,NA,NA,0,0
"2636",2010-08-26,NA,NA,0,0
"2637",2010-08-27,NA,NA,0,0
"2638",2010-08-30,NA,NA,0,0
"2639",2010-08-31,NA,NA,0,0
"2640",2010-09-01,NA,NA,0,0
"2641",2010-09-02,NA,NA,0,0
"2642",2010-09-03,NA,NA,0,0
"2643",2010-09-06,NA,NA,0,0
"2644",2010-09-07,NA,NA,0,0
"2645",2010-09-08,NA,NA,0,0
"2646",2010-09-09,NA,NA,0,0
"2647",2010-09-10,NA,NA,0,0
"2648",2010-09-13,NA,NA,0,0
"2649",2010-09-14,NA,NA,0,0
"2650",2010-09-15,NA,NA,0,0
"2651",2010-09-16,NA,NA,0,0
"2652",2010-09-17,NA,NA,0,0
"2653",2010-09-20,NA,NA,0,0
"2654",2010-09-24,NA,NA,0,0
"2655",2010-09-27,NA,NA,0,0
"2656",2010-09-28,NA,NA,0,0
"2657",2010-09-29,NA,NA,0,0
"2658",2010-09-30,NA,NA,0,0
"2659",2010-10-01,NA,NA,0,0
"2660",2010-10-04,NA,NA,0,0
"2661",2010-10-05,NA,NA,0,0
"2662",2010-10-06,NA,NA,0,0
"2663",2010-10-07,NA,NA,0,0
"2664",2010-10-08,NA,NA,0,0
"2665",2010-10-11,NA,NA,0,0
"2666",2010-10-12,NA,NA,0,0
"2667",2010-10-13,NA,NA,0,0
"2668",2010-10-14,NA,NA,0,0
"2669",2010-10-15,NA,NA,0,0
"2670",2010-10-18,NA,NA,0,0
"2671",2010-10-19,NA,NA,0,0
"2672",2010-10-20,NA,NA,0,0
"2673",2010-10-21,NA,NA,0,0
"2674",2010-10-22,NA,NA,0,0
"2675",2010-10-25,NA,NA,0,0
"2676",2010-10-26,NA,NA,0,0
"2677",2010-10-27,NA,NA,0,0
"2678",2010-10-28,NA,NA,0,0
"2679",2010-10-29,NA,NA,0,0
"2680",2010-11-01,NA,NA,0,0
"2681",2010-11-02,NA,NA,0,0
"2682",2010-11-03,NA,NA,0,0
"2683",2010-11-04,NA,NA,0,0
"2684",2010-11-05,NA,NA,0,0
"2685",2010-11-08,NA,NA,0,0
"2686",2010-11-09,NA,NA,0,0
"2687",2010-11-10,NA,NA,0,0
"2688",2010-11-11,NA,NA,0,0
"2689",2010-11-12,NA,NA,0,0
"2690",2010-11-15,NA,NA,0,0
"2691",2010-11-16,NA,NA,0,0
"2692",2010-11-17,NA,NA,0,0
"2693",2010-11-18,NA,NA,0,0
"2694",2010-11-19,NA,NA,0,0
"2695",2010-11-22,NA,NA,0,0
"2696",2010-11-23,NA,NA,0,0
"2697",2010-11-24,NA,NA,0,0
"2698",2010-11-25,NA,NA,0,0
"2699",2010-11-26,NA,NA,0,0
"2700",2010-11-29,NA,NA,0,0
"2701",2010-11-30,NA,NA,0,0
"2702",2010-12-01,NA,NA,0,0
"2703",2010-12-02,NA,NA,0,0
"2704",2010-12-03,NA,NA,0,0
"2705",2010-12-06,NA,NA,0,0
"2706",2010-12-07,NA,NA,0,0
"2707",2010-12-08,NA,NA,0,0
"2708",2010-12-09,NA,NA,0,0
"2709",2010-12-10,NA,NA,0,0
"2710",2010-12-13,NA,NA,0,0
"2711",2010-12-14,NA,NA,0,0
"2712",2010-12-15,NA,NA,0,0
"2713",2010-12-16,NA,NA,0,0
"2714",2010-12-17,NA,NA,0,0
"2715",2010-12-20,NA,NA,0,0
"2716",2010-12-21,NA,NA,0,0
"2717",2010-12-22,NA,NA,0,0
"2718",2010-12-23,NA,NA,0,0
"2719",2010-12-24,NA,NA,0,0
"2720",2010-12-27,NA,NA,0,0
"2721",2010-12-28,NA,NA,0,0
"2722",2010-12-29,NA,NA,0,0
"2723",2010-12-30,NA,NA,0,0
"2724",2011-01-03,NA,NA,0,0
"2725",2011-01-04,NA,NA,0,0
"2726",2011-01-05,NA,NA,0,0
"2727",2011-01-06,NA,NA,0,0
"2728",2011-01-07,NA,NA,0,0
"2729",2011-01-10,NA,NA,0,0
"2730",2011-01-11,NA,NA,0,0
"2731",2011-01-12,NA,NA,0,0
"2732",2011-01-13,NA,NA,0,0
"2733",2011-01-14,NA,NA,0,0
"2734",2011-01-17,NA,NA,0,0
"2735",2011-01-18,NA,NA,0,0
"2736",2011-01-19,NA,NA,0,0
"2737",2011-01-20,NA,NA,0,0
"2738",2011-01-21,NA,NA,0,0
"2739",2011-01-24,NA,NA,0,0
"2740",2011-01-25,NA,NA,0,0
"2741",2011-01-26,NA,NA,0,0
"2742",2011-01-27,NA,NA,0,0
"2743",2011-01-28,NA,NA,0,0
"2744",2011-01-31,NA,NA,0,0
"2745",2011-02-01,NA,NA,0,0
"2746",2011-02-07,NA,NA,0,0
"2747",2011-02-08,NA,NA,0,0
"2748",2011-02-09,NA,NA,0,0
"2749",2011-02-10,NA,NA,0,0
"2750",2011-02-11,NA,NA,0,0
"2751",2011-02-14,NA,NA,0,0
"2752",2011-02-15,NA,NA,0,0
"2753",2011-02-16,NA,NA,0,0
"2754",2011-02-17,NA,NA,0,0
"2755",2011-02-18,NA,NA,0,0
"2756",2011-02-21,NA,NA,0,0
"2757",2011-02-22,NA,NA,0,0
"2758",2011-02-23,NA,NA,0,0
"2759",2011-02-24,NA,NA,0,0
"2760",2011-02-25,NA,NA,0,0
"2761",2011-02-28,NA,NA,0,0
"2762",2011-03-02,NA,NA,0,0
"2763",2011-03-03,NA,NA,0,0
"2764",2011-03-04,NA,NA,0,0
"2765",2011-03-07,NA,NA,0,0
"2766",2011-03-08,NA,NA,0,0
"2767",2011-03-09,NA,NA,0,0
"2768",2011-03-10,NA,NA,0,0
"2769",2011-03-11,NA,NA,0,0
"2770",2011-03-14,NA,NA,0,0
"2771",2011-03-15,NA,NA,0,0
"2772",2011-03-16,NA,NA,0,0
"2773",2011-03-17,NA,NA,0,0
"2774",2011-03-18,NA,NA,0,0
"2775",2011-03-21,NA,NA,0,0
"2776",2011-03-22,NA,NA,0,0
"2777",2011-03-23,NA,NA,0,0
"2778",2011-03-24,NA,NA,0,0
"2779",2011-03-25,NA,NA,0,0
"2780",2011-03-28,NA,NA,0,0
"2781",2011-03-29,NA,NA,0,0
"2782",2011-03-30,NA,NA,0,0
"2783",2011-03-31,NA,NA,0,0
"2784",2011-04-01,NA,NA,0,0
"2785",2011-04-04,NA,NA,0,0
"2786",2011-04-05,NA,NA,0,0
"2787",2011-04-06,NA,NA,0,0
"2788",2011-04-07,NA,NA,0,0
"2789",2011-04-08,NA,NA,0,0
"2790",2011-04-11,NA,NA,0,0
"2791",2011-04-12,NA,NA,0,0
"2792",2011-04-13,NA,NA,0,0
"2793",2011-04-14,NA,NA,0,0
"2794",2011-04-15,NA,NA,0,0
"2795",2011-04-18,NA,NA,0,0
"2796",2011-04-19,NA,NA,0,0
"2797",2011-04-20,NA,NA,0,0
"2798",2011-04-21,NA,NA,0,0
"2799",2011-04-22,NA,NA,0,0
"2800",2011-04-25,NA,NA,0,0
"2801",2011-04-26,NA,NA,0,0
"2802",2011-04-27,NA,NA,0,0
"2803",2011-04-28,NA,NA,0,0
"2804",2011-04-29,NA,NA,0,0
"2805",2011-05-02,NA,NA,0,0
"2806",2011-05-03,NA,NA,0,0
"2807",2011-05-04,NA,NA,0,0
"2808",2011-05-06,NA,NA,0,0
"2809",2011-05-09,NA,NA,0,0
"2810",2011-05-11,NA,NA,0,0
"2811",2011-05-12,NA,NA,0,0
"2812",2011-05-13,NA,NA,0,0
"2813",2011-05-16,NA,NA,0,0
"2814",2011-05-17,NA,NA,0,0
"2815",2011-05-18,NA,NA,0,0
"2816",2011-05-19,NA,NA,0,0
"2817",2011-05-20,NA,NA,0,0
"2818",2011-05-23,NA,NA,0,0
"2819",2011-05-24,NA,NA,0,0
"2820",2011-05-25,NA,NA,0,0
"2821",2011-05-26,NA,NA,0,0
"2822",2011-05-27,NA,NA,0,0
"2823",2011-05-30,NA,NA,0,0
"2824",2011-05-31,NA,NA,0,0
"2825",2011-06-01,NA,NA,0,0
"2826",2011-06-02,NA,NA,0,0
"2827",2011-06-03,NA,NA,0,0
"2828",2011-06-07,NA,NA,0,0
"2829",2011-06-08,NA,NA,0,0
"2830",2011-06-09,NA,NA,0,0
"2831",2011-06-10,NA,NA,0,0
"2832",2011-06-13,NA,NA,0,0
"2833",2011-06-14,NA,NA,0,0
"2834",2011-06-15,NA,NA,0,0
"2835",2011-06-16,NA,NA,0,0
"2836",2011-06-17,NA,NA,0,0
"2837",2011-06-20,NA,NA,0,0
"2838",2011-06-21,NA,NA,0,0
"2839",2011-06-22,NA,NA,0,0
"2840",2011-06-23,NA,NA,0,0
"2841",2011-06-24,NA,NA,0,0
"2842",2011-06-27,NA,NA,0,0
"2843",2011-06-28,NA,NA,0,0
"2844",2011-06-29,NA,NA,0,0
"2845",2011-06-30,NA,NA,0,0
"2846",2011-07-01,NA,NA,0,0
"2847",2011-07-04,NA,NA,0,0
"2848",2011-07-05,NA,NA,0,0
"2849",2011-07-06,NA,NA,0,0
"2850",2011-07-07,NA,NA,0,0
"2851",2011-07-08,NA,NA,0,0
"2852",2011-07-11,NA,NA,0,0
"2853",2011-07-12,NA,NA,0,0
"2854",2011-07-13,NA,NA,0,0
"2855",2011-07-14,NA,NA,0,0
"2856",2011-07-15,NA,NA,0,0
"2857",2011-07-18,NA,NA,0,0
"2858",2011-07-19,NA,NA,0,0
"2859",2011-07-20,NA,NA,0,0
"2860",2011-07-21,NA,NA,0,0
"2861",2011-07-22,NA,NA,0,0
"2862",2011-07-25,NA,NA,0,0
"2863",2011-07-26,NA,NA,0,0
"2864",2011-07-27,NA,NA,0,0
"2865",2011-07-28,NA,NA,0,0
"2866",2011-07-29,NA,NA,0,0
"2867",2011-08-01,NA,NA,0,0
"2868",2011-08-02,NA,NA,0,0
"2869",2011-08-03,NA,NA,0,0
"2870",2011-08-04,NA,NA,0,0
"2871",2011-08-05,NA,NA,0,0
"2872",2011-08-08,NA,NA,0,0
"2873",2011-08-09,NA,NA,0,0
"2874",2011-08-10,NA,NA,0,0
"2875",2011-08-11,NA,NA,0,0
"2876",2011-08-12,NA,NA,0,0
"2877",2011-08-16,NA,NA,0,0
"2878",2011-08-17,NA,NA,0,0
"2879",2011-08-18,NA,NA,0,0
"2880",2011-08-19,NA,NA,0,0
"2881",2011-08-22,NA,NA,0,0
"2882",2011-08-23,NA,NA,0,0
"2883",2011-08-24,NA,NA,0,0
"2884",2011-08-25,NA,NA,0,0
"2885",2011-08-26,NA,NA,0,0
"2886",2011-08-29,NA,NA,0,0
"2887",2011-08-30,NA,NA,0,0
"2888",2011-08-31,NA,NA,0,0
"2889",2011-09-01,NA,NA,0,0
"2890",2011-09-02,NA,NA,0,0
"2891",2011-09-05,NA,NA,0,0
"2892",2011-09-06,NA,NA,0,0
"2893",2011-09-07,NA,NA,0,0
"2894",2011-09-08,NA,NA,0,0
"2895",2011-09-09,NA,NA,0,0
"2896",2011-09-14,NA,NA,0,0
"2897",2011-09-15,NA,NA,0,0
"2898",2011-09-16,NA,NA,0,0
"2899",2011-09-19,NA,NA,0,0
"2900",2011-09-20,NA,NA,0,0
"2901",2011-09-21,NA,NA,0,0
"2902",2011-09-22,NA,NA,0,0
"2903",2011-09-23,NA,NA,0,0
"2904",2011-09-26,NA,NA,0,0
"2905",2011-09-27,NA,NA,0,0
"2906",2011-09-28,NA,NA,0,0
"2907",2011-09-29,NA,NA,0,0
"2908",2011-09-30,NA,NA,0,0
"2909",2011-10-04,NA,NA,0,0
"2910",2011-10-05,NA,NA,0,0
"2911",2011-10-06,NA,NA,0,0
"2912",2011-10-07,NA,NA,0,0
"2913",2011-10-10,NA,NA,0,0
"2914",2011-10-11,NA,NA,0,0
"2915",2011-10-12,NA,NA,0,0
"2916",2011-10-13,NA,NA,0,0
"2917",2011-10-14,NA,NA,0,0
"2918",2011-10-17,NA,NA,0,0
"2919",2011-10-18,NA,NA,0,0
"2920",2011-10-19,NA,NA,0,0
"2921",2011-10-20,NA,NA,0,0
"2922",2011-10-21,NA,NA,0,0
"2923",2011-10-24,NA,NA,0,0
"2924",2011-10-25,NA,NA,0,0
"2925",2011-10-26,NA,NA,0,0
"2926",2011-10-27,NA,NA,0,0
"2927",2011-10-28,NA,NA,0,0
"2928",2011-10-31,NA,NA,0,0
"2929",2011-11-01,NA,NA,0,0
"2930",2011-11-02,NA,NA,0,0
"2931",2011-11-03,NA,NA,0,0
"2932",2011-11-04,NA,NA,0,0
"2933",2011-11-07,NA,NA,0,0
"2934",2011-11-08,NA,NA,0,0
"2935",2011-11-09,NA,NA,0,0
"2936",2011-11-10,NA,NA,0,0
"2937",2011-11-11,NA,NA,0,0
"2938",2011-11-14,NA,NA,0,0
"2939",2011-11-15,NA,NA,0,0
"2940",2011-11-16,NA,NA,0,0
"2941",2011-11-17,NA,NA,0,0
"2942",2011-11-18,NA,NA,0,0
"2943",2011-11-21,NA,NA,0,0
"2944",2011-11-22,NA,NA,0,0
"2945",2011-11-23,NA,NA,0,0
"2946",2011-11-24,NA,NA,0,0
"2947",2011-11-25,NA,NA,0,0
"2948",2011-11-28,NA,NA,0,0
"2949",2011-11-29,NA,NA,0,0
"2950",2011-11-30,NA,NA,0,0
"2951",2011-12-01,NA,NA,0,0
"2952",2011-12-02,NA,NA,0,0
"2953",2011-12-05,NA,NA,0,0
"2954",2011-12-06,NA,NA,0,0
"2955",2011-12-07,NA,NA,0,0
"2956",2011-12-08,NA,NA,0,0
"2957",2011-12-09,NA,NA,0,0
"2958",2011-12-12,NA,NA,0,0
"2959",2011-12-13,NA,NA,0,0
"2960",2011-12-14,NA,NA,0,0
"2961",2011-12-15,NA,NA,0,0
"2962",2011-12-16,NA,NA,0,0
"2963",2011-12-19,NA,NA,0,0
"2964",2011-12-20,NA,NA,0,0
"2965",2011-12-21,NA,NA,0,0
"2966",2011-12-22,NA,NA,0,0
"2967",2011-12-23,NA,NA,0,0
"2968",2011-12-26,NA,NA,0,0
"2969",2011-12-27,NA,NA,0,0
"2970",2011-12-28,NA,NA,0,0
"2971",2011-12-29,NA,NA,0,0
"2972",2012-01-02,NA,NA,0,0
"2973",2012-01-03,NA,NA,0,0
"2974",2012-01-04,NA,NA,0,0
"2975",2012-01-05,NA,NA,0,0
"2976",2012-01-06,NA,NA,0,0
"2977",2012-01-09,NA,NA,0,0
"2978",2012-01-10,NA,NA,0,0
"2979",2012-01-11,NA,NA,0,0
"2980",2012-01-12,NA,NA,0,0
"2981",2012-01-13,NA,NA,0,0
"2982",2012-01-16,NA,NA,0,0
"2983",2012-01-17,NA,NA,0,0
"2984",2012-01-18,NA,NA,0,0
"2985",2012-01-19,NA,NA,0,0
"2986",2012-01-20,NA,NA,0,0
"2987",2012-01-25,NA,NA,0,0
"2988",2012-01-26,NA,NA,0,0
"2989",2012-01-27,NA,NA,0,0
"2990",2012-01-30,NA,NA,0,0
"2991",2012-01-31,NA,NA,0,0
"2992",2012-02-01,NA,NA,0,0
"2993",2012-02-02,NA,NA,0,0
"2994",2012-02-03,NA,NA,0,0
"2995",2012-02-06,NA,NA,0,0
"2996",2012-02-07,NA,NA,0,0
"2997",2012-02-08,NA,NA,0,0
"2998",2012-02-09,NA,NA,0,0
"2999",2012-02-10,NA,NA,0,0
"3000",2012-02-13,NA,NA,0,0
"3001",2012-02-14,NA,NA,0,0
"3002",2012-02-15,NA,NA,0,0
"3003",2012-02-16,NA,NA,0,0
"3004",2012-02-17,NA,NA,0,0
"3005",2012-02-20,NA,NA,0,0
"3006",2012-02-21,NA,NA,0,0
"3007",2012-02-22,NA,NA,0,0
"3008",2012-02-23,NA,NA,0,0
"3009",2012-02-24,NA,NA,0,0
"3010",2012-02-27,NA,NA,0,0
"3011",2012-02-28,NA,NA,0,0
"3012",2012-02-29,NA,NA,0,0
"3013",2012-03-02,NA,NA,0,0
"3014",2012-03-05,NA,NA,0,0
"3015",2012-03-06,NA,NA,0,0
"3016",2012-03-07,NA,NA,0,0
"3017",2012-03-08,NA,NA,0,0
"3018",2012-03-09,NA,NA,0,0
"3019",2012-03-12,NA,NA,0,0
"3020",2012-03-13,NA,NA,0,0
"3021",2012-03-14,NA,NA,0,0
"3022",2012-03-15,NA,NA,0,0
"3023",2012-03-16,NA,NA,0,0
"3024",2012-03-19,NA,NA,0,0
"3025",2012-03-20,NA,NA,0,0
"3026",2012-03-21,NA,NA,0,0
"3027",2012-03-22,NA,NA,0,0
"3028",2012-03-23,NA,NA,0,0
"3029",2012-03-26,NA,NA,0,0
"3030",2012-03-27,NA,NA,0,0
"3031",2012-03-28,NA,NA,0,0
"3032",2012-03-29,NA,NA,0,0
"3033",2012-03-30,NA,NA,0,0
"3034",2012-04-02,NA,NA,0,0
"3035",2012-04-03,NA,NA,0,0
"3036",2012-04-04,NA,NA,0,0
"3037",2012-04-05,NA,NA,0,0
"3038",2012-04-06,NA,NA,0,0
"3039",2012-04-09,NA,NA,0,0
"3040",2012-04-10,NA,NA,0,0
"3041",2012-04-12,NA,NA,0,0
"3042",2012-04-13,NA,NA,0,0
"3043",2012-04-16,NA,NA,0,0
"3044",2012-04-17,NA,NA,0,0
"3045",2012-04-18,NA,NA,0,0
"3046",2012-04-19,NA,NA,0,0
"3047",2012-04-20,NA,NA,0,0
"3048",2012-04-23,NA,NA,0,0
"3049",2012-04-24,NA,NA,0,0
"3050",2012-04-25,NA,NA,0,0
"3051",2012-04-26,NA,NA,0,0
"3052",2012-04-27,NA,NA,0,0
"3053",2012-04-30,NA,NA,0,0
"3054",2012-05-02,NA,NA,0,0
"3055",2012-05-03,NA,NA,0,0
"3056",2012-05-04,NA,NA,0,0
"3057",2012-05-07,NA,NA,0,0
"3058",2012-05-08,NA,NA,0,0
"3059",2012-05-09,NA,NA,0,0
"3060",2012-05-10,NA,NA,0,0
"3061",2012-05-11,NA,NA,0,0
"3062",2012-05-14,NA,NA,0,0
"3063",2012-05-15,NA,NA,0,0
"3064",2012-05-16,NA,NA,0,0
"3065",2012-05-17,NA,NA,0,0
"3066",2012-05-18,NA,NA,0,0
"3067",2012-05-21,NA,NA,0,0
"3068",2012-05-22,NA,NA,0,0
"3069",2012-05-23,NA,NA,0,0
"3070",2012-05-24,NA,NA,0,0
"3071",2012-05-25,NA,NA,0,0
"3072",2012-05-29,NA,NA,0,0
"3073",2012-05-30,NA,NA,0,0
"3074",2012-05-31,NA,NA,0,0
"3075",2012-06-01,NA,NA,0,0
"3076",2012-06-04,NA,NA,0,0
"3077",2012-06-05,NA,NA,0,0
"3078",2012-06-07,NA,NA,0,0
"3079",2012-06-08,NA,NA,0,0
"3080",2012-06-11,NA,NA,0,0
"3081",2012-06-12,NA,NA,0,0
"3082",2012-06-13,NA,NA,0,0
"3083",2012-06-14,NA,NA,0,0
"3084",2012-06-15,NA,NA,0,0
"3085",2012-06-18,NA,NA,0,0
"3086",2012-06-19,NA,NA,0,0
"3087",2012-06-20,NA,NA,0,0
"3088",2012-06-21,NA,NA,0,0
"3089",2012-06-22,NA,NA,0,0
"3090",2012-06-25,NA,NA,0,0
"3091",2012-06-26,NA,NA,0,0
"3092",2012-06-27,NA,NA,0,0
"3093",2012-06-28,NA,NA,0,0
"3094",2012-06-29,NA,NA,0,0
"3095",2012-07-02,NA,NA,0,0
"3096",2012-07-03,NA,NA,0,0
"3097",2012-07-04,NA,NA,0,0
"3098",2012-07-05,NA,NA,0,0
"3099",2012-07-06,NA,NA,0,0
"3100",2012-07-09,NA,NA,0,0
"3101",2012-07-10,NA,NA,0,0
"3102",2012-07-11,NA,NA,0,0
"3103",2012-07-12,NA,NA,0,0
"3104",2012-07-13,NA,NA,0,0
"3105",2012-07-16,NA,NA,0,0
"3106",2012-07-17,NA,NA,0,0
"3107",2012-07-18,NA,NA,0,0
"3108",2012-07-19,NA,NA,0,0
"3109",2012-07-20,NA,NA,0,0
"3110",2012-07-23,NA,NA,0,0
"3111",2012-07-24,NA,NA,0,0
"3112",2012-07-25,NA,NA,0,0
"3113",2012-07-26,NA,NA,0,0
"3114",2012-07-27,NA,NA,0,0
"3115",2012-07-30,NA,NA,0,0
"3116",2012-07-31,NA,NA,0,0
"3117",2012-08-01,NA,NA,0,0
"3118",2012-08-02,NA,NA,0,0
"3119",2012-08-03,NA,NA,0,0
"3120",2012-08-06,NA,NA,0,0
"3121",2012-08-07,NA,NA,0,0
"3122",2012-08-08,NA,NA,0,0
"3123",2012-08-09,NA,NA,0,0
"3124",2012-08-10,NA,NA,0,0
"3125",2012-08-13,NA,NA,0,0
"3126",2012-08-14,NA,NA,0,0
"3127",2012-08-16,NA,NA,0,0
"3128",2012-08-17,NA,NA,0,0
"3129",2012-08-20,NA,NA,0,0
"3130",2012-08-21,NA,NA,0,0
"3131",2012-08-22,NA,NA,0,0
"3132",2012-08-23,NA,NA,0,0
"3133",2012-08-24,NA,NA,0,0
"3134",2012-08-27,NA,NA,0,0
"3135",2012-08-28,NA,NA,0,0
"3136",2012-08-29,NA,NA,0,0
"3137",2012-08-30,NA,NA,0,0
"3138",2012-08-31,NA,NA,0,0
"3139",2012-09-03,NA,NA,0,0
"3140",2012-09-04,NA,NA,0,0
"3141",2012-09-05,NA,NA,0,0
"3142",2012-09-06,NA,NA,0,0
"3143",2012-09-07,NA,NA,0,0
"3144",2012-09-10,NA,NA,0,0
"3145",2012-09-11,NA,NA,0,0
"3146",2012-09-12,NA,NA,0,0
"3147",2012-09-13,NA,NA,0,0
"3148",2012-09-14,NA,NA,0,0
"3149",2012-09-17,NA,NA,0,0
"3150",2012-09-18,NA,NA,0,0
"3151",2012-09-19,NA,NA,0,0
"3152",2012-09-20,NA,NA,0,0
"3153",2012-09-21,NA,NA,0,0
"3154",2012-09-24,NA,NA,0,0
"3155",2012-09-25,NA,NA,0,0
"3156",2012-09-26,NA,NA,0,0
"3157",2012-09-27,NA,NA,0,0
"3158",2012-09-28,NA,NA,0,0
"3159",2012-10-02,NA,NA,0,0
"3160",2012-10-04,NA,NA,0,0
"3161",2012-10-05,NA,NA,0,0
"3162",2012-10-08,NA,NA,0,0
"3163",2012-10-09,NA,NA,0,0
"3164",2012-10-10,NA,NA,0,0
"3165",2012-10-11,NA,NA,0,0
"3166",2012-10-12,NA,NA,0,0
"3167",2012-10-15,NA,NA,0,0
"3168",2012-10-16,NA,NA,0,0
"3169",2012-10-17,NA,NA,0,0
"3170",2012-10-18,NA,NA,0,0
"3171",2012-10-19,NA,NA,0,0
"3172",2012-10-22,NA,NA,0,0
"3173",2012-10-23,NA,NA,0,0
"3174",2012-10-24,NA,NA,0,0
"3175",2012-10-25,NA,NA,0,0
"3176",2012-10-26,NA,NA,0,0
"3177",2012-10-29,NA,NA,0,0
"3178",2012-10-30,NA,NA,0,0
"3179",2012-10-31,NA,NA,0,0
"3180",2012-11-01,NA,NA,0,0
"3181",2012-11-02,NA,NA,0,0
"3182",2012-11-05,NA,NA,0,0
"3183",2012-11-06,NA,NA,0,0
"3184",2012-11-07,NA,NA,0,0
"3185",2012-11-08,NA,NA,0,0
"3186",2012-11-09,NA,NA,0,0
"3187",2012-11-12,NA,NA,0,0
"3188",2012-11-13,NA,NA,0,0
"3189",2012-11-14,NA,NA,0,0
"3190",2012-11-15,NA,NA,0,0
"3191",2012-11-16,NA,NA,0,0
"3192",2012-11-19,NA,NA,0,0
"3193",2012-11-20,NA,NA,0,0
"3194",2012-11-21,NA,NA,0,0
"3195",2012-11-22,NA,NA,0,0
"3196",2012-11-23,NA,NA,0,0
"3197",2012-11-26,NA,NA,0,0
"3198",2012-11-27,NA,NA,0,0
"3199",2012-11-28,NA,NA,0,0
"3200",2012-11-29,NA,NA,0,0
"3201",2012-11-30,NA,NA,0,0
"3202",2012-12-03,NA,NA,0,0
"3203",2012-12-04,NA,NA,0,0
"3204",2012-12-05,NA,NA,0,0
"3205",2012-12-06,NA,NA,0,0
"3206",2012-12-07,NA,NA,0,0
"3207",2012-12-10,NA,NA,0,0
"3208",2012-12-11,NA,NA,0,0
"3209",2012-12-12,NA,NA,0,0
"3210",2012-12-13,NA,NA,0,0
"3211",2012-12-14,NA,NA,0,0
"3212",2012-12-17,NA,NA,0,0
"3213",2012-12-18,NA,NA,0,0
"3214",2012-12-20,NA,NA,0,0
"3215",2012-12-21,NA,NA,0,0
"3216",2012-12-24,NA,NA,0,0
"3217",2012-12-26,NA,NA,0,0
"3218",2012-12-27,NA,NA,0,0
"3219",2012-12-28,NA,NA,0,0
"3220",2013-01-02,NA,NA,0,0
"3221",2013-01-03,NA,NA,0,0
"3222",2013-01-04,NA,NA,0,0
"3223",2013-01-07,NA,NA,0,0
"3224",2013-01-08,NA,NA,0,0
"3225",2013-01-09,NA,NA,0,0
"3226",2013-01-10,NA,NA,0,0
"3227",2013-01-11,NA,NA,0,0
"3228",2013-01-14,NA,NA,0,0
"3229",2013-01-15,NA,NA,0,0
"3230",2013-01-16,NA,NA,0,0
"3231",2013-01-17,NA,NA,0,0
"3232",2013-01-18,NA,NA,0,0
"3233",2013-01-21,NA,NA,0,0
"3234",2013-01-22,NA,NA,0,0
"3235",2013-01-23,NA,NA,0,0
"3236",2013-01-24,NA,NA,0,0
"3237",2013-01-25,NA,NA,0,0
"3238",2013-01-28,NA,NA,0,0
"3239",2013-01-29,NA,NA,0,0
"3240",2013-01-30,NA,NA,0,0
"3241",2013-01-31,NA,NA,0,0
"3242",2013-02-01,NA,NA,0,0
"3243",2013-02-04,NA,NA,0,0
"3244",2013-02-05,NA,NA,0,0
"3245",2013-02-06,NA,NA,0,0
"3246",2013-02-07,NA,NA,0,0
"3247",2013-02-08,NA,NA,0,0
"3248",2013-02-12,NA,NA,0,0
"3249",2013-02-13,NA,NA,0,0
"3250",2013-02-14,NA,NA,0,0
"3251",2013-02-15,NA,NA,0,0
"3252",2013-02-18,NA,NA,0,0
"3253",2013-02-19,NA,NA,0,0
"3254",2013-02-20,NA,NA,0,0
"3255",2013-02-21,NA,NA,0,0
"3256",2013-02-22,NA,NA,0,0
"3257",2013-02-25,NA,NA,0,0
"3258",2013-02-26,NA,NA,0,0
"3259",2013-02-27,NA,NA,0,0
"3260",2013-02-28,NA,NA,0,0
"3261",2013-03-04,NA,NA,0,0
"3262",2013-03-05,NA,NA,0,0
"3263",2013-03-06,NA,NA,0,0
"3264",2013-03-07,NA,NA,0,0
"3265",2013-03-08,NA,NA,0,0
"3266",2013-03-11,NA,NA,0,0
"3267",2013-03-12,NA,NA,0,0
"3268",2013-03-13,NA,NA,0,0
"3269",2013-03-14,NA,NA,0,0
"3270",2013-03-15,NA,NA,0,0
"3271",2013-03-18,NA,NA,0,0
"3272",2013-03-19,NA,NA,0,0
"3273",2013-03-20,NA,NA,0,0
"3274",2013-03-21,NA,NA,0,0
"3275",2013-03-22,NA,NA,0,0
"3276",2013-03-25,NA,NA,0,0
"3277",2013-03-26,NA,NA,0,0
"3278",2013-03-27,NA,NA,0,0
"3279",2013-03-28,NA,NA,0,0
"3280",2013-03-29,NA,NA,0,0
"3281",2013-04-01,NA,NA,0,0
"3282",2013-04-02,NA,NA,0,0
"3283",2013-04-03,NA,NA,0,0
"3284",2013-04-04,NA,NA,0,0
"3285",2013-04-05,NA,NA,0,0
"3286",2013-04-08,NA,NA,0,0
"3287",2013-04-09,NA,NA,0,0
"3288",2013-04-10,NA,NA,0,0
"3289",2013-04-11,NA,NA,0,0
"3290",2013-04-12,NA,NA,0,0
"3291",2013-04-15,NA,NA,0,0
"3292",2013-04-16,NA,NA,0,0
"3293",2013-04-17,NA,NA,0,0
"3294",2013-04-18,NA,NA,0,0
"3295",2013-04-19,NA,NA,0,0
"3296",2013-04-22,NA,NA,0,0
"3297",2013-04-23,NA,NA,0,0
"3298",2013-04-24,NA,NA,0,0
"3299",2013-04-25,NA,NA,0,0
"3300",2013-04-26,NA,NA,0,0
"3301",2013-04-29,NA,NA,0,0
"3302",2013-04-30,NA,NA,0,0
"3303",2013-05-02,NA,NA,0,0
"3304",2013-05-03,NA,NA,0,0
"3305",2013-05-06,NA,NA,0,0
"3306",2013-05-07,NA,NA,0,0
"3307",2013-05-08,NA,NA,0,0
"3308",2013-05-09,NA,NA,0,0
"3309",2013-05-10,NA,NA,0,0
"3310",2013-05-13,NA,NA,0,0
"3311",2013-05-14,NA,NA,0,0
"3312",2013-05-15,NA,NA,0,0
"3313",2013-05-16,NA,NA,0,0
"3314",2013-05-20,NA,NA,0,0
"3315",2013-05-21,NA,NA,0,0
"3316",2013-05-22,NA,NA,0,0
"3317",2013-05-23,NA,NA,0,0
"3318",2013-05-24,NA,NA,0,0
"3319",2013-05-27,NA,NA,0,0
"3320",2013-05-28,NA,NA,0,0
"3321",2013-05-29,NA,NA,0,0
"3322",2013-05-30,NA,NA,0,0
"3323",2013-05-31,NA,NA,0,0
"3324",2013-06-03,NA,NA,0,0
"3325",2013-06-04,NA,NA,0,0
"3326",2013-06-05,NA,NA,0,0
"3327",2013-06-07,NA,NA,0,0
"3328",2013-06-10,NA,NA,0,0
"3329",2013-06-11,NA,NA,0,0
"3330",2013-06-12,NA,NA,0,0
"3331",2013-06-13,NA,NA,0,0
"3332",2013-06-14,NA,NA,0,0
"3333",2013-06-17,NA,NA,0,0
"3334",2013-06-18,NA,NA,0,0
"3335",2013-06-19,NA,NA,0,0
"3336",2013-06-20,NA,NA,0,0
"3337",2013-06-21,NA,NA,0,0
"3338",2013-06-24,NA,NA,0,0
"3339",2013-06-25,NA,NA,0,0
"3340",2013-06-26,NA,NA,0,0
"3341",2013-06-27,NA,NA,0,0
"3342",2013-06-28,NA,NA,0,0
"3343",2013-07-01,NA,NA,0,0
"3344",2013-07-02,NA,NA,0,0
"3345",2013-07-03,NA,NA,0,0
"3346",2013-07-04,NA,NA,0,0
"3347",2013-07-05,NA,NA,0,0
"3348",2013-07-08,NA,NA,0,0
"3349",2013-07-09,NA,NA,0,0
"3350",2013-07-10,NA,NA,0,0
"3351",2013-07-11,NA,NA,0,0
"3352",2013-07-12,NA,NA,0,0
"3353",2013-07-15,NA,NA,0,0
"3354",2013-07-16,NA,NA,0,0
"3355",2013-07-17,NA,NA,0,0
"3356",2013-07-18,NA,NA,0,0
"3357",2013-07-19,NA,NA,0,0
"3358",2013-07-22,NA,NA,0,0
"3359",2013-07-23,NA,NA,0,0
"3360",2013-07-24,NA,NA,0,0
"3361",2013-07-25,NA,NA,0,0
"3362",2013-07-26,NA,NA,0,0
"3363",2013-07-29,NA,NA,0,0
"3364",2013-07-30,NA,NA,0,0
"3365",2013-07-31,NA,NA,0,0
"3366",2013-08-01,NA,NA,0,0
"3367",2013-08-02,NA,NA,0,0
"3368",2013-08-05,NA,NA,0,0
"3369",2013-08-06,NA,NA,0,0
"3370",2013-08-07,NA,NA,0,0
"3371",2013-08-08,NA,NA,0,0
"3372",2013-08-09,NA,NA,0,0
"3373",2013-08-12,NA,NA,0,0
"3374",2013-08-13,NA,NA,0,0
"3375",2013-08-14,NA,NA,0,0
"3376",2013-08-16,NA,NA,0,0
"3377",2013-08-19,NA,NA,0,0
"3378",2013-08-20,NA,NA,0,0
"3379",2013-08-21,NA,NA,0,0
"3380",2013-08-22,NA,NA,0,0
"3381",2013-08-23,NA,NA,0,0
"3382",2013-08-26,NA,NA,0,0
"3383",2013-08-27,NA,NA,0,0
"3384",2013-08-28,NA,NA,0,0
"3385",2013-08-29,NA,NA,0,0
"3386",2013-08-30,NA,NA,0,0
"3387",2013-09-02,NA,NA,0,0
"3388",2013-09-03,NA,NA,0,0
"3389",2013-09-04,NA,NA,0,0
"3390",2013-09-05,NA,NA,0,0
"3391",2013-09-06,NA,NA,0,0
"3392",2013-09-09,NA,NA,0,0
"3393",2013-09-10,NA,NA,0,0
"3394",2013-09-11,NA,NA,0,0
"3395",2013-09-12,NA,NA,0,0
"3396",2013-09-13,NA,NA,0,0
"3397",2013-09-16,NA,NA,0,0
"3398",2013-09-17,NA,NA,0,0
"3399",2013-09-23,NA,NA,0,0
"3400",2013-09-24,NA,NA,0,0
"3401",2013-09-25,NA,NA,0,0
"3402",2013-09-26,NA,NA,0,0
"3403",2013-09-27,NA,NA,0,0
"3404",2013-09-30,NA,NA,0,0
"3405",2013-10-01,NA,NA,0,0
"3406",2013-10-02,NA,NA,0,0
"3407",2013-10-04,NA,NA,0,0
"3408",2013-10-07,NA,NA,0,0
"3409",2013-10-08,NA,NA,0,0
"3410",2013-10-10,NA,NA,0,0
"3411",2013-10-11,NA,NA,0,0
"3412",2013-10-14,NA,NA,0,0
"3413",2013-10-15,NA,NA,0,0
"3414",2013-10-16,NA,NA,0,0
"3415",2013-10-17,NA,NA,0,0
"3416",2013-10-18,NA,NA,0,0
"3417",2013-10-21,NA,NA,0,0
"3418",2013-10-22,NA,NA,0,0
"3419",2013-10-23,NA,NA,0,0
"3420",2013-10-24,NA,NA,0,0
"3421",2013-10-25,NA,NA,0,0
"3422",2013-10-28,NA,NA,0,0
"3423",2013-10-29,NA,NA,0,0
"3424",2013-10-30,NA,NA,0,0
"3425",2013-10-31,NA,NA,0,0
"3426",2013-11-01,NA,NA,0,0
"3427",2013-11-04,NA,NA,0,0
"3428",2013-11-05,NA,NA,0,0
"3429",2013-11-06,NA,NA,0,0
"3430",2013-11-07,NA,NA,0,0
"3431",2013-11-08,NA,NA,0,0
"3432",2013-11-11,NA,NA,0,0
"3433",2013-11-12,NA,NA,0,0
"3434",2013-11-13,NA,NA,0,0
"3435",2013-11-14,NA,NA,0,0
"3436",2013-11-15,NA,NA,0,0
"3437",2013-11-18,NA,NA,0,0
"3438",2013-11-19,NA,NA,0,0
"3439",2013-11-20,NA,NA,0,0
"3440",2013-11-21,NA,NA,0,0
"3441",2013-11-22,NA,NA,0,0
"3442",2013-11-25,NA,NA,0,0
"3443",2013-11-26,NA,NA,0,0
"3444",2013-11-27,NA,NA,0,0
"3445",2013-11-28,NA,NA,0,0
"3446",2013-11-29,NA,NA,0,0
"3447",2013-12-02,NA,NA,0,0
"3448",2013-12-03,NA,NA,0,0
"3449",2013-12-04,NA,NA,0,0
"3450",2013-12-05,NA,NA,0,0
"3451",2013-12-06,NA,NA,0,0
"3452",2013-12-09,NA,NA,0,0
"3453",2013-12-10,NA,NA,0,0
"3454",2013-12-11,NA,NA,0,0
"3455",2013-12-12,NA,NA,0,0
"3456",2013-12-13,NA,NA,0,0
"3457",2013-12-16,NA,NA,0,0
"3458",2013-12-17,NA,NA,0,0
"3459",2013-12-18,NA,NA,0,0
"3460",2013-12-19,NA,NA,0,0
"3461",2013-12-20,NA,NA,0,0
"3462",2013-12-23,NA,NA,0,0
"3463",2013-12-24,NA,NA,0,0
"3464",2013-12-26,NA,NA,0,0
"3465",2013-12-27,NA,NA,0,0
"3466",2013-12-30,NA,NA,0,0
"3467",2014-01-02,NA,NA,0,0
"3468",2014-01-03,NA,NA,0,0
"3469",2014-01-06,NA,NA,0,0
"3470",2014-01-07,NA,NA,0,0
"3471",2014-01-08,NA,NA,0,0
"3472",2014-01-09,NA,NA,0,0
"3473",2014-01-10,NA,NA,0,0
"3474",2014-01-13,NA,NA,0,0
"3475",2014-01-14,NA,NA,0,0
"3476",2014-01-15,NA,NA,0,0
"3477",2014-01-16,NA,NA,0,0
"3478",2014-01-17,NA,NA,0,0
"3479",2014-01-20,NA,NA,0,0
"3480",2014-01-21,NA,NA,0,0
"3481",2014-01-22,NA,NA,0,0
"3482",2014-01-23,NA,NA,0,0
"3483",2014-01-24,NA,NA,0,0
"3484",2014-01-27,NA,NA,0,0
"3485",2014-01-28,NA,NA,0,0
"3486",2014-01-29,NA,NA,0,0
"3487",2014-02-03,NA,NA,0,0
"3488",2014-02-04,NA,NA,0,0
"3489",2014-02-05,NA,NA,0,0
"3490",2014-02-06,NA,NA,0,0
"3491",2014-02-07,NA,NA,0,0
"3492",2014-02-10,NA,NA,0,0
"3493",2014-02-11,NA,NA,0,0
"3494",2014-02-12,NA,NA,0,0
"3495",2014-02-13,NA,NA,0,0
"3496",2014-02-14,NA,NA,0,0
"3497",2014-02-17,NA,NA,0,0
"3498",2014-02-18,NA,NA,0,0
"3499",2014-02-19,NA,NA,0,0
"3500",2014-02-20,NA,NA,0,0
"3501",2014-02-21,NA,NA,0,0
"3502",2014-02-24,NA,NA,0,0
"3503",2014-02-25,NA,NA,0,0
"3504",2014-02-26,NA,NA,0,0
"3505",2014-02-27,NA,NA,0,0
"3506",2014-02-28,NA,NA,0,0
"3507",2014-03-03,NA,NA,0,0
"3508",2014-03-04,NA,NA,0,0
"3509",2014-03-05,NA,NA,0,0
"3510",2014-03-06,NA,NA,0,0
"3511",2014-03-07,NA,NA,0,0
"3512",2014-03-10,NA,NA,0,0
"3513",2014-03-11,NA,NA,0,0
"3514",2014-03-12,NA,NA,0,0
"3515",2014-03-13,NA,NA,0,0
"3516",2014-03-14,NA,NA,0,0
"3517",2014-03-17,NA,NA,0,0
"3518",2014-03-18,NA,NA,0,0
"3519",2014-03-19,NA,NA,0,0
"3520",2014-03-20,NA,NA,0,0
"3521",2014-03-21,NA,NA,0,0
"3522",2014-03-24,NA,NA,0,0
"3523",2014-03-25,NA,NA,0,0
"3524",2014-03-26,NA,NA,0,0
"3525",2014-03-27,NA,NA,0,0
"3526",2014-03-28,NA,NA,0,0
"3527",2014-03-31,NA,NA,0,0
"3528",2014-04-01,NA,NA,0,0
"3529",2014-04-02,NA,NA,0,0
"3530",2014-04-03,NA,NA,0,0
"3531",2014-04-04,NA,NA,0,0
"3532",2014-04-07,NA,NA,0,0
"3533",2014-04-08,NA,NA,0,0
"3534",2014-04-09,NA,NA,0,0
"3535",2014-04-10,NA,NA,0,0
"3536",2014-04-11,NA,NA,0,0
"3537",2014-04-14,NA,NA,0,0
"3538",2014-04-15,NA,NA,0,0
"3539",2014-04-16,NA,NA,0,0
"3540",2014-04-17,NA,NA,0,0
"3541",2014-04-18,NA,NA,0,0
"3542",2014-04-21,NA,NA,0,0
"3543",2014-04-22,NA,NA,0,0
"3544",2014-04-23,NA,NA,0,0
"3545",2014-04-24,NA,NA,0,0
"3546",2014-04-25,NA,NA,0,0
"3547",2014-04-28,NA,NA,0,0
"3548",2014-04-29,NA,NA,0,0
"3549",2014-04-30,NA,NA,0,0
"3550",2014-05-02,NA,NA,0,0
"3551",2014-05-07,NA,NA,0,0
"3552",2014-05-08,NA,NA,0,0
"3553",2014-05-09,NA,NA,0,0
"3554",2014-05-12,NA,NA,0,0
"3555",2014-05-13,NA,NA,0,0
"3556",2014-05-14,NA,NA,0,0
"3557",2014-05-15,NA,NA,0,0
"3558",2014-05-16,NA,NA,0,0
"3559",2014-05-19,NA,NA,0,0
"3560",2014-05-20,NA,NA,0,0
"3561",2014-05-21,NA,NA,0,0
"3562",2014-05-22,NA,NA,0,0
"3563",2014-05-23,NA,NA,0,0
"3564",2014-05-26,NA,NA,0,0
"3565",2014-05-27,NA,NA,0,0
"3566",2014-05-28,NA,NA,0,0
"3567",2014-05-29,NA,NA,0,0
"3568",2014-05-30,NA,NA,0,0
"3569",2014-06-02,NA,NA,0,0
"3570",2014-06-03,NA,NA,0,0
"3571",2014-06-05,NA,NA,0,0
"3572",2014-06-09,NA,NA,0,0
"3573",2014-06-10,NA,NA,0,0
"3574",2014-06-11,NA,NA,0,0
"3575",2014-06-12,NA,NA,0,0
"3576",2014-06-13,NA,NA,0,0
"3577",2014-06-16,NA,NA,0,0
"3578",2014-06-17,NA,NA,0,0
"3579",2014-06-18,NA,NA,0,0
"3580",2014-06-19,NA,NA,0,0
"3581",2014-06-20,NA,NA,0,0
"3582",2014-06-23,NA,NA,0,0
"3583",2014-06-24,NA,NA,0,0
"3584",2014-06-25,NA,NA,0,0
"3585",2014-06-26,NA,NA,0,0
"3586",2014-06-27,NA,NA,0,0
"3587",2014-06-30,NA,NA,0,0
"3588",2014-07-01,NA,NA,0,0
"3589",2014-07-02,NA,NA,0,0
"3590",2014-07-03,NA,NA,0,0
"3591",2014-07-04,NA,NA,0,0
"3592",2014-07-07,NA,NA,0,0
"3593",2014-07-08,NA,NA,0,0
"3594",2014-07-09,NA,NA,0,0
"3595",2014-07-10,NA,NA,0,0
"3596",2014-07-11,NA,NA,0,0
"3597",2014-07-14,NA,NA,0,0
"3598",2014-07-15,NA,NA,0,0
"3599",2014-07-16,NA,NA,0,0
"3600",2014-07-17,NA,NA,0,0
"3601",2014-07-18,NA,NA,0,0
"3602",2014-07-21,NA,NA,0,0
"3603",2014-07-22,NA,NA,0,0
"3604",2014-07-23,NA,NA,0,0
"3605",2014-07-24,NA,NA,0,0
"3606",2014-07-25,NA,NA,0,0
"3607",2014-07-28,NA,NA,0,0
"3608",2014-07-29,NA,NA,0,0
"3609",2014-07-30,NA,NA,0,0
"3610",2014-07-31,NA,NA,0,0
"3611",2014-08-01,NA,NA,0,0
"3612",2014-08-04,NA,NA,0,0
"3613",2014-08-05,NA,NA,0,0
"3614",2014-08-06,NA,NA,0,0
"3615",2014-08-07,NA,NA,0,0
"3616",2014-08-08,NA,NA,0,0
"3617",2014-08-11,NA,NA,0,0
"3618",2014-08-12,NA,NA,0,0
"3619",2014-08-13,NA,NA,0,0
"3620",2014-08-14,NA,NA,0,0
"3621",2014-08-18,NA,NA,0,0
"3622",2014-08-19,NA,NA,0,0
"3623",2014-08-20,NA,NA,0,0
"3624",2014-08-21,NA,NA,0,0
"3625",2014-08-22,NA,NA,0,0
"3626",2014-08-25,NA,NA,0,0
"3627",2014-08-26,NA,NA,0,0
"3628",2014-08-27,NA,NA,0,0
"3629",2014-08-28,NA,NA,0,0
"3630",2014-08-29,NA,NA,0,0
"3631",2014-09-01,NA,NA,0,0
"3632",2014-09-02,NA,NA,0,0
"3633",2014-09-03,NA,NA,0,0
"3634",2014-09-04,NA,NA,0,0
"3635",2014-09-05,NA,NA,0,0
"3636",2014-09-11,NA,NA,0,0
"3637",2014-09-12,NA,NA,0,0
"3638",2014-09-15,NA,NA,0,0
"3639",2014-09-16,NA,NA,0,0
"3640",2014-09-17,NA,NA,0,0
"3641",2014-09-18,NA,NA,0,0
"3642",2014-09-19,NA,NA,0,0
"3643",2014-09-22,NA,NA,0,0
"3644",2014-09-23,NA,NA,0,0
"3645",2014-09-24,NA,NA,0,0
"3646",2014-09-25,NA,NA,0,0
"3647",2014-09-26,NA,NA,0,0
"3648",2014-09-29,NA,NA,0,0
"3649",2014-09-30,NA,NA,0,0
"3650",2014-10-01,NA,NA,0,0
"3651",2014-10-02,NA,NA,0,0
"3652",2014-10-06,NA,NA,0,0
"3653",2014-10-07,NA,NA,0,0
"3654",2014-10-08,NA,NA,0,0
"3655",2014-10-10,NA,NA,0,0
"3656",2014-10-13,NA,NA,0,0
"3657",2014-10-14,NA,NA,0,0
"3658",2014-10-15,NA,NA,0,0
"3659",2014-10-16,NA,NA,0,0
"3660",2014-10-17,NA,NA,0,0
"3661",2014-10-20,NA,NA,0,0
"3662",2014-10-21,NA,NA,0,0
"3663",2014-10-22,NA,NA,0,0
"3664",2014-10-23,NA,NA,0,0
"3665",2014-10-24,NA,NA,0,0
"3666",2014-10-27,NA,NA,0,0
"3667",2014-10-28,NA,NA,0,0
"3668",2014-10-29,NA,NA,0,0
"3669",2014-10-30,NA,NA,0,0
"3670",2014-10-31,NA,NA,0,0
"3671",2014-11-03,NA,NA,0,0
"3672",2014-11-04,NA,NA,0,0
"3673",2014-11-05,NA,NA,0,0
"3674",2014-11-06,NA,NA,0,0
"3675",2014-11-07,NA,NA,0,0
"3676",2014-11-10,NA,NA,0,0
"3677",2014-11-11,NA,NA,0,0
"3678",2014-11-12,NA,NA,0,0
"3679",2014-11-13,NA,NA,0,0
"3680",2014-11-14,NA,NA,0,0
"3681",2014-11-17,NA,NA,0,0
"3682",2014-11-18,NA,NA,0,0
"3683",2014-11-19,NA,NA,0,0
"3684",2014-11-20,NA,NA,0,0
"3685",2014-11-21,NA,NA,0,0
"3686",2014-11-24,NA,NA,0,0
"3687",2014-11-25,NA,NA,0,0
"3688",2014-11-26,NA,NA,0,0
"3689",2014-11-27,NA,NA,0,0
"3690",2014-11-28,NA,NA,0,0
"3691",2014-12-01,NA,NA,0,0
"3692",2014-12-02,NA,NA,0,0
"3693",2014-12-03,NA,NA,0,0
"3694",2014-12-04,NA,NA,0,0
"3695",2014-12-05,NA,NA,0,0
"3696",2014-12-08,NA,NA,0,0
"3697",2014-12-09,NA,NA,0,0
"3698",2014-12-10,NA,NA,0,0
"3699",2014-12-11,NA,NA,0,0
"3700",2014-12-12,NA,NA,0,0
"3701",2014-12-15,NA,NA,0,0
"3702",2014-12-16,NA,NA,0,0
"3703",2014-12-17,NA,NA,0,0
"3704",2014-12-18,NA,NA,0,0
"3705",2014-12-19,NA,NA,0,0
"3706",2014-12-22,NA,NA,0,0
"3707",2014-12-23,NA,NA,0,0
"3708",2014-12-24,NA,NA,0,0
"3709",2014-12-26,NA,NA,0,0
"3710",2014-12-29,NA,NA,0,0
"3711",2014-12-30,NA,NA,0,0
"3712",2015-01-02,NA,NA,0,0
"3713",2015-01-05,NA,NA,0,0
"3714",2015-01-06,NA,NA,0,0
"3715",2015-01-07,NA,NA,0,0
"3716",2015-01-08,NA,NA,0,0
"3717",2015-01-09,NA,NA,0,0
"3718",2015-01-12,NA,NA,0,0
"3719",2015-01-13,NA,NA,0,0
"3720",2015-01-14,NA,NA,0,0
"3721",2015-01-15,NA,NA,0,0
"3722",2015-01-16,NA,NA,0,0
"3723",2015-01-19,NA,NA,0,0
"3724",2015-01-20,NA,NA,0,0
"3725",2015-01-21,NA,NA,0,0
"3726",2015-01-22,NA,NA,0,0
"3727",2015-01-23,NA,NA,0,0
"3728",2015-01-26,NA,NA,0,0
"3729",2015-01-27,NA,NA,0,0
"3730",2015-01-28,NA,NA,0,0
"3731",2015-01-29,NA,NA,0,0
"3732",2015-01-30,NA,NA,0,0
"3733",2015-02-02,NA,NA,0,0
"3734",2015-02-03,NA,NA,0,0
"3735",2015-02-04,NA,NA,0,0
"3736",2015-02-05,NA,NA,0,0
"3737",2015-02-06,NA,NA,0,0
"3738",2015-02-09,NA,NA,0,0
"3739",2015-02-10,NA,NA,0,0
"3740",2015-02-11,NA,NA,0,0
"3741",2015-02-12,NA,NA,0,0
"3742",2015-02-13,NA,NA,0,0
"3743",2015-02-16,NA,NA,0,0
"3744",2015-02-17,NA,NA,0,0
"3745",2015-02-23,NA,NA,0,0
"3746",2015-02-24,NA,NA,0,0
"3747",2015-02-25,NA,NA,0,0
"3748",2015-02-26,NA,NA,0,0
"3749",2015-02-27,NA,NA,0,0
"3750",2015-03-02,NA,NA,0,0
"3751",2015-03-03,NA,NA,0,0
"3752",2015-03-04,NA,NA,0,0
"3753",2015-03-05,NA,NA,0,0
"3754",2015-03-06,NA,NA,0,0
"3755",2015-03-09,NA,NA,0,0
"3756",2015-03-10,NA,NA,0,0
"3757",2015-03-11,NA,NA,0,0
"3758",2015-03-12,NA,NA,0,0
"3759",2015-03-13,NA,NA,0,0
"3760",2015-03-16,NA,NA,0,0
"3761",2015-03-17,NA,NA,0,0
"3762",2015-03-18,NA,NA,0,0
"3763",2015-03-19,NA,NA,0,0
"3764",2015-03-20,NA,NA,0,0
"3765",2015-03-23,NA,NA,0,0
"3766",2015-03-24,NA,NA,0,0
"3767",2015-03-25,NA,NA,0,0
"3768",2015-03-26,NA,NA,0,0
"3769",2015-03-27,NA,NA,0,0
"3770",2015-03-30,NA,NA,0,0
"3771",2015-03-31,NA,NA,0,0
"3772",2015-04-01,NA,NA,0,0
"3773",2015-04-02,NA,NA,0,0
"3774",2015-04-03,NA,NA,0,0
"3775",2015-04-06,NA,NA,0,0
"3776",2015-04-07,NA,NA,0,0
"3777",2015-04-08,NA,NA,0,0
"3778",2015-04-09,NA,NA,0,0
"3779",2015-04-10,NA,NA,0,0
"3780",2015-04-13,NA,NA,0,0
"3781",2015-04-14,NA,NA,0,0
"3782",2015-04-15,NA,NA,0,0
"3783",2015-04-16,NA,NA,0,0
"3784",2015-04-17,NA,NA,0,0
"3785",2015-04-20,NA,NA,0,0
"3786",2015-04-21,NA,NA,0,0
"3787",2015-04-22,NA,NA,0,0
"3788",2015-04-23,NA,NA,0,0
"3789",2015-04-24,NA,NA,0,0
"3790",2015-04-27,NA,NA,0,0
"3791",2015-04-28,NA,NA,0,0
"3792",2015-04-29,NA,NA,0,0
"3793",2015-04-30,NA,NA,0,0
"3794",2015-05-04,NA,NA,0,0
"3795",2015-05-06,NA,NA,0,0
"3796",2015-05-07,NA,NA,0,0
"3797",2015-05-08,NA,NA,0,0
"3798",2015-05-11,NA,NA,0,0
"3799",2015-05-12,NA,NA,0,0
"3800",2015-05-13,NA,NA,0,0
"3801",2015-05-14,NA,NA,0,0
"3802",2015-05-15,NA,NA,0,0
"3803",2015-05-18,NA,NA,0,0
"3804",2015-05-19,NA,NA,0,0
"3805",2015-05-20,NA,NA,0,0
"3806",2015-05-21,NA,NA,0,0
"3807",2015-05-22,NA,NA,0,0
"3808",2015-05-26,NA,NA,0,0
"3809",2015-05-27,NA,NA,0,0
"3810",2015-05-28,NA,NA,0,0
"3811",2015-05-29,NA,NA,0,0
"3812",2015-06-01,NA,NA,0,0
"3813",2015-06-02,NA,NA,0,0
"3814",2015-06-03,NA,NA,0,0
"3815",2015-06-04,NA,NA,0,0
"3816",2015-06-05,NA,NA,0,0
"3817",2015-06-08,NA,NA,0,0
"3818",2015-06-09,NA,NA,0,0
"3819",2015-06-10,NA,NA,0,0
"3820",2015-06-11,NA,NA,0,0
"3821",2015-06-12,NA,NA,0,0
"3822",2015-06-15,NA,NA,0,0
"3823",2015-06-16,NA,NA,0,0
"3824",2015-06-17,NA,NA,0,0
"3825",2015-06-18,NA,NA,0,0
"3826",2015-06-19,NA,NA,0,0
"3827",2015-06-22,NA,NA,0,0
"3828",2015-06-23,NA,NA,0,0
"3829",2015-06-24,NA,NA,0,0
"3830",2015-06-25,NA,NA,0,0
"3831",2015-06-26,NA,NA,0,0
"3832",2015-06-29,NA,NA,0,0
"3833",2015-06-30,NA,NA,0,0
"3834",2015-07-01,NA,NA,0,0
"3835",2015-07-02,NA,NA,0,0
"3836",2015-07-03,NA,NA,0,0
"3837",2015-07-06,NA,NA,0,0
"3838",2015-07-07,NA,NA,0,0
"3839",2015-07-08,NA,NA,0,0
"3840",2015-07-09,NA,NA,0,0
"3841",2015-07-10,NA,NA,0,0
"3842",2015-07-13,NA,NA,0,0
"3843",2015-07-14,NA,NA,0,0
"3844",2015-07-15,NA,NA,0,0
"3845",2015-07-16,NA,NA,0,0
"3846",2015-07-17,NA,NA,0,0
"3847",2015-07-20,NA,NA,0,0
"3848",2015-07-21,NA,NA,0,0
"3849",2015-07-22,NA,NA,0,0
"3850",2015-07-23,NA,NA,0,0
"3851",2015-07-24,NA,NA,0,0
"3852",2015-07-27,NA,NA,0,0
"3853",2015-07-28,NA,NA,0,0
"3854",2015-07-29,NA,NA,0,0
"3855",2015-07-30,NA,NA,0,0
"3856",2015-07-31,NA,NA,0,0
"3857",2015-08-03,NA,NA,0,0
"3858",2015-08-04,NA,NA,0,0
"3859",2015-08-05,NA,NA,0,0
"3860",2015-08-06,NA,NA,0,0
"3861",2015-08-07,NA,NA,0,0
"3862",2015-08-10,NA,NA,0,0
"3863",2015-08-11,NA,NA,0,0
"3864",2015-08-12,NA,NA,0,0
"3865",2015-08-13,NA,NA,0,0
"3866",2015-08-17,NA,NA,0,0
"3867",2015-08-18,NA,NA,0,0
"3868",2015-08-19,NA,NA,0,0
"3869",2015-08-20,NA,NA,0,0
"3870",2015-08-21,NA,NA,0,0
"3871",2015-08-24,NA,NA,0,0
"3872",2015-08-25,NA,NA,0,0
"3873",2015-08-26,NA,NA,0,0
"3874",2015-08-27,NA,NA,0,0
"3875",2015-08-28,NA,NA,0,0
"3876",2015-08-31,NA,NA,0,0
"3877",2015-09-01,NA,NA,0,0
"3878",2015-09-02,NA,NA,0,0
"3879",2015-09-03,NA,NA,0,0
"3880",2015-09-04,NA,NA,0,0
"3881",2015-09-07,NA,NA,0,0
"3882",2015-09-08,NA,NA,0,0
"3883",2015-09-09,NA,NA,0,0
"3884",2015-09-10,NA,NA,0,0
"3885",2015-09-11,NA,NA,0,0
"3886",2015-09-14,NA,NA,0,0
"3887",2015-09-15,NA,NA,0,0
"3888",2015-09-16,NA,NA,0,0
"3889",2015-09-17,NA,NA,0,0
"3890",2015-09-18,NA,NA,0,0
"3891",2015-09-21,NA,NA,0,0
"3892",2015-09-22,NA,NA,0,0
"3893",2015-09-23,NA,NA,0,0
"3894",2015-09-24,NA,NA,0,0
"3895",2015-09-25,NA,NA,0,0
"3896",2015-09-30,NA,NA,0,0
"3897",2015-10-01,NA,NA,0,0
"3898",2015-10-02,NA,NA,0,0
"3899",2015-10-05,NA,NA,0,0
"3900",2015-10-06,NA,NA,0,0
"3901",2015-10-07,NA,NA,0,0
"3902",2015-10-08,NA,NA,0,0
"3903",2015-10-12,NA,NA,0,0
"3904",2015-10-13,NA,NA,0,0
"3905",2015-10-14,NA,NA,0,0
"3906",2015-10-15,NA,NA,0,0
"3907",2015-10-16,NA,NA,0,0
"3908",2015-10-19,NA,NA,0,0
"3909",2015-10-20,NA,NA,0,0
"3910",2015-10-21,NA,NA,0,0
"3911",2015-10-22,NA,NA,0,0
"3912",2015-10-23,NA,NA,0,0
"3913",2015-10-26,NA,NA,0,0
"3914",2015-10-27,NA,NA,0,0
"3915",2015-10-28,NA,NA,0,0
"3916",2015-10-29,NA,NA,0,0
"3917",2015-10-30,NA,NA,0,0
"3918",2015-11-02,NA,NA,0,0
"3919",2015-11-03,NA,NA,0,0
"3920",2015-11-04,NA,NA,0,0
"3921",2015-11-05,NA,NA,0,0
"3922",2015-11-06,NA,NA,0,0
"3923",2015-11-09,NA,NA,0,0
"3924",2015-11-10,NA,NA,0,0
"3925",2015-11-11,NA,NA,0,0
"3926",2015-11-12,NA,NA,0,0
"3927",2015-11-13,NA,NA,0,0
"3928",2015-11-16,NA,NA,0,0
"3929",2015-11-17,NA,NA,0,0
"3930",2015-11-18,NA,NA,0,0
"3931",2015-11-19,NA,NA,0,0
"3932",2015-11-20,NA,NA,0,0
"3933",2015-11-23,NA,NA,0,0
"3934",2015-11-24,NA,NA,0,0
"3935",2015-11-25,NA,NA,0,0
"3936",2015-11-26,NA,NA,0,0
"3937",2015-11-27,NA,NA,0,0
"3938",2015-11-30,NA,NA,0,0
"3939",2015-12-01,NA,NA,0,0
"3940",2015-12-02,NA,NA,0,0
"3941",2015-12-03,NA,NA,0,0
"3942",2015-12-04,NA,NA,0,0
"3943",2015-12-07,NA,NA,0,0
"3944",2015-12-08,NA,NA,0,0
"3945",2015-12-09,NA,NA,0,0
"3946",2015-12-10,NA,NA,0,0
"3947",2015-12-11,NA,NA,0,0
"3948",2015-12-14,NA,NA,0,0
"3949",2015-12-15,NA,NA,0,0
"3950",2015-12-16,NA,NA,0,0
"3951",2015-12-17,NA,NA,0,0
"3952",2015-12-18,NA,NA,0,0
"3953",2015-12-21,NA,NA,0,0
"3954",2015-12-22,NA,NA,0,0
"3955",2015-12-23,NA,NA,0,0
"3956",2015-12-24,NA,NA,0,0
"3957",2015-12-28,NA,NA,0,0
"3958",2015-12-29,NA,NA,0,0
"3959",2015-12-30,NA,NA,0,0
"3960",2016-01-04,NA,NA,0,0
"3961",2016-01-05,NA,NA,0,0
"3962",2016-01-06,NA,NA,0,0
"3963",2016-01-07,NA,NA,0,0
"3964",2016-01-08,NA,NA,0,0
"3965",2016-01-11,NA,NA,0,0
"3966",2016-01-12,NA,NA,0,0
"3967",2016-01-13,NA,NA,0,0
"3968",2016-01-14,NA,NA,0,0
"3969",2016-01-15,NA,NA,0,0
"3970",2016-01-18,NA,NA,0,0
"3971",2016-01-19,NA,NA,0,0
"3972",2016-01-20,NA,NA,0,0
"3973",2016-01-21,NA,NA,0,0
"3974",2016-01-22,NA,NA,0,0
"3975",2016-01-25,NA,NA,0,0
"3976",2016-01-26,NA,NA,0,0
"3977",2016-01-27,NA,NA,0,0
"3978",2016-01-28,NA,NA,0,0
"3979",2016-01-29,NA,NA,0,0
"3980",2016-02-01,NA,NA,0,0
"3981",2016-02-02,NA,NA,0,0
"3982",2016-02-03,NA,NA,0,0
"3983",2016-02-04,NA,NA,0,0
"3984",2016-02-05,NA,NA,0,0
"3985",2016-02-11,NA,NA,0,0
"3986",2016-02-12,NA,NA,0,0
"3987",2016-02-15,NA,NA,0,0
"3988",2016-02-16,NA,NA,0,0
"3989",2016-02-17,NA,NA,0,0
"3990",2016-02-18,NA,NA,0,0
"3991",2016-02-19,NA,NA,0,0
"3992",2016-02-22,NA,NA,0,0
"3993",2016-02-23,NA,NA,0,0
"3994",2016-02-24,NA,NA,0,0
"3995",2016-02-25,NA,NA,0,0
"3996",2016-02-26,NA,NA,0,0
"3997",2016-02-29,NA,NA,0,0
"3998",2016-03-02,NA,NA,0,0
"3999",2016-03-03,NA,NA,0,0
"4000",2016-03-04,NA,NA,0,0
"4001",2016-03-07,NA,NA,0,0
"4002",2016-03-08,NA,NA,0,0
"4003",2016-03-09,NA,NA,0,0
"4004",2016-03-10,NA,NA,0,0
"4005",2016-03-11,NA,NA,0,0
"4006",2016-03-14,NA,NA,0,0
"4007",2016-03-15,NA,NA,0,0
"4008",2016-03-16,NA,NA,0,0
"4009",2016-03-17,NA,NA,0,0
"4010",2016-03-18,NA,NA,0,0
"4011",2016-03-21,NA,NA,0,0
"4012",2016-03-22,NA,NA,0,0
"4013",2016-03-23,NA,NA,0,0
"4014",2016-03-24,NA,NA,0,0
"4015",2016-03-25,NA,NA,0,0
"4016",2016-03-28,NA,NA,0,0
"4017",2016-03-29,NA,NA,0,0
"4018",2016-03-30,NA,NA,0,0
"4019",2016-03-31,NA,NA,0,0
"4020",2016-04-01,NA,NA,0,0
"4021",2016-04-04,NA,NA,0,0
"4022",2016-04-05,NA,NA,0,0
"4023",2016-04-06,NA,NA,0,0
"4024",2016-04-07,NA,NA,0,0
"4025",2016-04-08,NA,NA,0,0
"4026",2016-04-11,NA,NA,0,0
"4027",2016-04-12,NA,NA,0,0
"4028",2016-04-14,NA,NA,0,0
"4029",2016-04-15,NA,NA,0,0
"4030",2016-04-18,NA,NA,0,0
"4031",2016-04-19,NA,NA,0,0
"4032",2016-04-20,NA,NA,0,0
"4033",2016-04-21,NA,NA,0,0
"4034",2016-04-22,NA,NA,0,0
"4035",2016-04-25,NA,NA,0,0
"4036",2016-04-26,NA,NA,0,0
"4037",2016-04-27,NA,NA,0,0
"4038",2016-04-28,NA,NA,0,0
"4039",2016-04-29,NA,NA,0,0
"4040",2016-05-02,NA,NA,0,0
"4041",2016-05-03,NA,NA,0,0
"4042",2016-05-04,NA,NA,0,0
"4043",2016-05-09,NA,NA,0,0
"4044",2016-05-10,NA,NA,0,0
"4045",2016-05-11,NA,NA,0,0
"4046",2016-05-12,NA,NA,0,0
"4047",2016-05-13,NA,NA,0,0
"4048",2016-05-16,NA,NA,0,0
"4049",2016-05-17,NA,NA,0,0
"4050",2016-05-18,NA,NA,0,0
"4051",2016-05-19,NA,NA,0,0
"4052",2016-05-20,NA,NA,0,0
"4053",2016-05-23,NA,NA,0,0
"4054",2016-05-24,NA,NA,0,0
"4055",2016-05-25,NA,NA,0,0
"4056",2016-05-26,NA,NA,0,0
"4057",2016-05-27,NA,NA,0,0
"4058",2016-05-30,NA,NA,0,0
"4059",2016-05-31,NA,NA,0,0
"4060",2016-06-01,NA,NA,0,0
"4061",2016-06-02,NA,NA,0,0
"4062",2016-06-03,NA,NA,0,0
"4063",2016-06-07,NA,NA,0,0
"4064",2016-06-08,NA,NA,0,0
"4065",2016-06-09,NA,NA,0,0
"4066",2016-06-10,NA,NA,0,0
"4067",2016-06-13,NA,NA,0,0
"4068",2016-06-14,NA,NA,0,0
"4069",2016-06-15,NA,NA,0,0
"4070",2016-06-16,NA,NA,0,0
"4071",2016-06-17,NA,NA,0,0
"4072",2016-06-20,NA,NA,0,0
"4073",2016-06-21,NA,NA,0,0
"4074",2016-06-22,NA,NA,0,0
"4075",2016-06-23,NA,NA,0,0
"4076",2016-06-24,NA,NA,0,0
"4077",2016-06-27,NA,NA,0,0
"4078",2016-06-28,NA,NA,0,0
"4079",2016-06-29,NA,NA,0,0
"4080",2016-06-30,NA,NA,0,0
"4081",2016-07-01,NA,NA,0,0
"4082",2016-07-04,NA,NA,0,0
"4083",2016-07-05,NA,NA,0,0
"4084",2016-07-06,NA,NA,0,0
"4085",2016-07-07,NA,NA,0,0
"4086",2016-07-08,NA,NA,0,0
"4087",2016-07-11,NA,NA,0,0
"4088",2016-07-12,NA,NA,0,0
"4089",2016-07-13,NA,NA,0,0
"4090",2016-07-14,NA,NA,0,0
"4091",2016-07-15,NA,NA,0,0
"4092",2016-07-18,NA,NA,0,0
"4093",2016-07-19,NA,NA,0,0
"4094",2016-07-20,NA,NA,0,0
"4095",2016-07-21,NA,NA,0,0
"4096",2016-07-22,NA,NA,0,0
"4097",2016-07-25,NA,NA,0,0
"4098",2016-07-26,NA,NA,0,0
"4099",2016-07-27,NA,NA,0,0
"4100",2016-07-28,NA,NA,0,0
"4101",2016-07-29,NA,NA,0,0
"4102",2016-08-01,NA,NA,0,0
"4103",2016-08-02,NA,NA,0,0
"4104",2016-08-03,NA,NA,0,0
"4105",2016-08-04,NA,NA,0,0
"4106",2016-08-05,NA,NA,0,0
"4107",2016-08-08,NA,NA,0,0
"4108",2016-08-09,NA,NA,0,0
"4109",2016-08-10,NA,NA,0,0
"4110",2016-08-11,NA,NA,0,0
"4111",2016-08-12,NA,NA,0,0
"4112",2016-08-16,NA,NA,0,0
"4113",2016-08-17,NA,NA,0,0
"4114",2016-08-18,NA,NA,0,0
"4115",2016-08-19,NA,NA,0,0
"4116",2016-08-22,NA,NA,0,0
"4117",2016-08-23,NA,NA,0,0
"4118",2016-08-24,NA,NA,0,0
"4119",2016-08-25,NA,NA,0,0
"4120",2016-08-26,NA,NA,0,0
"4121",2016-08-29,NA,NA,0,0
"4122",2016-08-30,NA,NA,0,0
"4123",2016-08-31,NA,NA,0,0
"4124",2016-09-01,NA,NA,0,0
"4125",2016-09-02,NA,NA,0,0
"4126",2016-09-05,NA,NA,0,0
"4127",2016-09-06,NA,NA,0,0
"4128",2016-09-07,NA,NA,0,0
"4129",2016-09-08,NA,NA,0,0
"4130",2016-09-09,NA,NA,0,0
"4131",2016-09-12,NA,NA,0,0
"4132",2016-09-13,NA,NA,0,0
"4133",2016-09-19,NA,NA,0,0
"4134",2016-09-20,NA,NA,0,0
"4135",2016-09-21,NA,NA,0,0
"4136",2016-09-22,NA,NA,0,0
"4137",2016-09-23,NA,NA,0,0
"4138",2016-09-26,NA,NA,0,0
"4139",2016-09-27,NA,NA,0,0
"4140",2016-09-28,NA,NA,0,0
"4141",2016-09-29,NA,NA,0,0
"4142",2016-09-30,NA,NA,0,0
"4143",2016-10-04,NA,NA,0,0
"4144",2016-10-05,NA,NA,0,0
"4145",2016-10-06,NA,NA,0,0
"4146",2016-10-07,NA,NA,0,0
"4147",2016-10-10,NA,NA,0,0
"4148",2016-10-11,NA,NA,0,0
"4149",2016-10-12,NA,NA,0,0
"4150",2016-10-13,NA,NA,0,0
"4151",2016-10-14,NA,NA,0,0
"4152",2016-10-17,NA,NA,0,0
"4153",2016-10-18,NA,NA,0,0
"4154",2016-10-19,NA,NA,0,0
"4155",2016-10-20,NA,NA,0,0
"4156",2016-10-21,NA,NA,0,0
"4157",2016-10-24,NA,NA,0,0
"4158",2016-10-25,NA,NA,0,0
"4159",2016-10-26,NA,NA,0,0
"4160",2016-10-27,NA,NA,0,0
"4161",2016-10-28,NA,NA,0,0
"4162",2016-10-31,NA,NA,0,0
"4163",2016-11-01,NA,NA,0,0
"4164",2016-11-02,NA,NA,0,0
"4165",2016-11-03,NA,NA,0,0
"4166",2016-11-04,NA,NA,0,0
"4167",2016-11-07,NA,NA,0,0
"4168",2016-11-08,NA,NA,0,0
"4169",2016-11-09,NA,NA,0,0
"4170",2016-11-10,NA,NA,0,0
"4171",2016-11-11,NA,NA,0,0
"4172",2016-11-14,NA,NA,0,0
"4173",2016-11-15,NA,NA,0,0
"4174",2016-11-16,NA,NA,0,0
"4175",2016-11-17,NA,NA,0,0
"4176",2016-11-18,NA,NA,0,0
"4177",2016-11-21,NA,NA,0,0
"4178",2016-11-22,NA,NA,0,0
"4179",2016-11-23,NA,NA,0,0
"4180",2016-11-24,NA,NA,0,0
"4181",2016-11-25,NA,NA,0,0
"4182",2016-11-28,NA,NA,0,0
"4183",2016-11-29,NA,NA,0,0
"4184",2016-11-30,NA,NA,0,0
"4185",2016-12-01,NA,NA,0,0
"4186",2016-12-02,NA,NA,0,0
"4187",2016-12-05,NA,NA,0,0
"4188",2016-12-06,NA,NA,0,0
"4189",2016-12-07,NA,NA,0,0
"4190",2016-12-08,NA,NA,0,0
"4191",2016-12-09,NA,NA,0,0
"4192",2016-12-12,NA,NA,0,0
"4193",2016-12-13,NA,NA,0,0
"4194",2016-12-14,NA,NA,0,0
"4195",2016-12-15,NA,NA,0,0
"4196",2016-12-16,NA,NA,0,0
"4197",2016-12-19,NA,NA,0,0
"4198",2016-12-20,NA,NA,0,0
"4199",2016-12-21,NA,NA,0,0
"4200",2016-12-22,NA,NA,0,0
"4201",2016-12-23,NA,NA,0,0
"4202",2016-12-26,NA,NA,0,0
"4203",2016-12-27,NA,NA,0,0
"4204",2016-12-28,NA,NA,0,0
"4205",2016-12-29,NA,NA,0,0
"4206",2017-01-02,NA,NA,0,0
"4207",2017-01-03,NA,NA,0,0
"4208",2017-01-04,NA,NA,0,0
"4209",2017-01-05,NA,NA,0,0
"4210",2017-01-06,NA,NA,0,0
"4211",2017-01-09,NA,NA,0,0
"4212",2017-01-10,NA,NA,0,0
"4213",2017-01-11,NA,NA,0,0
"4214",2017-01-12,NA,NA,0,0
"4215",2017-01-13,NA,NA,0,0
"4216",2017-01-16,NA,NA,0,0
"4217",2017-01-17,NA,NA,0,0
"4218",2017-01-18,NA,NA,0,0
"4219",2017-01-19,NA,NA,0,0
"4220",2017-01-20,NA,NA,0,0
"4221",2017-01-23,NA,NA,0,0
"4222",2017-01-24,NA,NA,0,0
"4223",2017-01-25,NA,NA,0,0
"4224",2017-01-26,NA,NA,0,0
"4225",2017-01-31,NA,NA,0,0
"4226",2017-02-01,NA,NA,0,0
"4227",2017-02-02,194000,24250,39774,-39527
"4228",2017-02-03,199600,24950,199973,-9668
"4229",2017-02-06,193200,24150,44631,6300
"4230",2017-02-07,201600,25200,-53505,23389
"4231",2017-02-08,198400,24800,39396,1802
"4232",2017-02-09,192800,24100,73056,-101952
"4233",2017-02-10,193200,24150,24498,8722
"4234",2017-02-13,198400,24800,173100,4273
"4235",2017-02-14,197200,24650,10346,-22254
"4236",2017-02-15,198000,24750,50066,-2937
"4237",2017-02-16,200800,25100,-84183,9802
"4238",2017-02-17,196800,24600,44239,-7375
"4239",2017-02-20,197200,24650,90548,-12140
"4240",2017-02-21,197600,24700,476,-9440
"4241",2017-02-22,195600,24450,-5569,1547
"4242",2017-02-23,187600,23450,-114770,-8485
"4243",2017-02-24,183600,22950,70713,-3288
"4244",2017-02-27,184000,23000,44268,1579
"4245",2017-02-28,195600,24450,136042,14643
"4246",2017-03-02,192000,24000,21439,1639
"4247",2017-03-03,193600,24200,56149,10714
"4248",2017-03-06,189200,23650,2550,-20091
"4249",2017-03-07,190400,23800,-15198,-6087
"4250",2017-03-08,184400,23050,-61491,6996
"4251",2017-03-09,184400,23050,-6252,5227
"4252",2017-03-10,181600,22700,-57257,8256
"4253",2017-03-13,190400,23800,47621,6987
"4254",2017-03-14,185200,23150,-22772,6633
"4255",2017-03-15,181600,22700,-25763,2239
"4256",2017-03-16,182000,22750,-5250,2272
"4257",2017-03-17,179200,22400,-55422,-35
"4258",2017-03-20,174400,21800,-9995,-1007
"4259",2017-03-21,177200,22150,70650,10067
"4260",2017-03-22,183200,22900,54374,-2842
"4261",2017-03-23,179600,22450,7275,-4267
"4262",2017-03-24,176400,22050,-15900,-4152
"4263",2017-03-27,174400,21800,799,-225
"4264",2017-03-28,169600,21200,21379,2267
"4265",2017-03-29,170400,21300,-2942,-4925
"4266",2017-03-30,173600,21700,28392,-875
"4267",2017-03-31,172800,21600,17260,1054
"4268",2017-04-03,174000,21750,51,405
"4269",2017-04-04,172000,21500,-1579,-868
"4270",2017-04-05,172000,21500,7171,-59
"4271",2017-04-06,177200,22150,31049,2145
"4272",2017-04-07,183200,22900,43370,2292
"4273",2017-04-10,176000,22000,-8393,-8942
"4274",2017-04-11,176000,22000,8495,-1255
"4275",2017-04-12,175200,21900,3163,-112
"4276",2017-04-13,185600,23200,102463,1540
"4277",2017-04-14,182400,22800,11449,133
"4278",2017-04-17,184800,23100,2904,-3732
"4279",2017-04-18,187200,23400,30178,-2700
"4280",2017-04-19,185600,23200,6654,-461
"4281",2017-04-20,187200,23400,10226,-1218
"4282",2017-04-21,188000,23500,-4907,850
"4283",2017-04-24,184800,23100,-38406,-5420
"4284",2017-04-25,180000,22500,5110,-2953
"4285",2017-04-26,182000,22750,14251,4821
"4286",2017-04-27,179600,22450,-8259,-2580
"4287",2017-04-28,176000,22000,-458,-6041
"4288",2017-05-02,174400,21800,2934,-1774
"4289",2017-05-04,183200,22900,54951,-1974
"4290",2017-05-08,178400,22300,-1565,1873
"4291",2017-05-10,174400,21800,-64526,-6700
"4292",2017-05-11,174400,21800,-31176,-6128
"4293",2017-05-12,170800,21350,-22857,-10777
"4294",2017-05-15,163600,20450,-30247,-9719
"4295",2017-05-16,160000,20000,5653,-6696
"4296",2017-05-17,161600,20200,-7094,1536
"4297",2017-05-18,154000,19250,-69344,-5859
"4298",2017-05-19,153200,19150,-54753,7023
"4299",2017-05-22,156000,19500,12456,7104
"4300",2017-05-23,155600,19450,-45737,-1814
"4301",2017-05-24,163200,20400,24308,-2623
"4302",2017-05-25,164000,20500,60470,-19245
"4303",2017-05-26,164400,20550,-5844,-841
"4304",2017-05-29,160000,20000,-38834,-1921
"4305",2017-05-30,164400,20550,32438,1582
"4306",2017-05-31,174000,21750,87785,22087
"4307",2017-06-01,178000,22250,73254,-11699
"4308",2017-06-02,175600,21950,9109,178
"4309",2017-06-05,174400,21800,12943,-1731
"4310",2017-06-07,177600,22200,25161,-1106
"4311",2017-06-08,179200,22400,-10983,-6502
"4312",2017-06-09,180000,22500,-480,-7603
"4313",2017-06-12,174000,21750,-26543,-2666
"4314",2017-06-13,172000,21500,-21014,4391
"4315",2017-06-14,174000,21750,-11616,3549
"4316",2017-06-15,167200,20900,-53670,4817
"4317",2017-06-16,168400,21050,-18047,1683
"4318",2017-06-19,162400,20300,-31434,5985
"4319",2017-06-20,161200,20150,-8381,-366
"4320",2017-06-21,161200,20150,5942,-6302
"4321",2017-06-22,161200,20150,-955,-4153
"4322",2017-06-23,162400,20300,-2050,-1220
"4323",2017-06-26,160000,20000,17178,-4903
"4324",2017-06-27,167200,20900,31524,1588
"4325",2017-06-28,168000,21000,-947,-29
"4326",2017-06-29,170400,21300,24791,-4612
"4327",2017-06-30,171200,21400,8093,-649
"4328",2017-07-03,172400,21550,19271,-2839
"4329",2017-07-04,174000,21750,62598,548
"4330",2017-07-05,172800,21600,26357,-3566
"4331",2017-07-06,178000,22250,51170,4148
"4332",2017-07-07,176400,22050,5592,-4906
"4333",2017-07-10,174400,21800,14387,-657
"4334",2017-07-11,176000,22000,3056,4106
"4335",2017-07-12,166800,20850,511576,505
"4336",2017-07-13,168400,21050,-2616,-4272
"4337",2017-07-14,172000,21500,-3921,1434
"4338",2017-07-17,171200,21400,-1594,4786
"4339",2017-07-18,164400,20550,-24551,1354
"4340",2017-07-19,166800,20850,-18441,3768
"4341",2017-07-20,168400,21050,-2701,-1315
"4342",2017-07-21,170400,21300,13735,-2537
"4343",2017-07-24,164800,20600,-68653,910
"4344",2017-07-25,165200,20650,-16048,-192
"4345",2017-07-26,163200,20400,-13820,-941
"4346",2017-07-27,161600,20200,-17088,1733
"4347",2017-07-28,161200,20150,3041,-2743
"4348",2017-07-31,164400,20550,1288,1620
"4349",2017-08-01,164400,20550,6275,-1280
"4350",2017-08-02,157600,19700,-44041,-1709
"4351",2017-08-03,160000,20000,-6485,-3998
"4352",2017-08-04,160800,20100,-8901,2347
"4353",2017-08-07,166400,20800,21840,4429
"4354",2017-08-08,167600,20950,32840,-1451
"4355",2017-08-09,167600,20950,16580,-1690
"4356",2017-08-10,167600,20950,-11,42
"4357",2017-08-11,159200,19900,290500,2881
"4358",2017-08-14,158000,19750,5619,-837
"4359",2017-08-16,144000,18000,-66913,-8255
"4360",2017-08-17,139200,17400,-88238,2705
"4361",2017-08-18,136000,17000,-19288,-2829
"4362",2017-08-21,136000,17000,-21569,-1990
"4363",2017-08-22,136400,17050,8034,-1426
"4364",2017-08-23,140000,17500,18698,3884
"4365",2017-08-24,139200,17400,5349,281
"4366",2017-08-25,136400,17050,-3764,2682
"4367",2017-08-28,136400,17050,2043,636
"4368",2017-08-29,138400,17300,10112,21
"4369",2017-08-30,136800,17100,-18686,1574
"4370",2017-08-31,136800,17100,-8169,-894
"4371",2017-09-01,136400,17050,-4203,101
"4372",2017-09-04,133600,16700,-18163,324
"4373",2017-09-05,131200,16400,2904,-575
"4374",2017-09-06,126000,15750,-32058,3480
"4375",2017-09-07,122800,15350,-45948,16197
"4376",2017-09-08,120000,15000,29896,13364
"4377",2017-09-11,118800,14850,-34596,17812
"4378",2017-09-12,114000,14250,-123496,34222
"4379",2017-09-13,110800,13850,-140177,38810
"4380",2017-09-14,114800,14350,-10316,12989
"4381",2017-09-15,111200,13900,-31051,-1075
"4382",2017-09-18,112000,14000,-66348,18477
"4383",2017-09-19,114400,14300,-42480,-6778
"4384",2017-09-20,113600,14200,-26064,-14639
"4385",2017-09-21,113200,14150,49087,-17286
"4386",2017-09-22,109600,13700,2871,-13790
"4387",2017-09-25,105200,13150,7964,554
"4388",2017-09-26,106800,13350,-18993,15538
"4389",2017-09-27,106400,13300,-25053,16185
"4390",2017-09-28,110400,13800,22210,10567
"4391",2017-09-29,111600,13950,12767,657
"4392",2017-10-10,111600,13950,14579,-10543
"4393",2017-10-11,110400,13800,-21604,3895
"4394",2017-10-12,110000,13750,-7851,5546
"4395",2017-10-13,105600,13200,-36785,55
"4396",2017-10-16,106400,13300,-16427,19167
"4397",2017-10-17,107600,13450,-10763,14080
"4398",2017-10-18,104400,13050,-35914,111
"4399",2017-10-19,106400,13300,-9497,21055
"4400",2017-10-20,107200,13400,-30687,13595
"4401",2017-10-23,109600,13700,-9609,11721
"4402",2017-10-24,110800,13850,-1490,20541
"4403",2017-10-25,112800,14100,1286,-1721
"4404",2017-10-26,116000,14500,4035,-2344
"4405",2017-10-27,114800,14350,20512,-2434
"4406",2017-10-30,117600,14700,-748,9839
"4407",2017-10-31,117600,14700,39213,-8165
"4408",2017-11-01,119200,14900,8726,-1793
"4409",2017-11-02,114800,14350,-2092,-14587
"4410",2017-11-03,116800,14600,12160,4031
"4411",2017-11-06,118400,14800,33489,-5825
"4412",2017-11-07,115600,14450,-19166,-10558
"4413",2017-11-08,118000,14750,31043,-5978
"4414",2017-11-09,120400,15050,46234,10719
"4415",2017-11-10,123200,15400,36857,5335
"4416",2017-11-13,121200,15150,760,-32989
"4417",2017-11-14,121200,15150,-9857,-7851
"4418",2017-11-15,113600,14200,-7030,-11580
"4419",2017-11-16,108800,13600,-17174,-773
"4420",2017-11-17,106400,13300,-21695,-3282
"4421",2017-11-20,109600,13700,-7259,15874
"4422",2017-11-21,112000,14000,9714,-9862
"4423",2017-11-22,113600,14200,26602,-8432
"4424",2017-11-23,110800,13850,34,-3435
"4425",2017-11-24,110800,13850,-395,156
"4426",2017-11-27,110400,13800,27,3207
"4427",2017-11-28,110400,13800,-4796,2170
"4428",2017-11-29,115600,14450,24040,4716
"4429",2017-11-30,118000,14750,39050,-8119
"4430",2017-12-01,118800,14850,29875,-15337
"4431",2017-12-04,115600,14450,2844,-6839
"4432",2017-12-05,112400,14050,-1410,-338
"4433",2017-12-06,111600,13950,-4756,390
"4434",2017-12-07,111200,13900,13932,-4346
"4435",2017-12-08,108000,13500,3049,-9949
"4436",2017-12-11,109200,13650,-10198,-4121
"4437",2017-12-12,106800,13350,4737,-2013
"4438",2017-12-13,106800,13350,-13148,-2675
"4439",2017-12-14,106400,13300,-13188,-1092
"4440",2017-12-15,108000,13500,16774,1328
"4441",2017-12-18,109600,13700,11968,2101
"4442",2017-12-19,108400,13550,19942,-3225
"4443",2017-12-20,109200,13650,11255,-1004
"4444",2017-12-21,108000,13500,-1465,-9118
"4445",2017-12-22,105600,13200,2735,-9320
"4446",2017-12-26,107200,13400,-3675,-4400
"4447",2017-12-27,104400,13050,-15555,-13463
"4448",2017-12-28,104800,13100,9947,-1187
"4449",2018-01-02,108000,13500,-1432,20870
"4450",2018-01-03,109200,13650,-11128,3309
"4451",2018-01-04,110400,13800,16093,-15621
"4452",2018-01-05,111200,13900,8979,-9854
"4453",2018-01-08,113200,14150,11719,-5693
"4454",2018-01-09,114400,14300,8261,-524
"4455",2018-01-10,112800,14100,-6607,-8387
"4456",2018-01-11,112400,14050,10193,-174
"4457",2018-01-12,110800,13850,5545,-1513
"4458",2018-01-15,110000,13750,4,-284
"4459",2018-01-16,109200,13650,-7371,2909
"4460",2018-01-17,107200,13400,-10248,-2334
"4461",2018-01-18,109600,13700,177,151
"4462",2018-01-19,112000,14000,9596,3475
"4463",2018-01-22,111600,13950,1197,507
"4464",2018-01-23,111200,13900,-12170,-647
"4465",2018-01-24,110400,13800,-9669,16183
"4466",2018-01-25,114000,14250,-293,10343
"4467",2018-01-26,116800,14600,-17,1183
"4468",2018-01-29,115200,14400,-21808,1559
"4469",2018-01-30,116000,14500,11647,6400
"4470",2018-01-31,120800,15100,393,7748
"4471",2018-02-01,122800,15350,-2758,3233
"4472",2018-02-02,124000,15500,6943,-4055
"4473",2018-02-05,121600,15200,-5778,6420
"4474",2018-02-06,118400,14800,-2305,3617
"4475",2018-02-07,120000,15000,-2777,8497
"4476",2018-02-08,117600,14700,-349,-8046
"4477",2018-02-09,116400,14550,-26512,3816
"4478",2018-02-12,117200,14650,-3210,4264
"4479",2018-02-13,117200,14650,-16331,1419
"4480",2018-02-14,113200,14150,-29068,-23029
"4481",2018-02-19,113600,14200,8381,331
"4482",2018-02-20,115200,14400,9433,2614
"4483",2018-02-21,114800,14350,7467,4347
"4484",2018-02-22,115600,14450,6549,-2491
"4485",2018-02-23,114000,14250,3858,-4127
"4486",2018-02-26,114400,14300,7020,-3348
"4487",2018-02-27,115200,14400,22048,5135
"4488",2018-02-28,114400,14300,4300,2605
"4489",2018-03-02,114400,14300,-2687,-5750
"4490",2018-03-05,114800,14350,872,-14384
"4491",2018-03-06,112000,14000,1498,-9685
"4492",2018-03-07,110800,13850,1656,-3345
"4493",2018-03-08,110800,13850,1581,7030
"4494",2018-03-09,111600,13950,-4548,4782
"4495",2018-03-12,112400,14050,-3849,3041
"4496",2018-03-13,112000,14000,2503,-6257
"4497",2018-03-14,110800,13850,61,-1011
"4498",2018-03-15,110800,13850,1536,-2679
"4499",2018-03-16,111600,13950,9818,1504
"4500",2018-03-19,112800,14100,379,3075
"4501",2018-03-20,113600,14200,6157,1515
"4502",2018-03-21,116400,14550,2901,4814
"4503",2018-03-22,118400,14800,4010,1476
"4504",2018-03-23,117200,14650,-12123,-3827
"4505",2018-03-26,118800,14850,-3552,3726
"4506",2018-03-27,120000,15000,-1748,3458
"4507",2018-03-28,119600,14950,-17463,-3255
"4508",2018-03-29,120400,15050,9251,5306
"4509",2018-03-30,122000,15250,-1081,8553
"4510",2018-04-02,121600,15200,5290,-657
"4511",2018-04-03,118800,14850,-2618,2329
"4512",2018-04-04,118400,14800,-791,6235
"4513",2018-04-05,121600,15200,12364,6336
"4514",2018-04-06,120800,15100,-410,-1413
"4515",2018-04-09,119200,14900,-3389,1110
"4516",2018-04-10,117600,14700,-5068,505
"4517",2018-04-11,120400,15050,-2847,-1050
"4518",2018-04-12,119200,14900,-4441,-721
"4519",2018-04-13,120800,15100,-3226,-1256
"4520",2018-04-16,118800,14850,-4262,-1209
"4521",2018-04-17,119600,14950,6289,2018
"4522",2018-04-18,120800,15100,-33,7102
"4523",2018-04-19,121600,15200,-12890,-2507
"4524",2018-04-20,122800,15350,-3840,3887
"4525",2018-04-23,131600,16450,4975,7557
"4526",2018-04-24,130800,16350,-1624,-5352
"4527",2018-04-25,135600,16950,-3539,-5683
"4528",2018-04-26,132000,16500,-5133,4394
"4529",2018-04-27,133600,16700,-11922,1736
"4530",2018-04-30,130000,16250,5861,5204
"4531",2018-05-02,128400,16050,7612,4657
"4532",2018-05-03,129200,16150,1455,2213
"4533",2018-05-04,133200,16650,-5486,1551
"4534",2018-05-08,129600,16200,-8317,-7870
"4535",2018-05-09,129200,16150,13,683
"4536",2018-05-10,132400,16550,11261,14628
"4537",2018-05-11,132000,16500,1392,4986
"4538",2018-05-14,131600,16450,2,3374
"4539",2018-05-15,129600,16200,-8928,4679
"4540",2018-05-16,124800,15600,1698,-3529
"4541",2018-05-17,127200,15900,-4336,4007
"4542",2018-05-18,132800,16600,24969,5423
"4543",2018-05-21,128000,16000,-13226,-5001
"4544",2018-05-23,130000,16250,-7774,-8576
"4545",2018-05-24,128800,16100,16323,-3824
"4546",2018-05-25,125200,15650,-18686,-12216
"4547",2018-05-28,126800,15850,-6132,8369
"4548",2018-05-29,123600,15450,9570,-5727
"4549",2018-05-30,123200,15400,-4869,-3249
"4550",2018-05-31,125600,15700,9581,6742
"4551",2018-06-01,124400,15550,3444,-2884
"4552",2018-06-04,120800,15100,-15361,-5375
"4553",2018-06-05,122400,15300,1115,2691
"4554",2018-06-07,125200,15650,14386,4789
"4555",2018-06-08,128800,16100,10690,948
"4556",2018-06-11,129200,16150,-9403,-641
"4557",2018-06-12,127600,15950,6756,-3075
"4558",2018-06-14,129600,16200,2301,-9340
"4559",2018-06-15,128800,16100,13124,-2098
"4560",2018-06-18,130800,16350,14516,-4149
"4561",2018-06-19,126400,15800,4607,-7469
"4562",2018-06-20,128400,16050,5099,-1821
"4563",2018-06-21,128400,16050,13523,-135
"4564",2018-06-22,128400,16050,7973,-9817
"4565",2018-06-25,126800,15850,2466,316
"4566",2018-06-26,124000,15500,39,-2751
"4567",2018-06-27,121600,15200,0,-2302
"4568",2018-06-28,121600,15200,-1141,-1925
"4569",2018-06-29,122800,15350,-40,2610
"4570",2018-07-02,118800,14850,2816,-1716
"4571",2018-07-03,118400,14800,7437,-4502
"4572",2018-07-04,120800,15100,11114,-3284
"4573",2018-07-05,119200,14900,8362,-8254
"4574",2018-07-06,115200,14400,-652,-5582
"4575",2018-07-09,114800,14350,7664,-4613
"4576",2018-07-10,115600,14450,8742,-1617
"4577",2018-07-11,115600,14450,98,-324
"4578",2018-07-12,113600,14200,-663,-3783
"4579",2018-07-13,117600,14700,-2533,-47
"4580",2018-07-16,112400,14050,2291,-5626
"4581",2018-07-17,111200,13900,-4000,-2289
"4582",2018-07-18,110400,13800,-8290,-532
"4583",2018-07-19,112000,14000,3944,-4910
"4584",2018-07-20,109600,13700,13211,1347
"4585",2018-07-23,110000,13750,-60,-1273
"4586",2018-07-24,108800,13600,-17984,3394
"4587",2018-07-25,111200,13900,-4530,-163
"4588",2018-07-26,107200,13400,-390,904
"4589",2018-07-27,108000,13500,-193,149
"4590",2018-07-30,106800,13350,-7108,-469
"4591",2018-07-31,107200,13400,-2440,-516
"4592",2018-08-01,108000,13500,-2680,-90
"4593",2018-08-02,107600,13450,198,-72
"4594",2018-08-03,106800,13350,-2924,-1330
"4595",2018-08-06,107600,13450,-1792,1994
"4596",2018-08-07,107600,13450,-2362,-171
"4597",2018-08-08,106400,13300,338,-1165
"4598",2018-08-09,105200,13150,389,-3295
"4599",2018-08-10,108000,13500,5451,-2181
"4600",2018-08-13,106000,13250,-2841,-4277
"4601",2018-08-14,103200,12900,-5724,-1502
"4602",2018-08-16,105600,13200,-4549,-1775
"4603",2018-08-17,104000,13000,-8013,606
"4604",2018-08-20,106400,13300,9,-534
"4605",2018-08-21,106000,13250,2395,1427
"4606",2018-08-22,104000,13000,4,-15
"4607",2018-08-23,105600,13200,21389,3774
"4608",2018-08-24,105600,13200,-647,-135
"4609",2018-08-27,106000,13250,-980,-1697
"4610",2018-08-28,106400,13300,-4773,-1495
"4611",2018-08-29,109200,13650,8373,852
"4612",2018-08-30,116800,14600,18478,15084
"4613",2018-08-31,116400,14550,-863,-7884
"4614",2018-09-03,118000,14750,4730,-2267
"4615",2018-09-04,118800,14850,-19134,-4702
"4616",2018-09-05,114400,14300,-11489,-4576
"4617",2018-09-06,111600,13950,-24482,11060
"4618",2018-09-07,112800,14100,-8775,2738
"4619",2018-09-10,112800,14100,-8267,3377
"4620",2018-09-11,114800,14350,-1993,2142
"4621",2018-09-12,116000,14500,-5041,-1515
"4622",2018-09-13,115600,14450,-2870,1363
"4623",2018-09-14,113200,14150,-599,332
"4624",2018-09-17,111200,13900,-13051,-6618
"4625",2018-09-18,106400,13300,-15492,-8164
"4626",2018-09-19,104400,13050,-30130,-317
"4627",2018-09-20,104800,13100,3506,-1707
"4628",2018-09-21,107600,13450,15470,12193
"4629",2018-09-27,109200,13650,8955,1026
"4630",2018-09-28,109200,13650,1862,-1203
"4631",2018-10-01,108800,13600,-2656,-1450
"4632",2018-10-02,108000,13500,-2125,-1548
"4633",2018-10-04,108000,13500,-11573,-5630
"4634",2018-10-05,104800,13100,-3650,-2431
"4635",2018-10-08,106000,13250,-6290,-4269
"4636",2018-10-10,102800,12850,-2334,-6737
"4637",2018-10-11,97200,12150,-3376,-3212
"4638",2018-10-12,103600,12950,318,255
"4639",2018-10-15,106000,13250,396,626
"4640",2018-10-16,103200,12900,2294,-1332
"4641",2018-10-17,97600,12200,3551,10830
"4642",2018-10-18,94000,11750,-1252,201
"4643",2018-10-19,92400,11550,-19089,-647
"4644",2018-10-22,90400,11300,-10800,19
"4645",2018-10-23,85200,10650,-242,445
"4646",2018-10-24,84800,10600,-3346,1035
"4647",2018-10-25,83600,10450,3625,-682
"4648",2018-10-26,82000,10250,4974,587
"4649",2018-10-29,78560,9820,-1028,-527
"4650",2018-10-30,80000,10000,-15795,3081
"4651",2018-10-31,81600,10200,1286,-3122
"4652",2018-11-01,82400,10300,-4126,-739
"4653",2018-11-02,85600,10700,-2825,-639
"4654",2018-11-05,83600,10450,-4385,-6024
"4655",2018-11-06,82800,10350,-4870,1345
"4656",2018-11-07,79680,9960,-3743,-199
"4657",2018-11-08,82400,10300,-3485,1007
"4658",2018-11-09,79120,9890,-13589,-2803
"4659",2018-11-12,80800,10100,-6,-42
"4660",2018-11-13,80000,10000,-3183,-1049
"4661",2018-11-14,75600,9450,-20888,-8754
"4662",2018-11-15,77120,9640,-301,274
"4663",2018-11-16,76160,9520,-5042,2615
"4664",2018-11-19,76560,9570,-2479,1730
"4665",2018-11-20,77280,9660,-2401,870
"4666",2018-11-21,74080,9260,-23301,148
"4667",2018-11-22,73520,9190,-4649,2851
"4668",2018-11-23,72560,9070,-66,707
"4669",2018-11-26,73520,9190,-12,2604
"4670",2018-11-27,74800,9350,946,4795
"4671",2018-11-28,74880,9360,23,1912
"4672",2018-11-29,75520,9440,-1220,1870
"4673",2018-11-30,75280,9410,-954,-632
"4674",2018-12-03,75840,9480,322,978
"4675",2018-12-04,78000,9750,43,2655
"4676",2018-12-05,78240,9780,-3,-1857
"4677",2018-12-06,76160,9520,179,-3565
"4678",2018-12-07,76240,9530,313,-1662
"4679",2018-12-10,76480,9560,3046,-2851
"4680",2018-12-11,76080,9510,570,-1881
"4681",2018-12-12,77120,9640,154,-1044
"4682",2018-12-13,76560,9570,521,-522
"4683",2018-12-14,76240,9530,4326,-642
"4684",2018-12-17,76720,9590,100,-1011
"4685",2018-12-18,76080,9510,22,-719
"4686",2018-12-19,76560,9570,23,-154
"4687",2018-12-20,76000,9500,-64,-536
"4688",2018-12-21,75200,9400,-230,-118
"4689",2018-12-24,75120,9390,-59,-1309
"4690",2018-12-26,74400,9300,55,-982
"4691",2018-12-27,74160,9270,-1007,-510
"4692",2018-12-28,74000,9250,-2410,-60
"4693",2019-01-02,73760,9220,-1116,-512
"4694",2019-01-03,72800,9100,30,-444
"4695",2019-01-04,71760,8970,-540,-1456
"4696",2019-01-07,72480,9060,64,519
"4697",2019-01-08,74480,9310,2929,1315
"4698",2019-01-09,74880,9360,59,264
"4699",2019-01-10,74080,9260,20,55
"4700",2019-01-11,74400,9300,30,217
"4701",2019-01-14,74240,9280,7,819
"4702",2019-01-15,75520,9440,-1982,155
"4703",2019-01-16,77680,9710,-8387,-2022
"4704",2019-01-17,78400,9800,-6598,-339
"4705",2019-01-18,78800,9850,-5700,62
"4706",2019-01-21,79440,9930,-917,1083
"4707",2019-01-22,79120,9890,-19,-133
"4708",2019-01-23,79680,9960,413,587
"4709",2019-01-24,82400,10300,-665,401
"4710",2019-01-25,83600,10450,-174,-230
"4711",2019-01-28,81600,10200,142,-457
"4712",2019-01-29,81600,10200,-21,-974
"4713",2019-01-30,83200,10400,1178,-328
"4714",2019-01-31,83200,10400,-153,-249
"4715",2019-02-01,82400,10300,-174,-507
"4716",2019-02-07,82000,10250,-371,-121
"4717",2019-02-08,83200,10400,-536,-887
"4718",2019-02-11,84800,10600,-563,-688
"4719",2019-02-12,85200,10650,-4862,-857
"4720",2019-02-13,85200,10650,46,-175
"4721",2019-02-14,89600,11200,-5621,78
"4722",2019-02-15,91600,11450,-8679,-881
"4723",2019-02-18,91200,11400,-2213,-326
"4724",2019-02-19,91200,11400,-8953,-103
"4725",2019-02-20,91200,11400,-295,-305
"4726",2019-02-21,90000,11250,-579,-64
"4727",2019-02-22,89600,11200,-592,-191
"4728",2019-02-25,89200,11150,-268,885
"4729",2019-02-26,90800,11350,-5206,1411
"4730",2019-02-27,90800,11350,-3069,-1062
"4731",2019-02-28,89600,11200,-1344,-1748
"4732",2019-03-04,91600,11450,2602,5246
"4733",2019-03-05,90400,11300,-1071,-610
"4734",2019-03-06,92400,11550,-11427,1636
"4735",2019-03-07,90800,11350,3023,-3677
"4736",2019-03-08,90400,11300,1391,-1436
"4737",2019-03-11,91600,11450,-138,-474
"4738",2019-03-12,89200,11150,-413,2360
"4739",2019-03-13,90400,11300,285,850
"4740",2019-03-14,89600,11200,-258,2006
"4741",2019-03-15,89200,11150,-260,-945
"4742",2019-03-18,89600,11200,-329,-391
"4743",2019-03-19,90400,11300,-3767,1399
"4744",2019-03-20,91200,11400,11202,-1159
"4745",2019-03-21,95600,11950,16558,-530
"4746",2019-03-22,99600,12450,13064,779
"4747",2019-03-25,99200,12400,5895,-728
"4748",2019-03-26,95600,11950,6079,-1091
"4749",2019-03-27,102000,12750,38228,-408
"4750",2019-03-28,99200,12400,536,41
"4751",2019-03-29,100800,12600,5423,-748
"4752",2019-04-01,102400,12800,4285,-455
"4753",2019-04-02,102000,12750,-301,-310
"4754",2019-04-03,102000,12750,895,-368
"4755",2019-04-04,101600,12700,1116,0
"4756",2019-04-05,102800,12850,-3446,0
"4757",2019-04-08,103200,12900,2808,2484
"4758",2019-04-09,102000,12750,-1308,-1176
"4759",2019-04-10,103200,12900,-711,-749
"4760",2019-04-11,102800,12850,-7053,-32
"4761",2019-04-12,103200,12900,-1530,968
"4762",2019-04-15,104800,13100,6,216
"4763",2019-04-16,107200,13400,10431,-3
"4764",2019-04-17,105200,13150,11473,-1897
"4765",2019-04-18,103200,12900,6,-78
"4766",2019-04-19,102800,12850,-360,-78
"4767",2019-04-22,106400,13300,-289,-173
"4768",2019-04-23,106800,13350,1566,97
"4769",2019-04-24,106000,13250,12142,-13
"4770",2019-04-25,104800,13100,3209,-224
"4771",2019-04-26,105600,13200,1488,670
"4772",2019-04-29,106800,13350,2183,765
"4773",2019-04-30,105200,13150,2,-696
"4774",2019-05-02,107600,13450,-8946,2361
"4775",2019-05-03,106800,13350,10,-765
"4776",2019-05-07,106800,13350,-351,-810
"4777",2019-05-08,106800,13350,-1662,-440
"4778",2019-05-09,105600,13200,-1524,-134
"4779",2019-05-10,102800,12850,-66,197
"4780",2019-05-13,105600,13200,4025,-56
"4781",2019-05-14,106800,13350,16306,52
"4782",2019-05-15,103600,12950,-4889,-638
"4783",2019-05-16,104000,13000,9023,218
"4784",2019-05-17,102400,12800,-291,61
"4785",2019-05-20,104000,13000,671,1
"4786",2019-05-21,103600,12950,-56,47
"4787",2019-05-22,103600,12950,-314,-326
"4788",2019-05-23,102400,12800,412,-61
"4789",2019-05-24,102800,12850,286,140
"4790",2019-05-27,103200,12900,-67,910
"4791",2019-05-28,104000,13000,389,691
"4792",2019-05-29,105600,13200,9480,-739
"4793",2019-05-30,106400,13300,9004,-876
"4794",2019-05-31,103600,12950,-1669,-217
"4795",2019-06-03,102000,12750,-1227,404
"4796",2019-06-04,102400,12800,1530,-75
"4797",2019-06-05,107200,13400,2474,1375
"4798",2019-06-07,107600,13450,3024,1498
"4799",2019-06-10,108000,13500,2000,-573
"4800",2019-06-11,109600,13700,2096,285
"4801",2019-06-12,106000,13250,840,-555
"4802",2019-06-13,106400,13300,1137,-290
"4803",2019-06-14,109600,13700,7391,294
"4804",2019-06-17,108800,13600,202,-31
"4805",2019-06-18,109200,13650,1382,-335
"4806",2019-06-19,106000,13250,-397,-609
"4807",2019-06-20,106000,13250,-77,-49
"4808",2019-06-21,104400,13050,404,-400
"4809",2019-06-24,104400,13050,658,-270
"4810",2019-06-25,102000,12750,1287,-497
"4811",2019-06-26,105600,13200,3110,-113
"4812",2019-06-27,103600,12950,7378,-453
"4813",2019-06-28,104800,13100,67,-45
"4814",2019-07-01,104000,13000,529,-57
"4815",2019-07-02,104800,13100,-23,12
"4816",2019-07-03,103200,12900,1321,-463
"4817",2019-07-04,102000,12750,857,-350
"4818",2019-07-05,105200,13150,4057,-466
"4819",2019-07-08,105600,13200,7315,3
"4820",2019-07-09,99600,12450,11,-509
"4821",2019-07-10,100800,12600,-8,-39
"4822",2019-07-11,102000,12750,1303,-42
"4823",2019-07-12,102400,12800,1178,-199
"4824",2019-07-15,102400,12800,2526,-293
"4825",2019-07-16,101200,12650,1063,-145
"4826",2019-07-17,98800,12350,6511,-419
"4827",2019-07-18,97600,12200,-230,-69
"4828",2019-07-19,1e+05,12500,5001,-313
"4829",2019-07-22,98000,12250,-1085,-593
"4830",2019-07-23,97600,12200,88,-271
"4831",2019-07-24,101200,12650,275,-265
"4832",2019-07-25,1e+05,12500,-543,50
"4833",2019-07-26,97200,12150,2697,-297
"4834",2019-07-29,90800,11350,232,-288
"4835",2019-07-30,94800,11850,1142,-58
"4836",2019-07-31,100400,12550,118,-298
"4837",2019-08-01,98800,12350,5925,-295
"4838",2019-08-02,95600,11950,934,-305
"4839",2019-08-05,94400,11800,6628,-236
"4840",2019-08-06,90400,11300,2293,-181
"4841",2019-08-07,91200,11400,1506,-396
"4842",2019-08-08,92400,11550,210,-59
"4843",2019-08-09,92800,11600,65,-53
"4844",2019-08-12,93600,11700,-121,-66
"4845",2019-08-13,92000,11500,270,-237
"4846",2019-08-14,92000,11500,-101,80
"4847",2019-08-16,93200,11650,1327,-268
"4848",2019-08-19,93200,11650,1582,-469
"4849",2019-08-20,93600,11700,579,-113
"4850",2019-08-21,95600,11950,324,-88
"4851",2019-08-22,92400,11550,1257,-359
"4852",2019-08-23,98400,12300,2278,-91
"4853",2019-08-26,96800,12100,272,-38
"4854",2019-08-27,98400,12300,7171,-336
"4855",2019-08-28,97600,12200,1735,-321
"4856",2019-08-29,98800,12350,1067,-320
"4857",2019-08-30,98000,12250,4395,-680
"4858",2019-09-02,98400,12300,-15,-108
"4859",2019-09-03,98400,12300,1932,-311
"4860",2019-09-04,96800,12100,1273,-293
"4861",2019-09-05,97200,12150,567,-229
"4862",2019-09-06,98400,12300,434,-256
"4863",2019-09-09,101600,12700,2440,-245
"4864",2019-09-10,109200,13650,4156,-975
"4865",2019-09-11,107200,13400,5422,517
"4866",2019-09-16,105200,13150,1249,-553
"4867",2019-09-17,107200,13400,2184,-126
"4868",2019-09-18,105600,13200,2136,-133
"4869",2019-09-19,104000,13000,-7,-615
"4870",2019-09-20,111200,13900,3977,-1013
"4871",2019-09-23,110400,13800,2994,-636
"4872",2019-09-24,108000,13500,-352,-1037
"4873",2019-09-25,107200,13400,-18,-197
"4874",2019-09-26,105600,13200,-179,-26
"4875",2019-09-27,104800,13100,2078,-440
"4876",2019-09-30,107200,13400,541,-76
"4877",2019-10-01,108400,13550,2597,-190
"4878",2019-10-02,105600,13200,-259,-108
"4879",2019-10-04,107600,13450,2198,-201
"4880",2019-10-07,108400,13550,624,-759
"4881",2019-10-08,114800,14350,9335,-339
"4882",2019-10-10,118000,14750,8081,-526
"4883",2019-10-11,117200,14650,5191,-626
"4884",2019-10-14,116000,14500,3665,-591
"4885",2019-10-15,116400,14550,5593,-669
"4886",2019-10-16,116800,14600,3486,-638
"4887",2019-10-17,117600,14700,828,37
"4888",2019-10-18,118000,14750,2124,-696
"4889",2019-10-21,116400,14550,1360,-1286
"4890",2019-10-22,118400,14800,3840,-1217
"4891",2019-10-23,118800,14850,3979,-45
"4892",2019-10-24,118800,14850,-184,-447
"4893",2019-10-25,115600,14450,1386,-437
"4894",2019-10-28,117200,14650,4113,-503
"4895",2019-10-29,118000,14750,10382,-476
"4896",2019-10-30,118800,14850,2352,-567
"4897",2019-10-31,117200,14650,279,-678
"4898",2019-11-01,118000,14750,-857,99
"4899",2019-11-04,116800,14600,-246,-45
"4900",2019-11-05,116800,14600,1684,-238
"4901",2019-11-06,116400,14550,1386,95
"4902",2019-11-07,116800,14600,765,-112
"4903",2019-11-08,117200,14650,383,-93
"4904",2019-11-11,116800,14600,891,-17
"4905",2019-11-12,116400,14550,2081,39
"4906",2019-11-13,119200,14900,-2856,678
"4907",2019-11-14,117600,14700,12391,-616
"4908",2019-11-15,122400,15300,8609,4
"4909",2019-11-18,125600,15700,-4744,-496
"4910",2019-11-19,125600,15700,-2802,279
"4911",2019-11-20,122400,15300,-26612,-1328
"4912",2019-11-21,122000,15250,-10922,-156
"4913",2019-11-22,123200,15400,309,-345
"4914",2019-11-25,121600,15200,5410,774
"4915",2019-11-26,124800,15600,-12374,3798
"4916",2019-11-27,127600,15950,-10746,5689
"4917",2019-11-28,125200,15650,6392,6172
"4918",2019-11-29,119600,14950,8607,-1128
"4919",2019-12-02,117600,14700,16048,6939
"4920",2019-12-03,112000,14000,2593,-666
"4921",2019-12-04,112800,14100,3126,2351
"4922",2019-12-05,113600,14200,8574,2031
"4923",2019-12-06,114800,14350,1051,-77
"4924",2019-12-09,111200,13900,4908,4533
"4925",2019-12-10,111200,13900,1399,2592
"4926",2019-12-11,111600,13950,5525,1454
"4927",2019-12-12,111200,13900,14962,6656
"4928",2019-12-13,110800,13850,2762,2410
"4929",2019-12-16,108400,13550,1400,622
"4930",2019-12-17,111600,13950,-182,2119
"4931",2019-12-18,113200,14150,-420,1109
"4932",2019-12-19,114400,14300,292,292
"4933",2019-12-20,114400,14300,546,-106
"4934",2019-12-23,113600,14200,1710,-358
"4935",2019-12-24,112800,14100,7513,-1745
"4936",2019-12-26,114400,14300,7780,-256
"4937",2019-12-27,116000,14500,3148,-341
"4938",2019-12-30,116000,14500,281,31
"4939",2020-01-02,115600,14450,570,-2532
"4940",2020-01-03,116000,14500,4125,-486
"4941",2020-01-06,115200,14400,-132,-1093
"4942",2020-01-07,118400,14800,2692,3007
"4943",2020-01-08,117200,14650,8102,-2236
"4944",2020-01-09,116800,14600,-6772,-1992
"4945",2020-01-10,118800,14850,-281,-1445
"4946",2020-01-13,115200,14400,5341,-1443
"4947",2020-01-14,115600,14450,-378,-395
"4948",2020-01-15,116000,14500,-52,-158
"4949",2020-01-16,116400,14550,4030,-522
"4950",2020-01-17,117600,14700,-279,-753
"4951",2020-01-20,116800,14600,817,-1693
"4952",2020-01-21,116400,14550,3886,-1118
"4953",2020-01-22,121600,15200,45,-895
"4954",2020-01-23,118400,14800,8150,-1117
"4955",2020-01-28,118800,14850,438,-1755
"4956",2020-01-29,117600,14700,2976,-1304
"4957",2020-01-30,114800,14350,134,-1669
"4958",2020-01-31,115200,14400,3172,-902
"4959",2020-02-03,112000,14000,4173,-1499
"4960",2020-02-04,112000,14000,848,-594
"4961",2020-02-05,112000,14000,2690,-987
"4962",2020-02-06,112800,14100,6518,-403
"4963",2020-02-07,110800,13850,-1034,-449
"4964",2020-02-10,112400,14050,-904,-19
"4965",2020-02-11,111600,13950,2392,2648
"4966",2020-02-12,110800,13850,857,-370
"4967",2020-02-13,109200,13650,8835,-3846
"4968",2020-02-14,109200,13650,-256,-278
"4969",2020-02-17,109600,13700,2380,-659
"4970",2020-02-18,107600,13450,2567,-249
"4971",2020-02-19,109600,13700,-551,-289
"4972",2020-02-20,109600,13700,-91,-22
"4973",2020-02-21,108000,13500,2764,-826
"4974",2020-02-24,108000,13500,-1407,-109
"4975",2020-02-25,106000,13250,2977,-1291
"4976",2020-02-26,105200,13150,3895,-2307
"4977",2020-02-27,102800,12850,5029,-1431
"4978",2020-02-28,101200,12650,4881,-365
"4979",2020-03-02,104800,13100,13234,-1806
"4980",2020-03-03,104400,13050,1393,74
"4981",2020-03-04,103600,12950,609,659
"4982",2020-03-05,105600,13200,650,-57
"4983",2020-03-06,104000,13000,1384,-322
"4984",2020-03-09,101600,12700,2017,216
"4985",2020-03-10,105600,13200,2162,10
"4986",2020-03-11,104000,13000,3697,3
"4987",2020-03-12,98800,12350,2698,-1025
"4988",2020-03-13,1e+05,12500,5927,-928
"4989",2020-03-16,99600,12450,6160,-2422
"4990",2020-03-17,94800,11850,6229,346
"4991",2020-03-18,90800,11350,4669,-1267
"4992",2020-03-19,78000,9750,5731,14755
"4993",2020-03-20,79840,9980,298,7408
"4994",2020-03-23,79120,9890,1766,-134
"4995",2020-03-24,82400,10300,3908,-211
"4996",2020-03-25,84800,10600,1576,154
"4997",2020-03-26,84400,10550,429,-187
"4998",2020-03-27,84800,10600,318,-603
"4999",2020-03-30,88800,11100,981,900
"5000",2020-03-31,89600,11200,3553,-373
"5001",2020-04-01,88000,11000,3076,-244
"5002",2020-04-02,90000,11250,355,542
"5003",2020-04-03,90400,11300,3400,-99
"5004",2020-04-06,91600,11450,-3638,242
"5005",2020-04-07,92000,11500,2228,-797
"5006",2020-04-08,92000,11500,3,67
"5007",2020-04-09,93200,11650,3877,-338
"5008",2020-04-10,92800,11600,-8,0
"5009",2020-04-13,91200,11400,69,31
"5010",2020-04-14,92400,11550,-228,334
"5011",2020-04-16,92000,11500,1199,144
"5012",2020-04-17,91600,11450,1501,727
"5013",2020-04-20,91200,11400,-423,172
"5014",2020-04-21,90400,11300,-2,-745
"5015",2020-04-22,90000,11250,-870,6
"5016",2020-04-23,90000,11250,-1877,177
"5017",2020-04-24,89600,11200,-337,-331
"5018",2020-04-27,90000,11250,-483,43
"5019",2020-04-28,89200,11150,-535,27
"5020",2020-04-29,88800,11100,-2137,265
"5021",2020-05-04,88000,11000,-2915,14
"5022",2020-05-06,88400,11050,2336,621
"5023",2020-05-07,89600,11200,-557,490
"5024",2020-05-08,92400,11550,-47614,-2478
"5025",2020-05-11,93200,11650,-3231,1287
"5026",2020-05-12,93200,11650,-8420,684
"5027",2020-05-13,92000,11500,-7684,-584
"5028",2020-05-14,89600,11200,-1745,-405
"5029",2020-05-15,90400,11300,-1629,883
"5030",2020-05-18,90000,11250,-1334,696
"5031",2020-05-19,89600,11200,-2714,425
"5032",2020-05-20,89200,11150,-3774,922
"5033",2020-05-21,89200,11150,-2565,440
"5034",2020-05-22,88800,11100,-1695,-259
"5035",2020-05-25,89200,11150,-3028,1387
"5036",2020-05-26,88800,11100,-3016,597
"5037",2020-05-27,87600,10950,-4950,-354
"5038",2020-05-28,85200,10650,703,-421
"5039",2020-05-29,84000,10500,672,-868
"5040",2020-06-01,84400,10550,-1873,-605
"5041",2020-06-02,85200,10650,-1363,-353
"5042",2020-06-03,85200,10650,-10700,554
"5043",2020-06-04,84400,10550,-7724,2017
"5044",2020-06-05,84800,10600,1319,1749
"5045",2020-06-08,84800,10600,-4304,2274
"5046",2020-06-09,84400,10550,-12114,92
"5047",2020-06-10,84000,10500,-1520,6
"5048",2020-06-11,81200,10150,-6227,-928
"5049",2020-06-12,79600,9950,1318,-1097
"5050",2020-06-15,77200,9650,-2574,-1890
"5051",2020-06-16,82400,10300,455,-312
"5052",2020-06-17,81200,10150,-2549,-400
"5053",2020-06-18,81200,10150,-2172,-1123
"5054",2020-06-19,78800,9850,-21355,1459
"5055",2020-06-22,79360,9920,-748,-1927
"5056",2020-06-23,79680,9960,-8,-508
"5057",2020-06-24,79440,9930,-3292,-203
"5058",2020-06-25,77280,9660,-3375,-2542
"5059",2020-06-26,75760,9470,-20110,12392
"5060",2020-06-29,75200,9400,-2678,-92
"5061",2020-06-30,76080,9510,-960,2311
"5062",2020-07-01,75600,9450,-7079,119
"5063",2020-07-02,76320,9540,-204,421
"5064",2020-07-03,75520,9440,-7656,99
"5065",2020-07-06,75120,9390,-6518,-118
"5066",2020-07-07,74720,9340,-26182,12065
"5067",2020-07-08,73840,9230,-7287,591
"5068",2020-07-09,74320,9290,-7204,4056
"5069",2020-07-10,74160,9270,-22553,18270
"5070",2020-07-13,74560,9320,-1389,61
"5071",2020-07-14,75280,9410,-6497,-348
"5072",2020-07-15,75760,9470,-4188,1004
"5073",2020-07-16,75440,9430,-6765,-1134
"5074",2020-07-17,75360,9420,0,-65
"5075",2020-07-20,75120,9390,-4002,166
"5076",2020-07-21,75120,9390,-3986,317
"5077",2020-07-22,75040,9380,-2409,-66
"5078",2020-07-23,74960,9370,-2075,-346
"5079",2020-07-24,74880,9360,-623,-158
"5080",2020-07-27,74880,9360,-1813,194
"5081",2020-07-28,74000,9250,-7242,-677
"5082",2020-07-29,72640,9080,-23402,11740
"5083",2020-07-30,71600,8950,-58111,32278
"5084",2020-07-31,69920,8740,-29197,-8137
"5085",2020-08-03,67840,8480,-23766,-199
"5086",2020-08-04,67200,8400,-42212,4459
"5087",2020-08-05,67600,8450,-8221,3028
"5088",2020-08-06,68240,8530,-30895,28053
"5089",2020-08-07,68000,8500,-3518,-1276
"5090",2020-08-10,66960,8370,-5792,611
"5091",2020-08-11,67280,8410,-1607,2717
"5092",2020-08-12,69280,8660,-8433,5159
"5093",2020-08-13,69680,8710,-9118,6502
"5094",2020-08-14,70560,8820,-6132,11115
"5095",2020-08-18,67440,8430,-2235,-7854
"5096",2020-08-19,67920,8490,-2648,15112
"5097",2020-08-20,66400,8300,-11261,-8162
"5098",2020-08-21,65760,8220,-2996,-2452
"5099",2020-08-24,65040,8130,-2283,-2278
"5100",2020-08-25,65440,8180,-2183,950
"5101",2020-08-26,65920,8240,-4523,-1935
"5102",2020-08-27,65840,8230,-1012,-3979
"5103",2020-08-28,68240,8530,13829,7304
"5104",2020-08-31,71760,8970,20378,122
"5105",2020-09-01,70560,8820,406,-502
"5106",2020-09-02,71120,8890,-1804,-535
"5107",2020-09-03,71200,8900,-5659,-933
"5108",2020-09-04,70560,8820,-2404,1038
"5109",2020-09-07,72480,9060,1858,11427
"5110",2020-09-08,74640,9330,-10585,-11044
"5111",2020-09-09,71840,8980,-22849,-2057
"5112",2020-09-10,70800,8850,-19705,755
"5113",2020-09-11,68240,8530,-33591,-1815
"5114",2020-09-14,69120,8640,-17520,14327
"5115",2020-09-15,69280,8660,-15832,2032
"5116",2020-09-16,68640,8580,-20733,4493
"5117",2020-09-17,68640,8580,-17083,-3609
"5118",2020-09-18,67600,8450,-21140,-1855
"5119",2020-09-21,65680,8210,-12334,-7400
"5120",2020-09-22,64960,8120,-4667,-6233
"5121",2020-09-23,64080,8010,-3979,-4500
"5122",2020-09-24,62560,7820,-4862,-5630
"5123",2020-09-25,62880,7860,-1227,-2948
"5124",2020-09-28,64000,8000,-786,235
"5125",2020-09-29,65600,8200,4322,410
